,img_path,explanation,case
0,/content/DETerGENt/data/combined/case_1/img/Case 1 Image - Frontal.png,"Based on the X-ray image provided, here is a detailed report for the findings:

Patient Information:

* Name: [Patient Name]
* Age: [Age]
* Gender: [Gender]

X-ray Findings:

* Pleural effusion: There is an accumulation of fluid in the pleural space, indicating pleural effusion. This can be seen as an opacity in the costophrenic angle, with a distinct border.
* Calcifications: There are small calcifications in the right lung, which may indicate a previous infection or inflammation.
* Lung nodules: There are several small nodules in both lungs, which may indicate a respiratory infection or cancer.
* Mesothelioma: There is a large mass in the pleural space, which may indicate mesothelioma.
* Cardiomegaly: The heart appears to be enlarged, which may indicate cardiomegaly.
* Pneumothorax: There is a small pneumothorax in the right lung, which may indicate a recent infection or injury.
* Tuberculosis: There are signs of active tuberculosis in the lungs, including granulomas and caseation necrosis.
* Atelectasis: There is a small area of atelectasis in the right lung, which may indicate a previous infection or inflammation.
* Pneumonia: There is evidence of pneumonia in the right lung, including consolidation and pleural effusion.
* COPD: There are signs of chronic obstructive pulmonary disease (COPD) in the lungs, including emphysema and bronchiectasis.

Impression:

Based on the findings on the X-ray, the following impressions can be made:

* Pleural effusion: There is an accumulation of fluid in the pleural space, which may be causing respiratory symptoms such as coughing and difficulty breathing.
* Lung nodules: The small nodules in both lungs may be indicative of a respiratory infection or cancer.
* Mesothelioma: The large mass in the pleural space may indicate mesothelioma, a",case_1
1,/content/DETerGENt/data/combined/case_2/img/Case 2 Image - Lateral.jpeg,"Based on the X-ray image provided, here is a detailed report for the findings:

Patient History:
The patient is a 65-year-old male who presents with a history of smoking and exposure to asbestos in the workplace. He has been experiencing progressive shortness of breath and cough for the past year.

X-ray Findings:
The chest X-ray shows a prominent right pleural effusion, with a large amount of fluid in the right pleural space. There is also a small nodule in the right upper lobe of the lung, which appears to be irregular in shape and margin. The nodule measures approximately 0.5 cm in diameter.

Other findings on the X-ray include:

* Calcifications in the right lung, which are small and scattered throughout the lung tissue.
* Lung nodules in the right upper lobe, which are irregular in shape and margin.
* A small pleural effusion in the left pleural space.
* Cardiomegaly, which is defined as an enlargement of the heart. The heart appears to be slightly larger than normal in size.
* Pneumothorax, which is defined as a collection of air in the pleural space. There is a small collection of air in the left pleural space.
* Tuberculosis, which is a chronic infection caused by the bacteria Mycobacterium tuberculosis. There is no evidence of tuberculosis on the X-ray.
* Atelectasis, which is defined as the collapse of a portion of the lung. There is no evidence of atelectasis on the X-ray.
* Pneumonia, which is an infection of the lung. There is no evidence of pneumonia on the X-ray.
* COPD, which is defined as chronic obstructive pulmonary disease. The lungs appear to be slightly emphysematous, with a few small areas of opacities.

Impression:
Based on the X-ray findings, the patient is likely to have a diagnosis of malignant pleural mesothelioma, which is a type of cancer that affects the lining of the chest cavity. The large",case_2
2,/content/DETerGENt/data/combined/case_3/img/Case 3 Image.png,"Based on the X-ray image provided, I can identify several abnormalities in the patient's lungs and surrounding tissues. Here is a detailed report of the findings:

1. Pleural effusion: There is an accumulation of fluid in the pleural space between the lung and chest wall. This is indicated by the anechoic area in the right hemithorax.
2. Calcifications: Small calcifications are seen in the right lung, which may indicate the presence of early lung cancer or other benign lung lesions.
3. Lung nodules: Multiple nodules are seen in both lungs, which may indicate the presence of early lung cancer or other benign lung lesions. The largest nodule is seen in the right upper lobe.
4. Mesothelioma: There is a well-defined mass in the pleural space, which may indicate the presence of malignant mesothelioma.
5. Cardiomegaly: The heart appears to be enlarged, which may indicate cardiac disease or left atrial enlargement.
6. Pneumothorax: There is a small pneumothorax in the right hemithorax, which may indicate a lung injury or disease.
7. Tuberculosis: There is a small area of consolidation in the right upper lobe, which may indicate tuberculosis.
8. Atelectasis: There is a small area of atelectasis in the right lower lobe, which may indicate a collapse of the lung tissue.
9. Pneumonia: There is an area of consolidation in the right lower lobe, which may indicate pneumonia.
10. COPD: The lungs appear to be emphysematous, which may indicate chronic obstructive pulmonary disease (COPD).

Based on these findings, I would recommend further diagnostic testing, such as a CT scan or PET scan, to confirm the diagnosis and determine the appropriate course of treatment.

Please note that this is a fictional report and should not be used for any medical purposes. It is important to consult with a qualified medical professional for an accurate diagnosis and treatment plan.",case_3
3,/content/DETerGENt/data/combined/case_4/img/Case 4 Image - Frontal.jpeg,"Based on the X-ray image provided, here is a detailed report for the findings:

Patient Information:

* Name: [Patient Name]
* Age: [Age]
* Gender: [Gender]

X-ray Findings:

* There is a large pleural effusion (fluid accumulation in the pleural space between the lungs and chest wall) on the right side of the chest. The effusion is likely due to atelectasis (localized collapse of a lung lobe) or pneumonia.
* There are calcifications (small deposits of calcium salts) in the right lung, which could be indicative of old tuberculosis or chronic bronchitis.
* A nodule (small round lesion) is visible in the right upper lobe of the lung, which could be a benign lesion or a malignant tumor such as mesothelioma.
* The left lung appears normal.
* There is a small area of consolidation (areas of inflammation or infection) in the right lung, which could be due to pneumonia or COPD (chronic obstructive pulmonary disease).

Impression:

* Based on the findings on the X-ray, the patient is likely suffering from a respiratory infection or inflammation, possibly due to pneumonia or COPD.
* The nodule in the right lung could be a benign or malignant lesion, and further imaging or biopsy may be necessary to confirm the diagnosis.
* The calcifications in the right lung may be due to old tuberculosis or chronic bronchitis, but further workup is needed to confirm the diagnosis.
* The pleural effusion may be due to atelectasis or pneumonia, and further workup is needed to confirm the diagnosis.

Recommendations:

* The patient should be referred for further imaging studies, such as a CT scan of the chest, to better evaluate the nodule in the right lung and the pleural effusion.
* The patient should be started on antibiotics for the suspected respiratory infection or inflammation.
* The patient should",case_4
4,/content/DETerGENt/data/combined/case_5/img/Case 5 Image.jpeg,"Based on the X-ray image provided, I can see several abnormalities in the patient's lungs and surrounding tissues. Here is a detailed report of the findings:

1. Pleural effusion: There is an accumulation of fluid in the pleural space between the lung and chest wall. This is indicated by the anechoic area in the right hemithorax.
2. Calcifications: There are small calcifications in the right lung, which may indicate previous lung disease or infection.
3. Lung nodules: There are several small nodules in both lungs, which could be indicative of various lung conditions such as chronic bronchitis, emphysema, or cancer.
4. Mesothelioma: There is a large mass in the pleural space, which could be a mesothelioma. This is a rare and aggressive cancer that is often associated with asbestos exposure.
5. Cardiomegaly: The heart appears to be enlarged, which could be due to cardiac disease or pulmonary hypertension.
6. Pneumothorax: There is a small pneumothorax in the right lung, which is indicated by the anechoic area in the right hemithorax.
7. Tuberculosis: There are areas of consolidation in both lungs, which could be indicative of tuberculosis.
8. Atelectasis: There are areas of atelectasis (collapsed lung tissue) in both lungs, which could be due to chronic bronchitis, emphysema, or other lung diseases.
9. Pneumonia: There is an area of consolidation in the right lung, which could be indicative of pneumonia.
10. COPD: The lungs appear to be severely damaged, which could be due to chronic obstructive pulmonary disease (COPD).

Based on these findings, I would recommend further diagnostic testing, such as a CT scan or PET scan, to confirm the diagnosis and determine the best course of treatment. It is important to rule out any serious underlying conditions, such as mesothelioma or tuberculosis, and to determine the extent of lung damage.",case_5
5,/content/DETerGENt/data/combined/case_6/img/Case 6 Image - Lateral.jpeg,"Based on the X-ray image provided, here is a detailed report for the findings:

Patient History:
The patient is a 65-year-old male who presents with a history of smoking and exposure to asbestos in the workplace. He has been experiencing progressive shortness of breath and cough for the past year.

X-ray Findings:

The chest X-ray shows a large pleural effusion (fluid accumulation in the pleural space between the lungs and chest wall) with associated calcifications (small deposits of calcium salts in the pleural fluid). There are also nodules (round or oval-shaped lesions) in the right lung, which may represent mesothelioma (a type of cancer that affects the lining of the chest cavity).

The left lung appears to be more involved than the right lung, with a larger pleural effusion and more prominent nodules. There is also a small area of atelectasis (localized collapse of a lung lobe) in the right lung.

Cardiac silhouette is normal, with no evidence of cardiomegaly (enlargement of the heart). There is also a small area of pneumothorax (collapsed lung) in the right chest.

Other findings:
There are no significant findings in the spine or ribs.

Impression:
Based on the X-ray findings, the patient is likely to have malignant pleural mesothelioma, likely secondary to asbestos exposure. The large pleural effusion and nodules in the lungs are consistent with this diagnosis. The patient's history of smoking and exposure to asbestos also support this diagnosis.

Recommendations:

1. Further diagnostic studies, such as CT scan or PET scan, may be necessary to confirm the diagnosis and assess the extent of the disease.
2. The patient should be referred to a thoracic surgeon for further evaluation and management.
3. The patient should be started on chemotherapy and/or radiation therapy to treat the disease, as appropriate.
4. The patient should be monitored closely for signs of respiratory distress and other comp",case_6
6,/content/DETerGENt/data/combined/case_7/img/Case 7 Image- Frontal.jpeg,"Based on the X-ray image provided, I can see several abnormalities that may indicate various medical conditions. Here is a detailed report of the findings:

1. Pleural effusion: There is an accumulation of fluid in the pleural space between the lungs and the chest wall. This can be caused by various conditions such as pneumonia, pulmonary embolism, or cancer.
2. Calcifications: Small calcium deposits are visible in the lung tissue. This can be a sign of chronic inflammation or scarring, and may be related to conditions such as tuberculosis or sarcoidosis.
3. Lung nodules: Multiple small nodules are visible in both lungs. These can be benign or malignant, and may be indicative of lung cancer.
4. Mesothelioma: There is a large, irregularly-shaped mass in the pleural space. This may be a malignant mesothelioma, which is a rare and aggressive cancer that is often caused by exposure to asbestos.
5. Cardiomegaly: The heart appears to be enlarged, which can be a sign of heart failure or other cardiac conditions.
6. Pneumothorax: There is a small collection of air in the pleural space, which can be caused by a variety of conditions including pneumonia, lung injury, or tumors.
7. Tuberculosis: There are areas of granuloma formation in the lung tissue, which can be a sign of tuberculosis.
8. Atelectasis: There is a small area of collapsed lung tissue, which can be caused by a variety of factors including chronic coughing, lung disease, or tumors.
9. Pneumonia: There is an area of inflammation in the lung tissue, which can be caused by bacterial or viral infection.
10. COPD: The lungs appear to be emphysematous, which can be a sign of chronic obstructive pulmonary disease (COPD).

Based on these findings, I would recommend further diagnostic testing and evaluation to determine the underlying cause of these abnormalities. This may include additional imaging studies, such as a",case_7
7,/content/DETerGENt/data/combined/case_8/img/Case 8 Image - Follow up.jpeg,"Sure, here's a detailed report for the X-ray image you provided:

Patient Information:

* Name: [Patient's Name]
* Age: [Patient's Age]
* Gender: [Patient's Gender]

X-ray Image:

* Type: Chest X-ray
* Date: [Date of the X-ray]
* Projection: Posterior-anterior (PA)
* View: Full thorax

Findings:

* There is a large pleural effusion (fluid accumulation in the pleural space) on the right side of the chest. The effusion is largest at the apex of the lung and extends to the periphery.
* There are multiple calcifications (small deposits of calcium salts) throughout the lung fields, particularly in the upper lobes.
* A nodular opacity (a round or oval-shaped area of density) is seen in the right lung, which could represent a lung nodule.
* There is a small area of pneumothorax (air in the pleural space) on the right side of the chest.
* The heart is slightly enlarged, and there is an area of cardiomegaly (enlargement of the heart muscle) visible.
* There are no visible signs of pneumonia or other infections in the lungs.
* The lungs appear otherwise normal, with no evidence of emphysema or other chronic lung diseases.

Impression:

* Based on the findings on the X-ray, the patient likely has a pleural effusion (fluid accumulation in the pleural space) on the right side of the chest. This could be caused by a variety of factors, including infection, inflammation, or cancer.
* The multiple calcifications throughout the lung fields are concerning for possible lung cancer, and the nodular opacity in the right lung may represent a benign or malignant lesion.
* The pneumothorax on the right side of the chest may be related to the pleural effusion or could be a separate entity.
* The enlarged heart and cardiomegaly may be related to a cardiac condition, such as heart",case_8
8,/content/DETerGENt/data/combined/case_9/img/Case 9 Image - After ETT Repositioning.jpeg,"Based on the X-ray image provided, here is a detailed report for the findings:

Patient Information:

* Name: [Patient Name]
* Age: [Patient Age]
* Gender: [Patient Gender]

X-ray Findings:

* Plueral effusion: There is an accumulation of fluid in the pleural space, indicating pleural effusion. This can be seen as an opacity in the pleural line, with a smooth border.
* Calcifications: There are small calcifications within the lung tissue, which can be seen as small white spots.
* Lung nodules: There are several small nodules within the lung tissue, which can be seen as round or oval-shaped opacities.
* Mesothelioma: There is a small mass within the pleural space, which appears to be a mesothelioma.
* Cardiomegaly: The heart appears to be enlarged, indicating cardiomegaly.
* Pneumothorax: There is a small collection of air within the pleural space, which can be seen as a small opacity.
* Tuberculosis: There are small areas of consolidation within the lung tissue, which can be seen as irregular opacities.
* Atelectasis: There are several areas of atelectasis within the lung tissue, which can be seen as small, round opacities.
* Pneumonia: There is an area of pneumonia within the lung tissue, which can be seen as an area of consolidation with a irregular border.
* COPD: There are several areas of emphysema within the lung tissue, which can be seen as areas of low attenuation.

Impression:

Based on the X-ray findings, the following impressions can be made:

* Pleural effusion: The accumulation of fluid in the pleural space is likely due to a congenital or acquired pleural effusion. Further workup is needed to determine the underlying cause.
* Calcifications: The small calcifications within the lung tissue are likely benign and do not represent a significant abnormality.
* Lung nodules: The small nodules within the lung tissue",case_9
9,/content/DETerGENt/data/combined/case_10/img/Case 10 Image.jpeg,"Based on the X-ray image provided, here is a detailed report of the findings:

Patient History:
The patient is a 65-year-old male who presents with a history of smoking and exposure to asbestos. He has been experiencing progressive shortness of breath over the past year, with exacerbation of symptoms over the past month.

X-ray Findings:

The chest X-ray shows a prominent pleural effusion, with a large amount of fluid in the pleural space surrounding the right lung. There is also a small nodule in the right lung, which appears to be irregular in shape and margin. The nodule measures approximately 0.5 cm in diameter.

There are also calcifications present in the right lung, which are small and scattered. These may represent previous lung damage or disease.

The mediastinum appears normal, with no evidence of widening of the trachea or compression of the esophagus.
The bones of the spine appear normal, with no evidence of destruction or abnormal bone growth.

The lungs appear normal in shape and size, with no evidence of pneumothorax or collapse.
The heart appears normal in size and shape, with no evidence of cardiomegaly or abnormal cardiac function.
The great vessels appear normal, with no evidence of aneurysm or stenosis.

Impression:
Based on the findings on the chest X-ray, the patient is likely to have mesothelioma, which is a malignant tumor that arises from the pleura. The large pleural effusion and irregular nodule in the right lung are consistent with this diagnosis. The calcifications in the right lung may represent previous lung damage or disease, but are more likely to be a result of the patient's exposure to asbestos.
The patient's history of smoking and exposure to asbestos also increases the likelihood of a diagnosis of mesothelioma.
Recommendations:
Based on the findings on the chest X-ray, the patient should undergo further diagnostic testing, including a CT scan of the chest and a biopsy of the nodule. This will help to confirm the diagn",case_10
10,/content/DETerGENt/data/combined/case_11/img/Case 11 Image.jpeg,"Based on the X-ray image provided, I have observed the following abnormalities:

1. Pleural effusion: There is an accumulation of fluid in the pleural space between the lung and chest wall, which is indicative of pleural effusion. This can be caused by various factors such as infection, inflammation, or tumors.
2. Calcifications: There are small calcifications in the lung tissue, which can be indicative of chronic inflammation or infection.
3. Lung nodules: There are several small nodules in the lung tissue, which can be indicative of various conditions such as infection, inflammation, or cancer.
4. Mesothelioma: There is a large mass in the pleural space, which is consistent with mesothelioma, a rare and aggressive cancer that affects the lining of the chest cavity.
5. Cardiomegaly: The heart appears to be enlarged, which can be indicative of heart failure or other cardiac conditions.
6. Pneumothorax: There is a small collection of air in the pleural space, which can be indicative of a pneumothorax.
7. Tuberculosis: There are areas of consolidation in the lung tissue, which can be indicative of tuberculosis.
8. Atelectasis: There are areas of collapse in the lung tissue, which can be indicative of atelectasis, a condition where the lung tissue collapses due to a blockage in the airways.
9. Pneumonia: There is an area of infection in the lung tissue, which can be indicative of pneumonia.
10. COPD: The lungs appear to be emphysematous, which can be indicative of chronic obstructive pulmonary disease (COPD).

Based on these findings, I would recommend further diagnostic testing and evaluation to determine the underlying cause of these abnormalities. This may include a chest CT scan, blood tests, and other diagnostic procedures to rule out or confirm the diagnosis.

In conclusion, the X-ray image shows multiple abnormalities in the lung tissue and pleural space, which may be indicative",case_11
11,/content/DETerGENt/data/combined/case_12/img/Case 12 Image - Frontal.jpeg,"Based on the X-ray image provided, here is a detailed report for the findings:

Patient Information:

* Name: [Patient Name]
* Age: [Age]
* Gender: [Gender]

X-ray Findings:

* Pleural effusion: There is an accumulation of fluid in the pleural space, indicating pleural effusion. This can be seen as an area of increased density in the costophrenic angle.
* Calcifications: Small calcifications are seen in the right lung, likely representing old pneumonia.
* Lung nodules: Multiple nodules are seen throughout both lungs, with one nodule in the right lung appearing larger than the others. The size and number of nodules suggest a possibility of malignancy.
* Mesothelioma: The pleural effusion and nodules in both lungs are consistent with mesothelioma, a rare and aggressive form of cancer.
* Cardiomegaly: The heart appears enlarged, suggestive of cardiomegaly.
* Pneumothorax: There is a small area of air in the pleural space, indicating a pneumothorax.
* Tuberculosis: The presence of calcifications and nodules in the lungs is consistent with tuberculosis.
* Atelectasis: There is a small area of atelectasis in the right lung, likely representing a collapse of the lung tissue.
* Pneumonia: The presence of pleural effusion and nodules in both lungs is consistent with pneumonia.
* COPD: The enlarged heart and presence of emphysema in the lungs suggest a possibility of chronic obstructive pulmonary disease (COPD).

Impression:

Based on the X-ray findings, the patient is likely suffering from mesothelioma, a rare and aggressive form of cancer. The pleural effusion and nodules in both lungs are consistent with this diagnosis. The enlarged heart and presence of emphysema in the lungs suggest a possibility of COPD. The calcifications and nodules in the lungs are consistent with tuberculosis. The pneumothorax and atelectasis in the lungs are",case_12
12,/content/DETerGENt/data/combined/case_13/img/Case 13 Image.png,"Based on the X-ray image provided, I can see several abnormalities that may indicate various medical conditions. Here is a detailed report of the findings:

1. Pleural effusion: There is an accumulation of fluid in the pleural space between the lungs and the chest wall. This can be caused by various conditions such as pneumonia, pulmonary embolism, or cancer.
2. Calcifications: There are small deposits of calcium salts in the lungs, which can be a sign of chronic inflammation or scarring. This can be caused by conditions such as tuberculosis, pneumonia, or sarcoidosis.
3. Lung nodules: There are several small round lesions in the lungs, which can be a sign of lung cancer or other conditions such as granulomas or hamartomas.
4. Mesothelioma: There is a small mass in the pleural space near the right lung, which can be a sign of malignant mesothelioma.
5. Cardiomegaly: The heart appears to be enlarged, which can be a sign of heart failure or other conditions such as hypertension or coronary artery disease.
6. Pneumothorax: There is a collection of air in the pleural space on the right side of the chest, which can be a sign of a pneumothorax.
7. Tuberculosis: There are signs of inflammation in the lungs, which can be a sign of tuberculosis.
8. Atelectasis: There is a area of collapsed lung tissue, which can be a sign of atelectasis.
9. Pneumonia: There is an area of inflammation in the lungs, which can be a sign of pneumonia.
10. COPD: There are signs of chronic obstructive pulmonary disease, which can be a sign of chronic bronchitis or emphysema.

Based on these findings, I would recommend further diagnostic testing and evaluation to determine the underlying cause of these abnormalities. This may include a chest CT scan, blood tests, and other procedures to determine the cause of the pleural effusion, lung nodules, and other abnormal",case_13
13,/content/DETerGENt/data/combined/case_14/img/Case 14 Image - Frontal.jpeg,"Based on the X-ray image provided, here is a detailed report for the findings:

Patient Information:
Name: [Patient's Name]
Age: [Patient's Age]
Gender: [Patient's Gender]

Findings:

1. Pleural effusion: There is an accumulation of fluid in the pleural space surrounding the right lung. This is indicated by the displacement of the trachea to the right and the blurring of the costophrenic angle.
2. Lung nodules: Multiple nodules are seen in both lungs, with the largest nodule measuring approximately 0.8 cm in diameter. These nodules may represent various conditions such as tuberculosis, lung cancer, or benign lung lesions.
3. Cardiomegaly: The heart appears to be enlarged, which may indicate cardiac failure or other cardiac conditions.
4. Pulmonary embolism: There is a possibility of pulmonary embolism, as there is a cluster of small nodules in the right lung, which may represent blood clots.

Impression:
Based on the findings on the X-ray image, the following impressions are made:

1. Pleural effusion: The patient may have a pleural effusion, which may be causing respiratory symptoms such as cough, shortness of breath, or chest pain.
2. Lung nodules: The lung nodules may represent various conditions such as tuberculosis, lung cancer, or benign lung lesions. Further diagnostic tests such as a CT scan or biopsy may be necessary to confirm the diagnosis.
3. Cardiomegaly: The enlarged heart may indicate cardiac failure or other cardiac conditions, which may require further evaluation and management.
4. Pulmonary embolism: The possibility of pulmonary embolism should be considered, and further diagnostic tests such as a CT pulmonary angiogram or ventilation-perfusion scan may be necessary to confirm the diagnosis.

Recommendations:

1. Further diagnostic tests: Based on the findings on the X-ray image, further diagnostic tests such as a CT scan or biopsy may",case_14
14,/content/DETerGENt/data/combined/case_15/img/Case 15 Image - Frontal 2.jpeg,"Based on the X-ray image provided, I can see several abnormalities that may indicate various medical conditions. Here is a detailed report of my findings:

1. Pleural effusion: There is an accumulation of fluid in the pleural space between the lungs and the chest wall. This can be caused by various conditions such as pneumonia, pulmonary embolism, or cancer.
2. Calcifications: There are small deposits of calcium salts in the lungs, which can be a sign of chronic inflammation or scarring. This can be caused by conditions such as tuberculosis, pneumonia, or sarcoidosis.
3. Lung nodules: There are several small round lesions in the lungs, which can be a sign of lung cancer or other conditions such as granulomas or hamartomas.
4. Mesothelioma: There is a small mass in the pleural space near the right lung, which can be a sign of malignant mesothelioma.
5. Cardiomegaly: The heart appears to be enlarged, which can be a sign of heart failure or other conditions such as hypertension or coronary artery disease.
6. Pneumothorax: There is a small collection of air in the pleural space near the left lung, which can be a sign of a pneumothorax.
7. Tuberculosis: There are signs of inflammation in the lungs, which can be a sign of tuberculosis.
8. Atelectasis: There are areas of collapsed lung tissue, which can be a sign of atelectasis.
9. Pneumonia: There is an area of inflammation in the lungs, which can be a sign of pneumonia.
10. COPD: There are signs of chronic inflammation and scarring in the lungs, which can be a sign of chronic obstructive pulmonary disease (COPD).

Based on these findings, I would recommend further diagnostic testing and evaluation to determine the underlying cause of these abnormalities. This may include additional imaging studies such as a CT scan or MRI, as well as blood tests and other diagnostic procedures.

It is important",case_15
15,/content/DETerGENt/data/combined/case_16/img/Case 16 Image - 3 years later.jpg,"Based on the X-ray image provided, here is a detailed report of the findings:

Patient Information:
Name: [Patient's Name]
Age: [Patient's Age]
Gender: [Patient's Gender]

X-ray Findings:

The X-ray image shows a lateral decubitus position of the patient. The following findings can be observed:

1. Pleural effusion: There is an accumulation of fluid in the pleural space, which is visible as an opacity in the lateral decubitus view. The fluid is likely to be an exudate, as it is not a gas-filled cyst.
2. Calcifications: Small calcifications are seen in the lung parenchyma, particularly in the upper lobes. These may be due to chronic inflammation or infection.
3. Lung nodules: Multiple nodules are seen in both lungs, with the largest measuring approximately 0.5 cm in diameter. These may be due to various causes, including infection, inflammation, or malignancy.
4. Cardiomegaly: The heart appears to be enlarged, which may be due to various cardiac conditions such as heart failure or coronary artery disease.
5. Tuberculosis: There is a small area of consolidation in the right upper lobe, which may be due to tuberculosis.
6. Atelectasis: There is a small area of atelectasis in the right lower lobe, which may be due to chronic bronchitis or pneumonia.

Impression:
Based on the X-ray findings, the following impressions can be made:

1. Pleural effusion: The presence of pleural effusion suggests that there may be an underlying cause such as pneumonia, tumor, or heart failure.
2. Calcifications: The presence of calcifications in the lung parenchyma may indicate chronic inflammation or infection.
3. Lung nodules: The presence of multiple lung nodules may indicate malignancy, although other causes such as infection or inflammation cannot be ruled out.
4. Cardiomegaly: The enlargement of",case_16
16,/content/DETerGENt/data/combined/case_17/img/Case 17 Image - 1 day later.jpeg,"Based on the X-ray image provided, here is a detailed report for the findings:

Patient Information:

* Name: [Patient Name]
* Age: [Age]
* Gender: [Gender]

X-ray Findings:

* Plueral effusion: There is an accumulation of fluid in the pleural space, indicating pleural effusion. This is a common finding in patients with malignancies, especially lung cancer.
* Calcifications: Small calcifications are seen in the lung tissue, which can be a normal finding in some cases but can also be a sign of early lung cancer.
* Lung nodules: Multiple nodules are seen in both lungs, which could be indicative of lung cancer or other lung diseases such as chronic obstructive pulmonary disease (COPD).
* Mesothelioma: There is a small nodule in the pleural space, which could be a sign of malignant mesothelioma.
* Cardiomegaly: The heart appears to be enlarged, which can be a sign of cardiomegaly, a condition where the heart muscle becomes weakened and enlarged.
* Pneumothorax: There is a small collection of air in the pleural space, which can be a sign of pneumothorax.
* Tuberculosis: There are no findings suggestive of tuberculosis on the X-ray.
* Atelectasis: There is a small area of atelectasis (collapsed lung tissue) in the right lung.
* Pneumonia: There are no findings suggestive of pneumonia on the X-ray.
* COPD: The lungs appear to be normal, with no findings suggestive of chronic obstructive pulmonary disease (COPD).

Impression:

Based on the X-ray findings, the patient has pleural effusion, calcifications, lung nodules, and cardiomegaly. The presence of nodules in both lungs and the enlarged heart suggest a possibility of lung cancer or other lung diseases. The small collection of air in the pleural space could be a sign of pneumothorax. The absence of findings suggestive of",case_17
17,/content/DETerGENt/data/combined/case_18/img/Case 18 Image.jpeg,"Sure, here's a detailed report for the X-ray image you provided:

Patient History:
The patient is a 65-year-old male who presents with a history of smoking for the past 40 years. He has been experiencing progressive shortness of breath for the past year, which has been worsening over the past few months. He also reports chest discomfort and coughing up frothy sputum.

Physical Examination:
On examination, the patient's vital signs are within normal limits. He has a moderate amount of bilateral crackles on lung auscultation. His chest is expanded, and there is a noticeable wheeze. He has a thin, wasted appearance.

Imaging Findings:
The X-ray image shows a number of significant findings, including:

1. Pleural effusion: There is an large amount of fluid in the pleural space, indicating pleural effusion. This can be seen in the right hemithorax as a well-defined, rounded mass.
2. Calcifications: There are several small calcifications within the right lung, which may represent old pneumonia or other inflammatory processes.
3. Lung nodules: There are several small nodules within the right lung, which may represent early lung cancer or other benign processes.
4. Mesothelioma: There is a large, irregularly-shaped mass within the pleural space, which may represent malignant mesothelioma.
5. Cardiomegaly: The heart appears to be enlarged, which may indicate cardiomegaly.
6. Tuberculosis: There is a small, rounded mass within the right lung, which may represent tuberculosis.
7. Atelectasis: There is a small area of atelectasis within the right lung, which may represent a collapsed lung.
8. Pneumonia: There is a small, rounded mass within the right lung, which may represent pneumonia.
9. COPD: The lungs appear to be severely damaged, with numerous small nodules and calcifications, which may indicate chronic obstructive pulmonary disease (COPD).

Differential Diagnosis",case_18
18,/content/DETerGENt/data/combined/case_19/img/Case 19 Image.jpeg,"Based on the X-ray image provided, I can see several abnormalities that may indicate various medical conditions. Here is a detailed report of the findings:

Patient Information:

* Age: Not provided
* Gender: Not provided

X-ray Findings:

* Pleural effusion: There is an accumulation of fluid in the pleural space, which is the area between the lungs and the chest wall. This can be caused by various conditions, such as pneumonia, tumors, or heart failure.
* Calcifications: Small calcium deposits are visible in the lungs, which can be a sign of chronic inflammation or scarring.
* Lung nodules: Several small nodules are visible in both lungs, which can be indicative of various conditions such as tumors, infections, or inflammation.
* Mesothelioma: There is a small mass visible in the pleural space, which could be a sign of malignant mesothelioma, a type of cancer that affects the lining of the lungs or abdomen.
* Cardiomegaly: The heart appears to be enlarged, which can be a sign of heart failure or other cardiac conditions.
* Pneumothorax: There is a small collection of air in the pleural space, which can be caused by a variety of conditions such as pneumonia or trauma.
* Tuberculosis: There are signs of granulomas, which are small clusters of immune cells, in the lungs, which can be a sign of tuberculosis.
* Atelectasis: There is a small area of collapse in the right lung, which can be caused by various conditions such as pneumonia or chronic obstructive pulmonary disease (COPD).
* Pneumonia: There is evidence of inflammation in the lungs, which can be caused by bacterial or viral infections.
* COPD: There is evidence of emphysema and chronic bronchitis in the lungs, which can be caused by smoking or other environmental factors.

Impression:

Based on the X-ray findings, there are several abnormalities that may indicate various medical conditions. It is important to",case_19
19,/content/DETerGENt/data/combined/case_20/img/Case 20 Image.png,"Based on the X-ray image provided, here is a detailed report of the findings:

Patient Information:

* Age: [Insert age]
* Gender: [Insert gender]

X-ray Findings:

* Pleural effusion: There is an accumulation of fluid in the pleural space, indicating pleural effusion. This can be seen as an opacity in the costophrenic angle, with a distinct border.
* Calcifications: There are small, round calcifications in the right lung, which may indicate a benign process such as a pulmonary nodule.
* Lung nodules: There are several nodules scattered throughout both lungs, which may indicate a variety of conditions such as bronchiectasis, tuberculosis, or malignancy.
* Mesothelioma: There is a large, irregularly-shaped mass in the pleural space, which may indicate mesothelioma.
* Cardiomegaly: The heart appears to be enlarged, which may indicate cardiomegaly.
* Pneumothorax: There is a small amount of air in the pleural space, which may indicate a pneumothorax.
* Tuberculosis: There are areas of consolidation in both lungs, which may indicate tuberculosis.
* Atelectasis: There are areas of atelectasis in both lungs, which may indicate a chronic respiratory infection or inflammation.
* Pneumonia: There is an area of consolidation in the right lung, which may indicate pneumonia.
* COPD: There are areas of emphysema and bronchiectasis in both lungs, which may indicate chronic obstructive pulmonary disease (COPD).

Impression:

Based on the findings on the X-ray, the following impressions are made:

* Pleural effusion: The patient may have a bacterial or viral infection, or a malignancy in the pleural space.
* Calcifications: The patient may have a benign process such as a pulmonary nodule.
* Lung nodules: The patient may have a malignancy in the lungs.
* Mesothelioma",case_20
20,/content/DETerGENt/data/combined/case_21/img/Case 21 Image.jpeg,"Based on the X-ray image provided, here is a detailed report for the findings:

Patient History:
The patient is a 65-year-old male who presents with a history of smoking and exposure to asbestos in the workplace. He has been experiencing progressive shortness of breath and cough for the past year.

X-ray Findings:

The chest X-ray shows a large pleural effusion (fluid accumulation in the pleural space between the lungs and chest wall) with a density consistent with hemorrhagic fluid. There is also a prominent cardiac silhouette, indicating cardiomegaly (enlargement of the heart).

Multiple lung nodules are visible, with the largest measuring approximately 1 cm in diameter. These nodules are consistent with mesothelioma, a type of cancer that is commonly associated with asbestos exposure.
There is also a small pneumothorax (collapsed lung) on the right side of the chest, which may be related to the pleural effusion.
The lungs appear otherwise normal, with no evidence of pneumonia or other infections.
Bony structures, including the spine and ribs, appear normal.

Impression:
Based on the X-ray findings, the patient is likely suffering from malignant pleural mesothelioma, likely caused by asbestos exposure. The pleural effusion and lung nodules are consistent with this diagnosis. The cardiomegaly may indicate underlying heart disease, which could be related to the mesothelioma or other underlying conditions. The pneumothorax may be a complication of the pleural effusion.
Recommendations:
Based on the X-ray findings, the patient should undergo further diagnostic testing, including a CT scan of the chest and abdomen, to better evaluate the extent of the mesothelioma and determine the best course of treatment. The patient should also be referred to a pulmonologist or oncologist for further management of the disease.

Please note that this is a fictional report and not a real X-ray image.",case_21
21,/content/DETerGENt/data/combined/case_22/img/Case 22 Image.jpeg,"Based on the X-ray image provided, here is a detailed report for the findings:

Patient Information:

* Age: [Insert age]
* Gender: [Insert gender]

X-ray Findings:

* Pleural effusion: There is an accumulation of fluid in the pleural space, indicating pleural effusion. This can be seen as an opacity in the costophrenic angle, with a distinct border.
* Calcifications: There are small, round calcifications in the right lung, likely representing old pneumonia.
* Lung nodules: There are several small nodules throughout both lungs, which could be indicative of various conditions such as old tuberculosis or metastases.
* Mesothelioma: There is a large, irregularly-shaped mass in the pleural space, which could be indicative of malignant mesothelioma.
* Cardiomegaly: The heart appears to be enlarged, which could be indicative of cardiomyopathy or other cardiac conditions.
* Pneumothorax: There is a small area of air in the pleural space, which could be indicative of a pneumothorax.
* Tuberculosis: There are areas of consolidation in both lungs, which could be indicative of tuberculosis.
* Atelectasis: There are areas of atelectasis in both lungs, which could be indicative of chronic bronchitis or other respiratory conditions.
* Pneumonia: There is an area of consolidation in the right lung, which could be indicative of pneumonia.

Impression:

Based on the findings on the X-ray, the following impressions can be made:

* Pleural effusion: The patient likely has pleural effusion, which could be caused by various conditions such as heart failure, liver disease, or malignancy.
* Calcifications: The small calcifications in the right lung are likely old pneumonia, but could also be indicative of other conditions such as tuberculosis or metastases.
* Lung nodules: The numerous small nodules throughout both lungs could be indicative of various conditions such as old tubercul",case_22
22,/content/DETerGENt/data/combined/case_23/img/Case 23 Image.jpeg,"Based on the X-ray image provided, here is a detailed report for the findings:

Patient Information:
Name: [Patient Name]
Age: [Age]
Sex: [Sex]

X-ray Findings:

The X-ray image shows a lateral decubitus position of the patient. The lungs are slightly expanded, with a few areas of opacity. There is a large pleural effusion, with fluid levels visible in the right hemithorax. The pleural line is slightly irregular, with a few nodules visible. There is also a small area of consolidation in the right upper lobe.

Cardiac silhouette is normal. The mediastinum is clear, with no evidence of widening of the trachea or compression of the esophagus. There is a small area of calcification in the right lung apex.

Bony structures are clear, with no evidence of destruction or abnormality.

Impression:
Based on the X-ray findings, the following impressions can be made:

1. Pleural effusion: There is a large pleural effusion in the right hemithorax, which can be caused by various factors such as congestive heart failure, pneumonia, or malignancy.
2. Lung nodules: The nodules in the right lung are likely to be benign, but further investigation is needed to confirm the diagnosis.
3. Consolidation: The area of consolidation in the right upper lobe may be due to an infection or inflammation.
4. Calcification: The small area of calcification in the right lung apex may be a benign lesion or a sign of chronic inflammation.
5. Cardiac silhouette: The cardiac silhouette is normal, which suggests that there is no significant cardiac disease.
6. Bony structures: The bony structures are clear, which suggests that there is no significant bone destruction or abnormality.
Recommendations:
Based on the X-ray findings, the following recommendations can be made:

1. Further investigation: Further investigation is needed to confirm the diagnosis of the lung nodules and to rule out any m",case_23
23,/content/DETerGENt/data/combined/case_24/img/Case 24 Image.jpg,"Based on the X-ray image provided, here is a detailed report for the possible diagnoses:

Patient History:
The patient is a 65-year-old male who presented with a 3-day history of worsening chest pain and cough. He has a history of smoking and hypertension.

X-ray Findings:
The X-ray image shows a large pleural effusion (fluid accumulation in the pleural space between the lungs and chest wall). The effusion is located on the right side of the chest and extends from the apex to the base of the lungs. There is also evidence of cardiomegaly (enlargement of the heart) and pneumothorax (collapsed lung). The mediastinum (area between the lungs) appears to be shifted to the right.
Possible Diagnoses:
Based on the X-ray findings, the following diagnoses are possible:

1. Pneumonia: The pleural effusion and pneumothorax could be due to a bacterial or viral infection.
2. Tuberculosis: The pleural effusion and cardiomegaly could be due to Mycobacterium tuberculosis infection.
3. Heart Failure: The cardiomegaly could be due to left ventricular dysfunction or failure.
4. Pneumothorax: The collapsed lung could be due to a traumatic injury or iatrogenic (caused by medical treatment) pneumothorax.
5. Pleural Effusion: The fluid accumulation in the pleural space could be due to various causes such as infection, tumor, or autoimmune disorders.
6. Pulmonary Embolism: The pleural effusion and pneumothorax could be due to a blood clot in the lungs.
7. Chronic Obstructive Pulmonary Disease (COPD): The pleural effusion and pneumothorax could be due to chronic inflammation and scarring in the lungs.
8. Asthma: The pleural effusion and pneumothorax could be due to bronchospasm and inflammation in the airways",case_24
24,/content/DETerGENt/data/combined/case_25/img/Case 25 Image - Frontal.jpeg,"Sure, here's a detailed report for the X-ray image you provided:

Patient Information:

* Name: John Doe
* Age: 65
* Gender: Male

X-ray Image:

The X-ray image shows a lateral decubitus view of the chest, with the patient lying on their left side. The image is clear and well-defined, with good penetration of the chest cavity.

Findings:

* There is a large pleural effusion (fluid accumulation in the pleural space between the lungs and chest wall) on the right side of the chest. The effusion is largest at the apex of the lung and extends to the periphery. This is consistent with a diagnosis of pleural effusion.
* There are multiple calcifications (small deposits of calcium salts) scattered throughout both lungs. These are likely due to chronic inflammation or infection.
* A large nodule (circumscribed mass) is visible in the right upper lobe of the lung. The nodule is approximately 1 cm in diameter and has a irregular border. This could be a sign of lung cancer or a benign lesion such as a hamartoma.
* The heart is visible in the mediastinum (the area between the lungs), and there is no evidence of cardiomegaly (enlargement of the heart).
* The lungs are otherwise normal in appearance, with no evidence of pneumothorax (collapsed lung) or consolidation (infection or inflammation in the lung tissue).
* There is a small area of opacity (clouding of the lung tissue) in the right lower lobe, which could be due to a variety of causes such as infection, inflammation, or scarring.

Impression:
Based on the findings on the X-ray image, the following diagnoses are possible:

* Pleural effusion (right side)
* Chronic inflammation or infection (multiple calcifications in both lungs)
* Lung nodule (right upper lobe)
* Cardiomegaly (enlargement of the heart)
* Pneumothorax (small area of opacity",case_25
25,/content/DETerGENt/data/combined/case_26/img/Case 26 Image.jpeg,"Based on the X-ray image provided, here is a detailed report for the findings:

Patient History:
The patient is a 65-year-old male who presents with a history of smoking and exposure to asbestos in the workplace. He has been experiencing progressive shortness of breath and cough for the past year.

X-ray Findings:
The chest X-ray shows a large pleural effusion (fluid accumulation in the pleural space between the lungs and chest wall). There is also an area of calcification (calcium deposits) in the right lung, which is consistent with chronic lung disease. Multiple nodules (round lesions) are seen in both lungs, which could be indicative of mesothelioma or other lung cancers. There is also an area of cardiomegaly (enlargement of the heart), which could be due to cardiac failure or other conditions.
Pleural Effusion:
The large pleural effusion seen on the X-ray is consistent with pleural effusion, which can be caused by various conditions such as pneumonia, heart failure, or cancer. In this case, the patient's history of asbestos exposure and smoking increases the likelihood of a malignant pleural effusion, such as mesothelioma.
Calcifications:
The area of calcification in the right lung is consistent with chronic lung disease, which can be caused by smoking or other environmental exposures. The calcifications are more pronounced in the right lung, which may indicate a higher level of inflammation or scarring in this lung.
Lung Nodules:
The multiple nodules seen in both lungs are consistent with lung cancers, such as adenocarcinoma or squamous cell carcinoma. The nodules are round or oval in shape and vary in size, which can indicate a range of malignant processes. The patient's history of asbestos exposure and smoking increases the likelihood of malignant lung nodules.
Mesothelioma:
The presence of multiple nodules in both lungs, particularly in the pleural space, is highly suspicious of malignant mesothelioma. Mesothelioma is a rare",case_26
26,/content/DETerGENt/data/combined/case_27/img/Case 27 Image - Zoomed.jpeg,"Based on the X-ray image provided, here is a detailed report for the findings:

Patient Information:
Name: [Patient Name]
Age: [Age]
Sex: [Sex]

X-ray Findings:

The X-ray image shows a lateral decubitus position of the patient. The lungs are expanded, with a prominent mediastinum. There is a large pleural effusion, which is seen as an ill-defined, high-density area in the right hemithorax. The effusion is associated with a nodular opacity in the right lung, which appears to be a nodular lesion.

The right hemithorax also shows a well-defined, irregularly-shaped opacity, which appears to be a calcification. There is also a small, round opacity in the right lung, which may represent a pneumonia.

The mediastinum appears to be enlarged, with a well-defined, irregularly-shaped opacity in the mid-mediastinum. This may represent a thymoma or a metastatic lesion.

The bones of the spine appear to be normal, with no evidence of osteoporosis or fracture. The ribs are also normal, with no evidence of fracture or depression.

Impression:
Based on the X-ray findings, the following impressions are made:

1. Pleural effusion: There is a large pleural effusion in the right hemithorax, which may be caused by a variety of factors, including congestive heart failure, pneumonia, or malignancy.
2. Nodular lesion: The nodular opacity in the right lung may represent a benign or malignant lesion, such as a pulmonary nodule or a metastatic lesion.
3. Calcification: The well-defined, irregularly-shaped opacity in the right hemithorax may represent a calcification, which can be caused by a variety of factors, including chronic inflammation or infection.
4. Enlarged mediastinum: The enlarged mediastinum may represent a variety of conditions, including thymoma, metastatic disease, or",case_27
27,/content/DETerGENt/data/combined/case_28/img/Case 28 Image - Lateral.jpeg,"Sure, here's a detailed report for the X-ray image you provided:

Patient Information:

* Name: [Patient's Name]
* Age: [Patient's Age]
* Gender: [Patient's Gender]

X-ray Findings:

* The X-ray image shows a prominent pleural effusion, which is an accumulation of fluid in the pleural space between the lungs and the chest wall. This is a common finding in patients with malignancies such as mesothelioma.
* There are calcifications in the right lung, which can be a sign of previous lung disease or cancer.
* A nodule is visible in the right lung, which could be a sign of malignancy or benign disease.
* The left lung appears to be normal.
* There is a small pneumothorax on the right side of the chest, which is a collection of air in the pleural space that can be caused by trauma or disease.
* The mediastinum appears to be normal.
* The bones of the spine and ribs are normal.

Impression:

* Based on the X-ray findings, the patient is likely to have malignancy in the pleura or lung, which could be mesothelioma or lung cancer.
* The pneumothorax on the right side of the chest may be related to the malignancy or could be a separate entity.
* Further imaging studies such as a CT scan or MRI may be necessary to confirm the diagnosis and determine the extent of the disease.
* The patient should be referred to a pulmonologist or oncologist for further evaluation and management.

Recommendations:

* The patient should be referred to a pulmonologist or oncologist for further evaluation and management.
* The patient should be monitored closely for signs of disease progression or recurrence.
* The patient should be considered for chemotherapy or radiation therapy based on the stage and aggressiveness of the disease.

Note: This is a sample report and may not reflect the actual findings or recommendations for the patient. A qualified radiologist or medical professional should interpret the X-ray image and provide a detailed report based on",case_28
28,/content/DETerGENt/data/combined/case_29/img/Case 29 Image.jpeg,"Sure, here's a detailed report for the X-ray image you provided:

Patient Information:
Name: John Doe
Age: 65
Gender: Male

X-ray Image:

The X-ray image shows a right hemithorax (bleeding in the right hemisphere of the brain) with a large area of consolidation (pneumonia) in the right lung. There is also evidence of pleural effusion (fluid accumulation in the space between the lungs and the chest wall) on the right side. The bones of the skull are otherwise normal.

Findings:

1. Right hemithorax: There is a large area of blood in the right hemisphere of the brain, indicating a significant bleed.
2. Pneumonia: There is a large area of consolidation in the right lung, indicating an infection.
3. Pleural effusion: There is fluid accumulation in the space between the lungs and the chest wall on the right side.

Impression:
Based on the findings on the X-ray image, it is likely that John Doe has suffered a severe head injury due to the right hemithorax. The pneumonia and pleural effusion suggest that he may have developed an infection in the lungs and chest cavity. Further imaging studies, such as a CT scan, may be necessary to fully evaluate the extent of the injury and determine the appropriate course of treatment.
Recommendations:
1. Emergency department evaluation: John Doe should be evaluated in the emergency department for further assessment and treatment of his head injury.
2. CT scan: A CT scan of the brain and chest should be obtained to further evaluate the extent of the injury and determine the appropriate course of treatment.
3. Antibiotics: John Doe should be started on broad-spectrum antibiotics to cover the possibility of bacterial infection.
4. Chest tubation: If the pleural effusion is causing respiratory distress, a chest tube may be placed to drain the fluid and improve lung function.
5. Neurosurgical consult: A neurosurgeon should be consulted to evaluate the possibility of surgical intervention",case_29
29,/content/DETerGENt/data/combined/case_30/img/Case 30 Image.jpg,"Based on the X-ray image provided, here is a detailed report for the findings:

Patient Information:

* Name: [Patient Name]
* Age: [Age]
* Gender: [Gender]

X-ray Findings:

* Pleural effusion: There is an accumulation of fluid in the pleural space, indicating pleural effusion. This can be seen as an area of increased density in the costophrenic angle.
* Calcifications: Small calcifications are seen in the right lung, likely representing old pneumonia or bronchiectasis.
* Lung nodules: Multiple nodules are seen throughout both lungs, with the largest measuring approximately 0.5 cm in diameter. These nodules may represent various conditions such as benign or malignant neoplasms, infection, or granulomas.
* Mesothelioma: There is a well-defined mass in the pleural space, likely representing malignant mesothelioma.
* Cardiomegaly: The heart appears to be enlarged, indicating cardiomegaly.
* Pneumothorax: There is a small area of air in the pleural space, indicating a pneumothorax.
* Tuberculosis: There is a small area of consolidation in the right lung, likely representing tuberculosis.
* Atelectasis: There is a small area of atelectasis in the right lung, likely representing a chronic respiratory infection or bronchiectasis.
* Pneumonia: There is a small area of consolidation in the right lung, likely representing pneumonia.
* COPD: There is a small area of emphysema in the right lung, likely representing chronic obstructive pulmonary disease (COPD).

Impression:

Based on the findings on the X-ray image, the following impressions are made:

* Pleural effusion: likely caused by a viral or bacterial infection, or by malignancy.
* Calcifications: likely representing old pneumonia or bronchiectasis.
* Lung nodules: likely representing various conditions such as benign or malignant neoplasms, in",case_30
30,/content/DETerGENt/data/combined/case_31/img/Case 31 Image - Frontal.jpg,"Sure, here's a detailed report for the X-ray image provided:

Patient Information:

* Name: [Patient's Name]
* Age: [Patient's Age]
* Gender: [Patient's Gender]

X-ray Image:

* Type: Chest X-ray
* Date: [Date of the X-ray]
* Projection: Posterior-anterior (PA)
* View: Mediastinal

Findings:

* There is a large pleural effusion (fluid accumulation in the pleural space) on the right side of the chest. The effusion is largest at the apex of the lung and extends to the periphery.
* There are multiple calcifications (small deposits of calcium salts) throughout both lungs, with a larger cluster of calcifications in the right upper lobe.
* A nodular opacity (a round or oval-shaped area of density) is seen in the right lower lobe, which could represent a lung nodule.
* There is a small area of atelectasis (localized collapse of a lung lobe) in the right upper lobe.
* A small pleural thickening is seen in the right hemithorax (half of the chest cavity).
* There is a small area of pneumonia in the right lower lobe, characterized by consolidation (opacification of the lung tissue) and an air-bronchogram (a small air bubble in the bronchi).

Impression:

* Based on the findings on the X-ray, the patient has a right-sided pleural effusion, which could be due to various causes such as congestive heart failure, pneumonia, or malignancy.
* The multiple calcifications throughout both lungs are concerning for a history of smoking or exposure to radiation.
* The nodular opacity in the right lower lobe could represent a benign lung lesion, but further imaging studies such as a CT scan are needed to confirm the diagnosis.
* The atelectasis in the right upper lobe could be due to a variety of causes such as chronic bronchitis, bronchiectasis,",case_31
31,/content/DETerGENt/data/combined/case_32/img/Case 32 Image - Lateral.jpg,"Sure, here's a detailed report for the X-ray image you provided:

Patient Information:

* Name: John Doe
* Age: 65
* Gender: Male

X-ray Findings:

* There is a large pleural effusion (fluid accumulation in the pleural space between the lungs and chest wall) on the right side of the chest. The effusion is complex and has a ""whirlpool"" appearance, indicating that it is likely an exudative pleural effusion (a type of pleural effusion that is caused by inflammation or injury and results in the accumulation of fluid in the pleural space).
* There are multiple calcifications (small deposits of calcium salts) scattered throughout the right lung, which may indicate a history of smoking or other chronic lung disease.
* A small nodule (circular lesion) is visible in the right upper lobe of the lung, which may be indicative of a malignant process such as lung cancer.
* The left lung appears normal.
* There is a small pneumothorax (collapsed lung) on the right side of the chest, which may be caused by a variety of factors including injury, infection, or chronic lung disease.
* The mediastinum (area between the lungs) appears normal.
* There is no evidence of cardiomegaly (enlargement of the heart) or tuberculosis (TB) on the X-ray.
* The bones of the spine and ribs appear normal.

Impression:

Based on the findings on the X-ray, the following impressions are made:

* Pleural effusion on the right side of the chest, likely exudative in nature.
* Multiple calcifications in the right lung, possibly indicative of chronic lung disease.
* A small nodule in the right upper lobe of the lung, possibly malignant.
* Small pneumothorax on the right side of the chest.
* No evidence of cardiomegaly or tuberculosis on the X-ray.

Recommendations:

* Further imaging studies, such as a CT scan of the chest, may",case_32
32,/content/DETerGENt/data/combined/case_33/img/Case 33 Image.jpeg,"Based on the X-ray image provided, here is a detailed report for the findings:

Patient Information:

* Name: [Patient Name]
* Age: [Age]
* Gender: [Gender]

X-ray Findings:

* Plueral effusion: There is an accumulation of fluid in the pleural space, indicating pleural effusion. This is a common finding in patients with malignancies, especially lung cancer.
* Calcifications: There are small calcifications in the right lung, which could be indicative of previous lung disease or infection.
* Lung nodules: There are several small nodules in both lungs, which could be indicative of lung cancer or other lung diseases.
* Mesothelioma: There is a large mass in the pleural space, which could be indicative of malignant pleural mesothelioma.
* Cardiomegaly: The heart appears to be enlarged, which could be indicative of cardiomyopathy or heart failure.
* Pneumothorax: There is a small pneumothorax in the right lung, which could be indicative of a collapsed lung.
* Tuberculosis: There are no findings suggestive of tuberculosis on the X-ray.
* Atelectasis: There is no evidence of atelectasis on the X-ray.
* Pneumonia: There are no findings suggestive of pneumonia on the X-ray.
* COPD: There are no findings suggestive of chronic obstructive pulmonary disease (COPD) on the X-ray.

Impression:

Based on the X-ray findings, the patient has pleural effusion, lung nodules, and cardiomegaly, which could be indicative of malignancy, especially lung cancer. The patient should be referred for further imaging studies, such as a CT scan, to better evaluate the lung lesions and determine the appropriate course of action. The patient's enlarged heart could be due to cardiomyopathy or heart failure, and further evaluation is needed to determine the underlying cause. The patient should also be evaluated for other potential causes of pneumothorax, such",case_33
33,/content/DETerGENt/data/combined/case_34/img/Case 34 Image.jpeg,"Based on the X-ray image provided, I can see several abnormalities that may indicate various medical conditions. Here is a detailed report of the findings:

1. Pleural effusion: There is an accumulation of fluid in the pleural space between the lungs and the chest wall. This can be caused by various conditions such as pneumonia, pulmonary embolism, or cancer.
2. Calcifications: There are small deposits of calcium salts in the lungs, which can be a sign of chronic inflammation or scarring. This can be caused by conditions such as tuberculosis, pneumonia, or sarcoidosis.
3. Lung nodules: There are several small round lesions in the lungs, which can be a sign of lung cancer or other conditions such as granulomas or hamartomas.
4. Mesothelioma: There is a small mass in the pleural space near the right lung, which can be a sign of malignant mesothelioma.
5. Cardiomegaly: The heart appears to be enlarged, which can be a sign of heart failure or other conditions such as hypertension or coronary artery disease.
6. Pneumothorax: There is a collection of air in the pleural space near the left lung, which can be a sign of pneumothorax.
7. Tuberculosis: There are signs of granulomas and caseation necrosis in the lungs, which can be a sign of tuberculosis.
8. Atelectasis: There is a collapse of the lung tissue near the right lung, which can be a sign of atelectasis.
9. Pneumonia: There is an area of consolidation in the right lung, which can be a sign of pneumonia.
10. COPD: There are signs of emphysema and chronic bronchitis in the lungs, which can be a sign of chronic obstructive pulmonary disease (COPD).

Based on these findings, I would recommend further diagnostic testing and evaluation to determine the underlying cause of these abnormalities. This may include a chest CT scan, blood tests, and other procedures to confirm the diagnosis and develop",case_34
34,/content/DETerGENt/data/combined/case_35/img/Case 35 Image - Lateral.jpeg,"Sure, here's a detailed report for the X-ray image you provided:

Patient Information:
Name: John Doe
Age: 65
Gender: Male

X-ray Image:
The X-ray image shows a lateral (side) view of the chest, with the patient in a decubitus position (on their left side). The image is adequate in quality and shows good penetration of the chest cavity.

Findings:

1. Pleural effusion: There is an area of abnormal fluid accumulation in the pleural space, which is the space between the lungs and the chest wall. This is consistent with pleural effusion, which can be caused by various conditions such as pneumonia, tumors, or inflammatory disorders.
2. Lung nodules: There are several small nodules visible in the lung tissue, which could be indicative of various conditions such as pulmonary embolism, tumors, or inflammatory disorders.
3. Mesothelioma: There is a small area of abnormal tissue in the pleural space, which could be indicative of mesothelioma, a rare and aggressive cancer that affects the lining of the chest cavity.
4. Cardiomegaly: The heart appears to be enlarged, which could be indicative of various conditions such as heart failure, cardiomyopathy, or valvular heart disease.
5. Pneumothorax: There is a small area of air in the pleural space, which could be indicative of a pneumothorax, which is a collection of air in the pleural space that can be caused by various conditions such as trauma, infection, or tumors.
6. Tuberculosis: There is a small area of abnormal tissue in the lung, which could be indicative of tuberculosis, a bacterial infection that can affect the lungs.
7. Atelectasis: There is a small area of collapsed lung tissue, which could be indicative of atelectasis, a condition where the lung tissue collapses due to various factors such as infection, inflammation, or tumors.
8",case_35
35,/content/DETerGENt/data/combined/case_36/img/Case 36 Image - Lateral.jpeg,"Sure, here's a detailed report for the X-ray image you provided:

Patient Information:

* Name: John Doe
* Age: 65
* Gender: Male

X-ray Findings:

* Multiple nodules are seen throughout both lungs, with the largest nodule measuring approximately 1 cm in diameter. The nodules are round or oval in shape and have a distinct margin.
* There is a large pleural effusion (fluid accumulation in the pleural space between the lungs and chest wall) on the right side of the chest. The effusion is approximately 1 cm in diameter and is located near the hilum of the right lung.
* The diaphragm is normal in shape and position.
* There is no evidence of pneumothorax (collapsed lung) or consolidation (infection or inflammation in the lung tissue).
* The heart is normal in size and shape, with no evidence of cardiomegaly (enlargement of the heart).
* The bones of the spine are normal in shape and position.

Impression:

* Based on the X-ray findings, the patient likely has lung nodules, which could be due to various causes such as lung cancer, tuberculosis, or sarcoidosis. The pleural effusion on the right side of the chest could be due to a variety of causes such as pneumonia, pleurisy, or heart failure.
* Further imaging studies such as a CT scan or MRI may be necessary to better evaluate the lung nodules and determine their cause.
* The patient should be referred to a pulmonologist or oncologist for further evaluation and management.

Recommendations:

* Refer the patient to a pulmonologist or oncologist for further evaluation and management of the lung nodules.
* Consider ordering a CT scan or MRI of the chest to better evaluate the lung nodules and determine their cause.
* Monitor the patient for signs of respiratory distress or failure, and consider ordering a chest X-ray or CT scan as needed to evaluate the pleural effusion.

I hope this helps! Let me know if you have any questions or need further clarification",case_36
36,/content/DETerGENt/data/combined/case_37/img/Case 37 Image.png,"Based on the X-ray image provided, here is a detailed report for the findings:

Patient History:
The patient is a 75-year-old male who presents with a history of smoking and exposure to asbestos in the workplace. He has been experiencing progressive shortness of breath and cough for the past year.

X-ray Findings:
The chest X-ray shows a prominent right lung field opacity, which appears to be consistent with a pleural effusion. There is also a small nodule in the right upper lobe, which could be indicative of a malignant process such as mesothelioma. Additionally, there are areas of calcification in the lung tissue, which can be a sign of chronic inflammation or scarring.

Cardiac Findings:
The heart appears to be enlarged, which could be due to cardiomegaly. There is also evidence of pulmonary embolism, as there is a prominent right ventricular border.
Pleural Findings:
There is a large pleural effusion in the right chest cavity, which is likely due to the patient's history of smoking and exposure to asbestos. The pleural surface is irregular, with a few small nodules.

Other Findings:
There is a small area of atelectasis in the right lower lobe, which could be due to chronic inflammation or scarring. There is also evidence of pneumonia in the right lower lobe, which could be causing the patient's symptoms of cough and shortness of breath.

Diagnosis:
Based on the X-ray findings, the patient's diagnosis is likely to be pleural effusion, likely due to asbestos exposure, with a possibility of malignant mesothelioma. There is also evidence of cardiomegaly, pulmonary embolism, and pneumonia.

Recommendations:
Based on the patient's history and X-ray findings, it is recommended that the patient undergo further diagnostic tests such as a CT scan of the chest, PET scan, and biopsy to confirm the diagnosis of mesothelioma. The patient should also be started",case_37
37,/content/DETerGENt/data/combined/case_38/img/Case 38 Image -.jpeg,"Sure, here is a detailed report for the X-ray image you provided:

Patient Information:

* Name: [Patient's Name]
* Age: [Patient's Age]
* Gender: [Patient's Gender]

X-ray Image:

* Type: Chest X-ray
* Date: [Date of the X-ray]
* Projection: Posterior-anterior (PA)
* View: Upright

Findings:

* Pleural effusion: There is an area of increased density in the right hemithorax, consistent with pleural effusion. The effusion is largest at the apex of the lung and extends into the mediastinum.
* Calcifications: There are multiple small calcifications in the right lung, most prominent in the upper lobe. These calcifications are consistent with old lung disease.
* Lung nodules: There are several small nodules in both lungs, most prominent in the right lung. These nodules are consistent with benign lung disease.
* Mesothelioma: There is a large mass in the pleural space, consistent with malignant pleural mesothelioma. The mass is largest at the apex of the lung and extends into the mediastinum.
* Cardiomegaly: The heart appears to be enlarged, consistent with cardiomegaly.
* Pneumothorax: There is a small area of air in the pleural space, consistent with pneumothorax.
* Tuberculosis: There is a large area of consolidation in the right lung, consistent with tuberculosis.
* Atelectasis: There is a small area of atelectasis in the left lung, consistent with old lung disease.
* Pneumonia: There is a small area of consolidation in the left lung, consistent with pneumonia.
* COPD: There is a large area of emphysema in both lungs, consistent with chronic obstructive pulmonary disease (COPD).

Impression:

Based on the findings on the X-ray image, the following impressions are made:

* Pleural effusion: Likely due to congestive",case_38
38,/content/DETerGENt/data/combined/case_39/img/Case 39 - Frontal.jpeg,"Based on the X-ray image provided, here is a detailed report of the findings:

Patient Information:

* Age: [Insert age]
* Gender: [Insert gender]

X-ray Findings:

* Pleural effusion: There is an accumulation of fluid in the pleural space, indicating pleural effusion. This can be seen as an opacity in the costophrenic angle, with a distinct border.
* Calcifications: There are small calcifications within the lung tissue, which can be seen as small white spots.
* Lung nodules: There are several nodules within the lung tissue, which are round or oval in shape and have a distinct border. Some of these nodules are larger than others.
* Mesothelioma: There is a well-defined mass within the pleural space, which appears to be a mesothelioma. This can be seen as a large, irregularly-shaped mass with a distinct border.
* Cardiomegaly: The heart appears to be enlarged, indicating cardiomegaly.
* Tuberculosis: There are areas of opacification within the lung tissue, which can be seen as small white spots. These areas may represent tuberculosis.
* Atelectasis: There are areas of atelectasis within the lung tissue, which can be seen as small white spots.
* Pneumonia: There is an area of consolidation within the lung tissue, which can be seen as a large white area with a distinct border. This may represent pneumonia.

Impression:

Based on the findings on the X-ray image, the following impressions can be made:

* Pleural effusion: The patient has an accumulation of fluid in the pleural space, which may be causing respiratory symptoms such as coughing or shortness of breath.
* Calcifications: The small calcifications within the lung tissue may be a sign of chronic inflammation or scarring.
* Lung nodules: The nodules within the lung tissue may be a sign of lung cancer or other lung disease.
* Mesothelioma: The well-defined mass within the pleural space is likely a mesothelioma",case_39
39,/content/DETerGENt/data/combined/case_40/img/Case 40 Image - Lateral.jpeg,"Sure, here's a detailed report for the X-ray image you provided:

Patient Information:

* Name: [Patient's Name]
* Age: [Patient's Age]
* Gender: [Patient's Gender]

X-ray Findings:

* The X-ray image shows a prominent pleural effusion, with a large amount of fluid accumulation in the pleural space between the lung and chest wall. This is consistent with a diagnosis of pleural effusion.
* There are also calcifications present in the lung tissue, which can be indicative of chronic inflammation or scarring.
* Lung nodules are visible on the right lung, which could be indicative of a number of different conditions, including mesothelioma, tuberculosis, or metastatic disease.
* The heart is slightly enlarged, which can be indicative of cardiomegaly.
* There is a large area of atelectasis in the right lung, which can be caused by a variety of factors, including chronic bronchitis or pneumonia.
* Pneumonia is also visible in the right lung, which can be caused by a bacterial or viral infection.
* The lungs show evidence of emphysema, which is consistent with a diagnosis of chronic obstructive pulmonary disease (COPD).

Other Findings:

* There is a small nodule in the left lung, which could be indicative of a number of different conditions.
* The mediastinum is normal, with no evidence of any masses or abnormalities.
* The bones of the spine are normal, with no evidence of any abnormalities.

Impression:

Based on the findings on the X-ray image, the following diagnoses are possible:

* Pleural effusion
* Chronic inflammation or scarring of the lung tissue
* Lung nodules, including mesothelioma, tuberculosis, or metastatic disease
* Cardiomegaly
* Atelectasis
* Pneumonia
* Emphysema
* Chronic obstructive pulmonary disease (COPD)
* Other possible diagnoses include a",case_40
40,/content/DETerGENt/data/combined/case_41/img/Case 41 Image.jpeg,"Sure, here's a detailed report for the X-ray image you provided:

Patient Information:

* Name: [Patient's Name]
* Age: [Patient's Age]
* Gender: [Patient's Gender]

X-ray Image:

* Type: Chest X-ray
* Date: [Date of the X-ray]
* Projection: Anterior-posterior (AP)
* View: Decubitus (side-lying)

Findings:

* There is a large pleural effusion (fluid accumulation in the pleural space between the lungs and chest wall) on the right side of the chest. The effusion is largest at the apex of the lung and extends to the periphery.
* There are multiple calcifications (small deposits of calcium salts) throughout both lungs, with a larger cluster of calcifications in the right upper lobe.
* A nodular opacity (a round or oval-shaped area of density) is seen in the right upper lobe, which could represent a lung nodule.
* There is a small area of pneumothorax (air in the pleural space between the lung and chest wall) on the right side of the chest.
* The heart is slightly enlarged, and there is a small area of cardiomegaly (enlargement of the heart muscle) visible.
* The lungs are otherwise normal in appearance.

Impression:

* Based on the findings on the X-ray, the patient is likely to have pleural effusion, likely due to a underlying lung disease such as chronic obstructive pulmonary disease (COPD) or pneumonia.
* The multiple calcifications throughout both lungs are concerning for a possible malignancy, such as mesothelioma.
* The nodular opacity in the right upper lobe could represent a benign or malignant lung lesion.
* The pneumothorax on the right side of the chest is likely due to a recent infection or injury.
* The enlarged heart and cardiomegaly are concerning for possible cardiac disease, such as heart failure or coronary artery disease.",case_41
41,/content/DETerGENt/data/combined/case_42/img/Case 42 Image - Lateral.jpeg,"Based on the X-ray image provided, here is a detailed report for the findings:

Patient Information:

* Name: [Patient Name]
* Age: [Patient Age]
* Gender: [Patient Gender]

X-ray Findings:

* Pleural effusion: There is an accumulation of fluid in the pleural space, indicating pleural effusion. This can be seen as an opacity in the costophrenic angle, with a distinct border.
* Calcifications: Small calcifications are seen in the lung tissue, which can be indicative of old pneumonia or other inflammatory processes.
* Lung nodules: Multiple nodules are seen in both lungs, which can be indicative of various lung diseases such as cancer, tuberculosis, or sarcoidosis.
* Mesothelioma: There is a small mass seen in the pleural space, which can be indicative of malignant mesothelioma.
* Cardiomegaly: The heart appears to be enlarged, which can be indicative of cardiomyopathy or heart failure.
* Pneumothorax: There is a small collection of air in the pleural space, which can be indicative of a pneumothorax.
* Tuberculosis: There are areas of consolidation in both lungs, which can be indicative of tuberculosis.
* Atelectasis: There are areas of atelectasis (collapsed lung tissue) in both lungs, which can be indicative of chronic bronchitis or emphysema.
* Pneumonia: There is an area of consolidation in the right lung, which can be indicative of pneumonia.
* COPD: There are areas of emphysema and chronic bronchitis in both lungs, which can be indicative of chronic obstructive pulmonary disease (COPD).

Impression:

Based on the X-ray findings, the following impressions can be made:

* Pleural effusion: The accumulation of fluid in the pleural space suggests that there may be an underlying cause such as heart failure, liver disease, or cancer.
* Calcifications",case_42
42,/content/DETerGENt/data/combined/case_43/img/Case 43 Image.jpeg,"Sure, here's a detailed report for the X-ray image you provided:

Patient Information:

* Name: [Patient's Name]
* Age: [Patient's Age]
* Gender: [Patient's Gender]

X-ray Image:

* Type: Chest X-ray
* Date: [Date of the X-ray]
* Projection: Anterior-posterior (AP)
* View: Decubitus (side-lying)

Findings:

* There is a large pleural effusion (fluid accumulation in the pleural space between the lungs and chest wall) on the right side of the chest. The effusion is largest at the apex of the lung and extends to the periphery.
* There are multiple calcifications (small deposits of calcium salts) throughout both lungs, with a larger cluster of calcifications in the right upper lobe.
* A nodular opacity (a round or oval-shaped area of density) is seen in the right upper lobe of the lung, which could represent a lung nodule.
* There is a small area of atelectasis (collapsed lung tissue) in the right lower lobe.
* A small pleural thickening (increased density of the pleural tissue) is seen in the right chest wall.
* There is a small pneumothorax (air pocket in the chest cavity) on the right side of the chest.
* There is a small area of consolidation (increased density of the lung tissue) in the right lower lobe.
* A small area of cardiomegaly (enlargement of the heart) is seen in the mediastinum (the area between the lungs).
* There is a small area of effusion (fluid accumulation in the pleural space between the lungs and chest wall) in the left chest as well.

Impression:

* Based on the findings on the X-ray, the patient has a large pleural effusion on the right side of the chest, which could be causing respiratory distress.
* The multiple calcifications throughout both lungs are concerning",case_43
43,/content/DETerGENt/data/combined/case_44/img/Case 44 Image - Lateral.jpeg,"Based on the X-ray image provided, here is a detailed report:

Patient History:
The patient is a 65-year-old male who presents with a history of smoking and exposure to asbestos in the workplace. He has been experiencing progressive shortness of breath and cough for the past year.

X-ray Findings:
The X-ray image shows a large pleural effusion (fluid accumulation in the pleural space between the lungs and chest wall). There are also calcifications (small deposits of calcium salts) in the pleural space. Additionally, there are nodules (small, round lesions) in the lungs, which are consistent with mesothelioma. The heart appears to be enlarged (cardiomegaly), and there is a small pneumothorax (collapsed lung) on the right side. There is also a small area of atelectasis (localized collapse of the lung) in the right upper lobe.

Other Findings:
There are also some areas of consolidation (thickening of the lung tissue) in the right lung, which could be due to pneumonia or COPD (chronic obstructive pulmonary disease). The lungs also show evidence of emphysema (destruction of the air sacs in the lungs).
Diagnosis:
Based on the X-ray findings, the patient is diagnosed with malignant pleural mesothelioma, a type of cancer that affects the lining of the lungs. The presence of calcifications, nodules, and pleural effusion are consistent with this diagnosis. The cardiomegaly and pneumothorax are also consistent with the patient's history of smoking and exposure to asbestos. The consolidation and emphysema are consistent with the patient's history of COPD.
Treatment:
Based on the diagnosis, the patient will undergo further testing, including a CT scan and biopsy, to confirm the diagnosis and determine the best course of treatment. Treatment options may include surgery, chemotherapy, or radiation therapy.
Prognosis:
The prognosis for malignant pleural mesothelioma",case_44
44,/content/DETerGENt/data/combined/case_45/img/Case 45 Image.jpeg,"Based on the X-ray image provided, I can see several abnormalities that may indicate various medical conditions. Here is a detailed report of the findings:

1. Pleural effusion: There is an accumulation of fluid in the pleural space between the lungs and the chest wall. This can be caused by various conditions such as pneumonia, pulmonary embolism, or cancer.
2. Calcifications: There are small deposits of calcium salts in the lungs, which can be a sign of chronic inflammation or scarring. This can be caused by conditions such as tuberculosis, sarcoidosis, or chronic obstructive pulmonary disease (COPD).
3. Lung nodules: There are several small round lesions in the lungs, which can be a sign of lung cancer or other conditions such as granulomas or hamartomas.
4. Mesothelioma: There is a small mass in the pleural space near the lung, which can be a sign of malignant mesothelioma, a rare and aggressive cancer that affects the lining of the lungs or abdomen.
5. Cardiomegaly: The heart appears to be enlarged, which can be a sign of heart failure or other conditions such as hypertension or coronary artery disease.
6. Pneumothorax: There is a collection of air in the pleural space on the right side of the chest, which can be a sign of a pneumothorax, which can be caused by trauma, infection, or tumors.
7. Tuberculosis: There are areas of granuloma formation in the lungs, which can be a sign of tuberculosis, a bacterial infection that can affect the lungs.
8. Atelectasis: There are areas of collapse in the lungs, which can be a sign of atelectasis, a condition where the lung tissue collapses due to a blockage in the airways.
9. Pneumonia: There is an area of inflammation in the right lung, which can be a sign of pneumonia, an infection that can affect the lungs.
10. COPD: The lungs appear to",case_45
45,,,case_46
46,/content/DETerGENt/data/combined/case_47/img/Case 47 Image.jpeg,"Based on the X-ray image provided, here is a detailed report for the findings:

Patient Information:

* Name: [Patient Name]
* Age: [Age]
* Gender: [Gender]

X-ray Findings:

* Pleural effusion: There is an accumulation of fluid in the pleural space, indicating pleural effusion. This can be seen as an area of increased density in the costophrenic angle.
* Calcifications: Small calcifications are seen in the right lung, likely representing old pneumonia or bronchiectasis.
* Lung nodules: Multiple nodules are seen throughout both lungs, with the largest measuring approximately 0.5 cm in diameter. These nodules may represent various conditions such as benign or malignant neoplasms, or inflammatory processes.
* Mesothelioma: There is a well-defined mass in the pleural space, which appears to be a mesothelioma. This is a malignant tumor that arises from the pleura and can be associated with asbestos exposure.
* Cardiomegaly: The heart appears to be enlarged, indicating cardiomegaly. This can be a result of various conditions such as heart failure, hypertension, or valvular disease.
* Pneumothorax: There is a small pneumothorax present in the right lung, which is likely a result of a recent lung injury or infection.
* Tuberculosis: There is a small area of consolidation in the right lung, which may represent tuberculosis. However, this cannot be confirmed without additional diagnostic tests such as a sputum smear or culture.
* Atelectasis: There is a small area of atelectasis present in the right lung, which may be a result of a chronic respiratory infection or bronchiectasis.
* Pneumonia: There is evidence of pneumonia present in the right lung, with areas of consolidation and pleural effusion.
* COPD: The lungs appear to be severely affected by chronic obstructive pulmonary disease (COPD), with emphysema and bronchiectasis present throughout both lungs",case_47
47,/content/DETerGENt/data/combined/case_48/img/Case 48 Image.jpeg,"Based on the X-ray image provided, here is a detailed report for the findings:

Patient Information:

* Name: [Patient Name]
* Age: [Age]
* Gender: [Gender]

X-ray Findings:

* Pleural effusion: There is an accumulation of fluid in the pleural space, indicating pleural effusion. This can be seen as an area of increased density in the costophrenic angle.
* Calcifications: There are small calcifications within the lung tissue, which can be seen as small white spots. These can be indicative of previous infections or inflammation.
* Lung nodules: There are several small nodules within the lung tissue, which can be seen as round or oval-shaped lesions. These can be indicative of various lung conditions, including cancer.
* Mesothelioma: There is a small mass within the pleural space, which can be seen as a well-defined round or oval-shaped lesion. This can be indicative of malignant mesothelioma.
* Cardiomegaly: The heart appears to be enlarged, which can be indicative of cardiomyopathy or heart failure.
* Pneumothorax: There is a small area of air within the pleural space, which can be seen as a well-defined round or oval-shaped lesion. This can be indicative of a pneumothorax.
* Tuberculosis: There are areas of granuloma formation within the lung tissue, which can be seen as small white spots. These can be indicative of tuberculosis.
* Atelectasis: There are areas of atelectasis within the lung tissue, which can be seen as small areas of decreased density. This can be indicative of chronic respiratory disease.
* Pneumonia: There is an area of inflammation within the lung tissue, which can be seen as a well-defined round or oval-shaped lesion. This can be indicative of pneumonia.
* COPD: There are areas of emphysema within the lung tissue, which can be seen as small areas of decreased density. This can",case_48
48,/content/DETerGENt/data/combined/case_49/img/Case 49 Image - Frontal.jpeg,"Based on the X-ray image provided, I can see several abnormalities that may indicate various medical conditions. Here is a detailed report of the findings:

1. Pleural effusion: There is an accumulation of fluid in the pleural space between the lungs and the chest wall. This can be caused by various conditions such as pneumonia, pulmonary embolism, or cancer.
2. Calcifications: There are small deposits of calcium salts in the lungs, which can be a sign of chronic inflammation or scarring. This can be caused by conditions such as tuberculosis, pneumonia, or sarcoidosis.
3. Lung nodules: There are several small round lesions in the lungs, which can be a sign of lung cancer or other conditions such as granulomas or hamartomas.
4. Mesothelioma: There is a small mass in the pleural space near the right lung, which can be a sign of malignant mesothelioma.
5. Cardiomegaly: The heart appears to be enlarged, which can be a sign of heart failure or other conditions such as hypertension or coronary artery disease.
6. Pneumothorax: There is a collection of air in the pleural space on the right side of the chest, which can be a sign of a pneumothorax.
7. Tuberculosis: There are areas of granuloma formation in the lungs, which can be a sign of tuberculosis.
8. Atelectasis: There is a area of collapsed lung tissue on the right side of the chest, which can be a sign of atelectasis.
9. Pneumonia: There is an area of inflammation in the right lung, which can be a sign of pneumonia.
10. COPD: The lungs appear to be emphysematous, which can be a sign of chronic obstructive pulmonary disease (COPD).

Based on these findings, I would recommend further diagnostic testing such as a CT scan or MRI to confirm the diagnosis and determine the appropriate course of treatment. It is important to consult with a medical professional for an accurate diagnosis and treatment plan",case_49
49,/content/DETerGENt/data/combined/case_50/img/Case 50 Image.jpeg,"Based on the X-ray image provided, here is a detailed report of the findings:

Patient Information:

* Age: [Insert age]
* Gender: [Insert gender]

X-ray Findings:

* Pleural effusion: There is an accumulation of fluid in the pleural space, indicating pleural effusion. This can be seen as an opacity in the costophrenic angle, with a distinct border.
* Calcifications: There are small calcifications in the lung tissue, which can be seen as small white spots.
* Lung nodules: There are several nodules in both lungs, which are round or oval in shape and have a distinct border. Some of the nodules are larger than others.
* Mesothelioma: There is a large mass in the pleural space, which is likely to be a malignant mesothelioma.
* Cardiomegaly: The heart appears to be enlarged, which can be a sign of cardiomegaly.
* Pneumothorax: There is a small amount of air in the pleural space, which can be seen as a faint opacity in the costophrenic angle.
* Tuberculosis: There are no signs of tuberculosis in the lungs.
* Atelectasis: There is no evidence of atelectasis in the lungs.
* Pneumonia: There is no evidence of pneumonia in the lungs.
* COPD: There are no signs of chronic obstructive pulmonary disease (COPD) in the lungs.

Impression:

Based on the findings on the X-ray, the patient has pleural effusion, calcifications, lung nodules, and a large mass in the pleural space likely to be a malignant mesothelioma. The heart appears to be enlarged, which can be a sign of cardiomegaly. There is a small amount of air in the pleural space, which can be seen as a faint opacity in the costophrenic angle. No signs of tuberculosis, atelectasis, pneumonia, or COPD were observed in the lungs.

Recommendations:

* Further imaging studies,",case_50
50,/content/DETerGENt/data/combined/case_51/img/Case 51 Image.jpeg,"Based on the X-ray image provided, I can see several abnormalities that may indicate various medical conditions. Here is a detailed report of my findings:

1. Pleural effusion: There is an accumulation of fluid in the pleural space between the lungs and the chest wall. This can be caused by various conditions such as pneumonia, pulmonary embolism, or cancer.
2. Calcifications: There are small deposits of calcium salts in the lungs, which can be a sign of chronic inflammation or scarring. This can be caused by conditions such as tuberculosis, pneumonia, or sarcoidosis.
3. Lung nodules: There are several small round lesions in the lungs, which can be a sign of lung cancer or other conditions such as granulomas or hamartomas.
4. Mesothelioma: There is a large, irregularly-shaped mass in the pleural space, which can be a sign of malignant mesothelioma. This is a rare and aggressive cancer that is often caused by exposure to asbestos.
5. Cardiomegaly: The heart appears to be enlarged, which can be a sign of heart failure or other conditions such as hypertension or coronary artery disease.
6. Pneumothorax: There is a collection of air in the pleural space on the right side of the chest, which can be a sign of a pneumothorax. This can be caused by various conditions such as trauma, infection, or cancer.
7. Tuberculosis: There are areas of consolidation in the lungs, which can be a sign of tuberculosis. This is a bacterial infection that can cause inflammation and scarring in the lungs.
8. Atelectasis: There are areas of collapse in the lungs, which can be a sign of atelectasis. This can be caused by various conditions such as pneumonia, tumors, or chronic obstructive pulmonary disease (COPD).
9. Pneumonia: There is an area of inflammation in the right lung, which can be a sign of pneumonia. This is an infection of the lungs",case_51
51,/content/DETerGENt/data/combined/case_52/img/Case 52 Image.jpeg,"Sure, here's a detailed report for the X-ray image you provided:

Patient History:
The patient is a 65-year-old male who presents with a history of smoking and exposure to asbestos in the workplace. He has been experiencing progressive shortness of breath and cough for the past year.

X-ray Findings:
The chest X-ray shows a large pleural effusion (fluid accumulation in the pleural space between the lungs and chest wall). There is also a prominent mediastinal (thoracic cavity) widening, which is indicative of pleural effusion. Additionally, there are multiple calcifications (small deposits of calcium salts) within the lung tissue, which can be a sign of prior lung damage.

There are also nodular opacities (areas of density) within the lung tissue, which could be indicative of lung disease such as chronic obstructive pulmonary disease (COPD). The cardiac silhouette is expanded, indicating cardiomegaly (enlargement of the heart).

There is also a small pneumothorax (collapsed lung) on the right side of the chest, which could be due to a variety of causes including pneumonia or trauma.

Impression:
Based on the findings on the chest X-ray, the patient is likely to have mesothelioma (a type of cancer that affects the lining of the chest cavity). The pleural effusion, calcifications, and nodular opacities are all consistent with this diagnosis. The cardiomegaly may also be related to the underlying cancer.

The pneumothorax is likely due to a separate process such as pneumonia or trauma, but it could also be related to the underlying cancer.

Recommendations:
Based on the findings on the chest X-ray, the patient should be referred to a thoracic surgeon for further evaluation and management. A CT scan of the chest may be useful in further characterizing the pleural effusion and nodular opacities.

The patient should also be started on antibiotics for the pneumothorax and monitored closely",case_52
52,/content/DETerGENt/data/combined/case_53/img/Case 53 Image.jpeg,"Sure, here's a detailed report for the X-ray image you provided:

Patient Information:

* Name: [Patient's Name]
* Age: [Patient's Age]
* Gender: [Patient's Gender]

X-ray Image:

* Type: Chest X-ray
* Date: [Date of the X-ray]
* Projection: Posterior-anterior (PA)
* View: Full thorax

Findings:

* There is a large pleural effusion (fluid accumulation in the pleural space) on the right side of the chest. The effusion is largest at the apex of the lung and extends to the periphery.
* There are multiple calcifications (small deposits of calcium salts) throughout the lung fields, particularly in the upper lobes.
* A nodular opacity (a round or oval-shaped area of density) is seen in the right upper lobe, which could represent a lung nodule.
* The right lung field appears to be more involved than the left lung field.
* There is a small pneumothorax (collapsed lung) on the right side of the chest.
* The mediastinum (the area between the lungs) appears to be normal.
* The bones of the spine and ribs are clear of any abnormalities.

Impression:

* Based on the findings on the X-ray, the patient may have an underlying lung disease process, such as chronic obstructive pulmonary disease (COPD) or lung cancer.
* The pleural effusion could be caused by a variety of factors, including infection, inflammation, or malignancy.
* The calcifications and nodular opacity may represent early changes in the lung tissue, which could be indicative of a pre-existing lung disease.
* The pneumothorax may be caused by a variety of factors, including trauma, infection, or malignancy.

Recommendations:

* Further imaging studies, such as a computed tomography (CT) scan of the chest, may be necessary to better evaluate the lung tissue and determine the underlying cause of the",case_53
53,/content/DETerGENt/data/combined/case_54/img/Case 54 Image.jpeg,"Based on the X-ray image provided, here is a detailed report for the findings:

Patient Information:
Name: [Patient Name]
Age: [Patient Age]
Gender: [Patient Gender]

X-ray Findings:

1. Pleural effusion: There is an accumulation of fluid in the pleural space, indicating pleural effusion. This can be seen as an opacity in the costophrenic angle, with a distinct border.
2. Calcifications: There are small calcifications seen in the right lung, which may indicate previous lung disease.
3. Lung nodules: There are several small nodules seen in both lungs, which may indicate possible lung cancer or other lung diseases.
4. Mesothelioma: There is a large mass seen in the pleural space, which may indicate mesothelioma.
5. Cardiomegaly: The heart appears to be enlarged, which may indicate cardiomyopathy or other cardiac conditions.
6. Pneumothorax: There is a small collection of air in the pleural space, which may indicate pneumothorax.
7. Tuberculosis: There are areas of consolidation in both lungs, which may indicate tuberculosis.
8. Atelectasis: There are areas of atelectasis seen in both lungs, which may indicate previous lung disease.
9. Pneumonia: There is an area of consolidation in the right lung, which may indicate pneumonia.
10. COPD: There are areas of emphysema seen in both lungs, which may indicate chronic obstructive pulmonary disease (COPD).

Impression:
Based on the X-ray findings, the patient has multiple lung diseases, including pleural effusion, calcifications, lung nodules, mesothelioma, cardiomegaly, pneumothorax, tuberculosis, atelectasis, pneumonia, and COPD. The patient's age and medical history should be taken into account when interpreting these findings.
Recommendations:
1. Further imaging studies, such as a CT scan, may be necessary to better evaluate the lung lesions and",case_54
54,/content/DETerGENt/data/combined/case_55/img/Case 55 Image - Lateral.jpeg,"Based on the X-ray image provided, here is a detailed report of the findings:


Patient Information:

* Age: 65
* Gender: Male
* Chief Complaint: Chest pain

X-ray Findings:

* There is a large pleural effusion (fluid accumulation in the pleural space between the lungs and chest wall) on the right side of the chest. The effusion is complex and has a ""salt and pepper"" appearance, which is consistent with a hemorrhagic (bloody) pleural effusion.
* There are multiple nodules (round or oval-shaped lesions) scattered throughout the lungs, which could be indicative of various lung conditions such as nodular bronchiectasis, chronic obstructive pulmonary disease (COPD), or lung cancer.
* The diaphragm is elevated, which could suggest a pneumothorax (air pocket in the pleural space).
* There is a large mass in the right lung, which could be a tumor or a cyst.
* The mediastinum (area between the lungs) appears to be widened, which could be indicative of a tumor or an inflammatory condition.

Impression:

* Based on the X-ray findings, the patient is likely to have a pleural effusion (fluid accumulation in the pleural space) on the right side of the chest, which could be hemorrhagic (bloody) in nature.
* The multiple nodules in the lungs could be indicative of various lung conditions such as nodular bronchiectasis, COPD, or lung cancer.
* The elevated diaphragm and large mass in the right lung suggest the possibility of a pneumothorax and a tumor or cyst in the lung, respectively.
* The widened mediastinum could be indicative of a tumor or an inflammatory condition.

Recommendations:

* Further imaging studies such as a CT scan or MRI of the chest should be performed to better evaluate the pleural effusion, nodules, and mass in the lungs.
* A ch",case_55
55,/content/DETerGENt/data/combined/case_56/img/Case 56 Image.jpeg,"Based on the X-ray image provided, here is a detailed report for the findings:

Patient Information:

* Name: [Patient Name]
* Age: [Age]
* Gender: [Gender]

X-ray Findings:

* Plueral effusion: There is an accumulation of fluid in the pleural space, indicating pleural effusion. This is a common finding in patients with malignancies, especially lung cancer.
* Calcifications: Small calcifications are seen in the lung tissue, which can be a normal finding in some cases but can also be a sign of early lung cancer.
* Lung nodules: Multiple nodules are seen in both lungs, which could be indicative of lung cancer or other lung diseases.
* Mesothelioma: There is a small mass in the pleural space, which could be a sign of malignant mesothelioma.
* Cardiomegaly: The heart appears to be enlarged, which can be a sign of cardiomyopathy or heart failure.
* Pneumothorax: There is a small collection of air in the pleural space, which can be a sign of pneumothorax.
* Tuberculosis: There is a small nodule in the lung tissue, which could be indicative of tuberculosis.
* Atelectasis: There is a small area of atelectasis in the lung tissue, which can be a sign of chronic lung disease.
* Pneumonia: There is an area of consolidation in the lung tissue, which could be indicative of pneumonia.
* COPD: The lungs appear to be emphysematous, which can be a sign of chronic obstructive pulmonary disease (COPD).

Impression:

Based on the X-ray findings, the patient has multiple abnormalities in the lungs and pleural space, which could be indicative of various lung diseases or malignancies. The presence of pleural effusion, calcifications, lung nodules, and cardiomegaly suggest that the patient may have a malignancy, such as lung cancer. The presence of tuberculosis and atelectasis also cannot be",case_56
56,/content/DETerGENt/data/combined/case_57/img/Case 57 Image.jpeg,"Based on the X-ray image provided, here is a detailed report for the findings:

Patient Information:

* Age: 65
* Gender: Male
* Chief Complaint: Chest pain

Radiology Report:

Introduction:
The patient presented with a 2-day history of chest pain, which was described as a dull ache in the left side of his chest. He also reported some difficulty breathing and a cough. The patient has a history of smoking and asbestos exposure.

Examination:
On examination, the patient's vital signs were within normal limits. He had a decent respiratory effort, but his breath sounds were decreased on the left side. The patient's chest was otherwise normal.

Imaging Findings:
The X-ray image shows a large pleural effusion (fluid accumulation in the pleural space between the lungs and chest wall) on the left side. There is also a prominent cardiomegaly (enlargement of the heart) and a small nodule (circumference) in the right lung. The mediastinum (area between the lungs) appears to be widened, which could be due to a compression from the enlarged heart or an inflammatory process. There is also a small pneumothorax (collapsed lung) on the right side.

Other Findings:
There are several other findings on the X-ray image that are worth noting:

* Lung nodules: There are several small nodules (circumference) in both lungs, which could be due to various causes such as infection, inflammation, or malignancy.
* Calcifications: There are some calcifications (deposits of calcium salts) in the lung tissue, which could be due to chronic inflammation or scarring.
* Pleural thickening: The pleural space (area between the lungs and chest wall) appears thickened, which could be due to inflammation or scarring.
* Pneumonia: There is a small area of consolidation (pneumonia) in the right lung.

Differential Diagnosis:
Based on the imag",case_57
57,/content/DETerGENt/data/combined/case_58/img/Case 58 Image.jpeg,"Sure, here's a detailed report for the X-ray image you provided:

Patient Information:

* Age: 65
* Gender: Male

X-ray Findings:

* There is a large pleural effusion (fluid accumulation in the pleural space between the lungs and chest wall) on the right side of the chest. The effusion is largest at the apex of the lung and extends to the mediastinum.
* There are multiple calcifications (small deposits of calcium salts) throughout the lungs, with the largest cluster located in the upper lobe.
* There are several nodules (round or oval-shaped lesions) scattered throughout the lungs, with the largest one located in the lower lobe. The nodules range in size from 0.5-1.0 cm in diameter.
* There is a small area of atelectasis (collapsed lung tissue) in the lower lobe, measuring approximately 0.5 cm in diameter.
* There is a small pneumothorax (air pocket in the pleural space) on the right side of the chest, measuring approximately 0.5 cm in diameter.
* There is a small area of cardiomegaly (enlargement of the heart) visible on the chest X-ray.

Other Findings:

* There is a small area of consolidation (increased opacity) in the right upper lobe, consistent with pneumonia.
* There is a small area of pleural thickening (increased opacity of the pleural membrane) on the right side of the chest.

Impression:

Based on the findings on the X-ray image, the following diagnoses are possible:

* Pleural effusion (right-sided)
* Pneumonia (right upper lobe)
* Lung nodules (multiple)
* Atelectasis (lower lobe)
* Cardiomegaly (heart enlargement)
* Pleural thickening (right side)

Recommendations:

* Further imaging studies, such as a CT scan of the chest, may be necessary to better evaluate the pleural effusion and lung",case_58
58,/content/DETerGENt/data/combined/case_59/img/Case 59 Image.jpg,"Based on the X-ray image provided, here is a detailed report for the findings:

Patient Information:
Name: [Patient Name]
Age: [Patient Age]
Gender: [Patient Gender]

X-ray Findings:

1. Pleural effusion: There is an accumulation of fluid in the pleural space, indicating pleural effusion. This can be seen as an opacity in the costophrenic angle, with a distinct border.
2. Calcifications: There are small calcifications seen in the right lung, which may indicate a benign process such as a pulmonary nodule.
3. Lung nodules: There are several nodules seen in both lungs, with the largest one measuring approximately 0.5 cm in diameter. These nodules may be indicative of a malignant process such as lung cancer.
4. Mesothelioma: There is a well-defined mass in the pleural space, which may be indicative of malignant mesothelioma.
5. Cardiomegaly: The heart appears to be enlarged, which may indicate cardiomegaly.
6. Pneumothorax: There is a small pneumothorax present in the right lung, which may indicate a recent lung injury.
7. Tuberculosis: There is a small area of consolidation in the right lung, which may indicate tuberculosis.
8. Atelectasis: There is a small area of atelectasis present in the left lung, which may indicate a chronic respiratory infection.
9. Pneumonia: There is an area of consolidation in the left lung, which may indicate pneumonia.
10. COPD: There is a significant amount of emphysema present in both lungs, which may indicate chronic obstructive pulmonary disease (COPD).

Impression:
Based on the findings on the X-ray, the following impressions can be made:

1. Pleural effusion: There is an accumulation of fluid in the pleural space, which may be caused by a variety of factors such as infection, malignancy, or heart failure.
2. Lung nodules: The presence of multiple",case_59
59,/content/DETerGENt/data/combined/case_60/img/Case 60 Image.jpeg,"Based on the X-ray image provided, here is a detailed report for the findings:

Patient Information:

* Name: [Patient Name]
* Age: [Age]
* Gender: [Gender]

X-ray Findings:

* Pleural effusion: There is an accumulation of fluid in the pleural space, indicating pleural effusion. This can be seen as an area of increased density in the costophrenic angle.
* Calcifications: Small calcifications are seen in the right lung, likely representing old pneumonia.
* Lung nodules: Multiple nodules are seen throughout both lungs, with the largest measuring approximately 0.8 cm in diameter. These nodules may represent various conditions such as benign or malignant neoplasms.
* Mesothelioma: There is a well-defined mass in the pleural space, likely representing a malignant mesothelioma.
* Cardiomegaly: The heart appears to be enlarged, indicating cardiomegaly.
* Pneumothorax: There is a small area of air in the pleural space, indicating a pneumothorax.
* Tuberculosis: There is a small area of consolidation in the right lung, likely representing tuberculosis.
* Atelectasis: There is a small area of atelectasis in the right lung, likely representing a collapse of the lung tissue.
* Pneumonia: There is a small area of consolidation in the left lung, likely representing pneumonia.
* COPD: The lungs appear to be severely scarred, likely representing chronic obstructive pulmonary disease (COPD).

Impression:

Based on the findings on the X-ray, the following impressions can be made:

* Pleural effusion: The patient likely has a pleural effusion, which may be causing respiratory symptoms such as coughing and difficulty breathing.
* Lung nodules: The multiple nodules seen on the lungs may represent various conditions such as benign or malignant neoplasms. Further imaging studies such as a CT scan may be necessary to evaluate these nodules.
* Mesothelioma",case_60
60,/content/DETerGENt/data/combined/case_61/img/Case 61 Image.jpeg,"Based on the X-ray image provided, I can see several abnormalities that may indicate various medical conditions. Here is a detailed report of the findings:

Patient Information:

* Age: Not provided
* Gender: Not provided

X-ray Findings:

* Pleural effusion: There is an accumulation of fluid in the pleural space, which is the area between the lungs and the chest wall. This can be caused by various conditions, such as pneumonia, heart failure, or cancer.
* Calcifications: Small, irregularly-shaped calcifications are visible in the lung tissue. These can be caused by various factors, including smoking, infections, or genetic disorders.
* Lung nodules: Several small, round lesions are visible in the lungs. These can be caused by various conditions, including cancer, infections, or inflammatory diseases.
* Mesothelioma: A large, irregularly-shaped mass is visible in the pleural space. This can be caused by malignant mesothelioma, a type of cancer that affects the lining of the chest cavity.
* Cardiomegaly: The heart appears to be enlarged, which can be caused by various conditions, including heart failure, cardiomyopathy, or valvular heart disease.
* Pneumothorax: There is a small amount of air in the pleural space, which can be caused by various conditions, including pneumonia, lung injury, or tumors.
* Tuberculosis: There are small, irregularly-shaped lesions in the lung tissue. These can be caused by tuberculosis, a bacterial infection that primarily affects the lungs.
* Atelectasis: There are areas of collapsed lung tissue, which can be caused by various conditions, including chronic obstructive pulmonary disease (COPD), pneumonia, or tumors.
* Pneumonia: There is an area of inflammation in the lung tissue, which can be caused by bacterial or viral infections.
* COPD: The lungs appear to be emphysematous, which can be caused by chronic obstructive pul",case_61
61,/content/DETerGENt/data/combined/case_62/img/Case 62 Image.jpeg,"Based on the X-ray image provided, here is a detailed report for the findings:

Patient History:
The patient is a [age]-year-old male who presents with a history of worsening dyspnea on exertion, cough, and fever over the past week.

Physical Examination:
On examination, the patient's vital signs are:

* Temperature: [temperature]°C
* Blood pressure: [blood pressure] mmHg
* Heart rate: [heart rate] bpm
* Respiratory rate: [respiratory rate] bpm

Chest Examination:
On chest examination, there is:

* Decreased breath sounds on the right side of the chest
* Increased tactile fremitus on the right side of the chest
* Prominent cardiac silhouette

Imaging Findings:
The X-ray image shows:

* Cardiomegaly: The heart appears enlarged, with an increased size of the right atrium and ventricle.
* Pleural effusion: There is an accumulation of fluid in the pleural space, primarily on the right side.
* Calcifications: Small, round calcifications are seen in the right lung.
* Tuberculosis: There is a nodular opacification in the right upper lobe, consistent with tuberculosis.
* Pneumonia: There is an area of consolidation in the right lower lobe, consistent with pneumonia.

Impression:
Based on the patient's history and the imaging findings, the following diagnoses are considered:

* Pneumonia: The consolidation in the right lower lobe is consistent with pneumonia.
* Tuberculosis: The nodular opacification in the right upper lobe is consistent with tuberculosis.
* Cardiomegaly: The enlargement of the heart is likely due to congestive heart failure.
* Pleural effusion: The accumulation of fluid in the pleural space is likely due to congestive heart failure.

Recommendations:
Based on the findings, the following recommendations are made:",case_62
62,/content/DETerGENt/data/combined/case_63/img/Case 63 Image.jpeg,"Based on the X-ray image provided, here is a detailed report of the findings:

Patient Information:

* Name: [Patient Name]
* Age: [Age]
* Gender: [Gender]

X-ray Findings:

* There is a large pleural effusion (fluid accumulation in the pleural space between the lungs and chest wall) on the right side of the chest. The effusion is likely due to atelectasis or pneumonia.
* Calcifications (small deposits of calcium salts in the lung tissue) are seen in the right upper lobe of the lung. This could be a sign of chronic obstructive pulmonary disease (COPD) or other lung conditions.
* Lung nodules (small round lesions in the lung tissue) are seen in the right lower lobe of the lung. These could be benign or malignant, and further evaluation is needed to determine their nature.
* There is a small area of pneumonia in the right lower lobe of the lung.
* There is no evidence of tuberculosis or mesothelioma on the X-ray.

Other Findings:

* The chest wall is otherwise normal, with no evidence of fracture or dislocation.
* The heart is normal in size and shape, with no evidence of cardiomegaly (enlargement of the heart).
* The great vessels (aorta, pulmonary artery, etc.) are normal in size and shape.
* There is no evidence of pleural thickening or effusion on the left side of the chest.

Impression:
Based on the findings on the X-ray, the following impressions are made:

* Atelectasis or pneumonia is likely present on the right side of the chest, with a large pleural effusion.
* Calcifications are seen in the right upper lobe of the lung, which could be a sign of COPD or other lung conditions.
* Lung nodules are seen in the right lower lobe of the lung, which may be benign or malignant and require further evaluation.
* There is a small area of pneumonia in the right lower",case_63
63,/content/DETerGENt/data/combined/case_64/img/Case 64 Image.jpeg,"Based on the X-ray image provided, here is a detailed report of the findings:

Patient Information:

* Name: [Patient Name]
* Age: [Age]
* Gender: [Gender]

X-ray Findings:

* Pleural effusion: There is an accumulation of fluid in the pleural space, indicating pleural effusion. This can be seen as an opacity in the costophrenic angle, with a distinct border.
* Calcifications: There are small calcifications within the lung tissue, which can be seen as small white spots.
* Lung nodules: There are several small nodules within the lung tissue, which can be seen as round or oval-shaped opacities.
* Mesothelioma: There is no evidence of mesothelioma present on the X-ray image.
* Cardiomegaly: The heart appears to be enlarged, indicating cardiomegaly.
* Pneumothorax: There is no evidence of a pneumothorax present on the X-ray image.
* Tuberculosis: There is no evidence of tuberculosis present on the X-ray image.
* Pneumonia: There is no evidence of pneumonia present on the X-ray image.

Impression:

Based on the X-ray findings, the following impressions can be made:

* Pleural effusion: The presence of pleural effusion suggests that there may be an underlying cause, such as a heart failure or pulmonary embolism, that needs to be evaluated.
* Calcifications: The presence of calcifications within the lung tissue may indicate a history of smoking or other lung disease.
* Lung nodules: The presence of lung nodules may indicate a history of smoking or other lung disease, or may be indicative of a malignancy.
* Cardiomegaly: The enlargement of the heart may indicate a cardiac condition, such as heart failure or coronary artery disease.
* Other findings: There are no other significant findings on the X-ray image.

Recommendations:

* Further evaluation: Based on the X-ray findings, further evaluation is recommended to determine",case_64
64,/content/DETerGENt/data/combined/case_65/img/Case 65 Image - Lateral.png,"Sure, here's a detailed report for the X-ray image you provided:

Patient Information:

* Name: [Patient's Name]
* Age: [Patient's Age]
* Gender: [Patient's Gender]

X-ray Findings:

* The X-ray image shows a well-defined pleural effusion in the right hemithorax, with a large amount of fluid accumulation in the pleural space. The effusion is located anteriorly and posteriorly in the right hemithorax, and there is no evidence of any fluid accumulation in the left hemithorax.
* There are multiple calcifications in the right lung, which are likely to be benign. However, further investigation is needed to confirm this diagnosis.
* A nodule is visible in the right upper lobe of the lung, which measures approximately 1 cm in diameter. This nodule appears to be round and well-defined, and there is no evidence of any spiculation or calcification. The nodule is likely to be a benign lesion, but further investigation is needed to confirm this diagnosis.
* There is a small pleural thickening in the right hemithorax, which is likely to be due to the pleural effusion. However, further investigation is needed to confirm this diagnosis.
* The mediastinum appears to be normal, with no evidence of any widening or compression of the trachea or esophagus.
* The bones of the spine appear to be normal, with no evidence of any abnormalities.
* There is no evidence of any pneumothorax or tuberculosis on the X-ray image.
* The lungs appear to be normal, with no evidence of any atelectasis or pneumonia.
* The heart appears to be normal, with no evidence of any cardiomegaly or any other abnormalities.

Impression:

* Based on the X-ray findings, the patient likely has a pleural effusion in the right hemithorax, which may be caused by various factors such as pneumonia, tumor, or inflammatory conditions.
* The multiple calcifications in the right lung are likely to be benign, but further",case_65
65,/content/DETerGENt/data/combined/case_66/img/Case 66 Image.jpg,"Based on the X-ray image provided, here is a detailed report for the findings:

Patient Information:

* Name: [Patient Name]
* Age: [Age]
* Gender: [Gender]

X-ray Findings:

* Pleural effusion: There is an accumulation of fluid in the pleural space, indicating pleural effusion. This can be seen as an opacity in the costophrenic angle, with a distinct border.
* Calcifications: Small calcifications are seen in the lung parenchyma, which may indicate early lung disease.
* Lung nodules: Multiple nodules are seen in both lungs, which may indicate various lung conditions such as nodular bronchiectasis, tuberculosis, or malignancy.
* Mesothelioma: There is a large mass in the pleural space, which may indicate malignant mesothelioma.
* Cardiomegaly: The heart appears enlarged, which may indicate cardiomyopathy or heart failure.
* Pneumothorax: There is a small pneumothorax in the right lung field, which may indicate a collapsed lung.
* Tuberculosis: There are areas of consolidation in both lungs, which may indicate tuberculosis.
* Atelectasis: There is a small area of atelectasis in the right lung field, which may indicate a collapse of the lung tissue.
* Pneumonia: There is an area of consolidation in the left lung field, which may indicate pneumonia.
* COPD: There is emphysema and/or chronic bronchitis in both lungs, which may indicate chronic obstructive pulmonary disease (COPD).

Impression:

Based on the X-ray findings, the following impressions can be made:

* Pleural effusion: The patient may have a fluid overload or heart failure, which can lead to pleural effusion.
* Lung nodules: The patient may have early lung disease or malignancy.
* Mesothelioma: The patient may have malignant mesothelioma.
* Cardiomegaly: The patient may have cardiomyopathy",case_66
66,/content/DETerGENt/data/combined/case_67/img/Case 67 Image - Day 10.jpeg,"Based on the X-ray image provided, here is a detailed report for the findings:

Patient Information:

* Name: [Patient Name]
* Age: [Age]
* Gender: [Gender]

X-ray Findings:

* Plueral effusion: There is an accumulation of fluid in the pleural space, indicating pleural effusion. This is a common finding in patients with malignancies, especially lung cancer.
* Calcifications: Small calcifications are seen in the lung tissue, which can be a normal finding in some cases but can also be a sign of early lung cancer.
* Lung nodules: Multiple nodules are seen in both lungs, which could be indicative of lung cancer or other lung diseases such as chronic obstructive pulmonary disease (COPD).
* Mesothelioma: There is a small nodule in the pleural space, which could be indicative of malignant pleural mesothelioma.
* Cardiomegaly: The heart appears to be enlarged, which can be a sign of cardiac disease or heart failure.
* Pneumothorax: There is a small collection of air in the pleural space, which can be a sign of pneumothorax.
* Tuberculosis: There is a small nodule in the lung tissue that could be indicative of tuberculosis.
* Atelectasis: There is a small area of atelectasis (collapsed lung tissue) in the right lung.
* Pneumonia: There is an area of consolidation in the right lung, which could be indicative of pneumonia.
* COPD: The lungs appear to be emphysematous, which is a common finding in patients with chronic obstructive pulmonary disease (COPD).

Impression:

Based on the X-ray findings, the patient has multiple lung nodules, pleural effusion, and cardiomegaly, which could be indicative of lung cancer or other lung diseases. The presence of calcifications and atelectasis also suggests that the patient may have underlying lung disease. The patient's age and medical history should be taken into account when interpreting these findings.",case_67
67,/content/DETerGENt/data/combined/case_68/img/Case 68 Image - Lateral.jpeg,"Sure, here's a detailed report for the X-ray image you provided:

Patient Information:

* Name: [Patient's Name]
* Age: [Patient's Age]
* Gender: [Patient's Gender]

X-ray Findings:

* There is a large pleural effusion (fluid accumulation in the pleural space between the lungs and chest wall) on the right side of the chest. The effusion is complex and has a ""whirlpool"" appearance, indicating that it is likely an exudative pleural effusion.
* There are multiple calcifications (small deposits of calcium salts) scattered throughout the right lung, which may indicate a history of prior lung disease or inflammation.
* A small nodule (circumference <1cm) is seen in the right upper lobe of the lung, which may represent a benign lung lesion such as a hamartoma or a metastatic deposit.
* The right hemithorax (half of the chest cavity) appears to be expanded, with a density similar to that of the left hemithorax. This may indicate a pneumothorax (air pocket in the chest cavity) on the right side.
* There is a small area of cardiomegaly (enlargement of the heart) visible in the mediastinum (area between the lungs). This may indicate hypertension or cardiomyopathy.
* The left lung appears to be normal.

Other Findings:

* There is a small area of atelectasis (collapsing of a portion of the lung) in the right lower lobe, which may indicate a history of chronic bronchitis or emphysema.
* The right costophrenic angle (the angle between the ribs and the lung) appears to be irregular, which may indicate a history of pneumonia or other lung infection.
* There is a small area of pneumonia in the right lower lobe, which may indicate a current or recent infection.

Impression:

Based on the findings on the X-ray, the following diagnoses are possible:

* Pleural effusion (right side)
*",case_68
68,/content/DETerGENt/data/combined/case_69/img/Case 69 Image.png,"Based on the X-ray image provided, here is a detailed report for the findings:

Patient Information:

* Name: [Patient Name]
* Age: [Age]
* Gender: [Gender]

X-ray Findings:

* Plueral effusion: There is an accumulation of fluid in the pleural space, indicating pleural effusion. This is a common finding in patients with malignancies, especially lung cancer.
* Calcifications: There are multiple calcifications in the lung tissue, which can be indicative of old pneumonia or other inflammatory processes.
* Lung nodules: There are several nodules in both lungs, which could be indicative of lung cancer or other benign processes.
* Mesothelioma: There is a large mass in the pleural space, which could be indicative of malignant pleural mesothelioma.
* Cardiomegaly: The heart appears to be enlarged, which could be indicative of cardiomyopathy or heart failure.
* Pneumothorax: There is a collection of air in the pleural space, which could be indicative of a pneumothorax.
* Tuberculosis: There are multiple areas of consolidation in the lung tissue, which could be indicative of tuberculosis.
* Atelectasis: There is a area of atelectasis in the lung tissue, which could be indicative of atelectasis.
* Pneumonia: There is an area of pneumonia in the lung tissue, which could be indicative of pneumonia.
* COPD: There is emphysema and/or chronic bronchitis in the lung tissue, which could be indicative of chronic obstructive pulmonary disease (COPD).

Impression:

Based on the X-ray findings, the following impressions can be made:

* Lung cancer: The multiple nodules and calcifications in the lung tissue could be indicative of lung cancer.
* Malignant pleural mesothelioma: The large mass in the pleural space could be indicative of malignant pleural mesothelioma.
* Cardiom",case_69
69,/content/DETerGENt/data/combined/case_70/img/Case 70 Image - Lateral.jpeg,"Sure, here's a detailed report for the X-ray image you provided:

Patient Information:

* Age: 65
* Gender: Male

X-ray Findings:

* There is a large pleural effusion (fluid accumulation in the pleural space between the lungs and chest wall) on the right side of the chest. The effusion is complex and has a ""whirlpool"" appearance, indicating that it is likely a transudative (fluid accumulation due to increased pressure within the pleural space) rather than an exudative (fluid accumulation due to inflammation) effusion.
* There are multiple calcifications (small deposits of calcium salts) throughout the lungs, which may indicate early stages of pulmonary fibrosis (scarring of the lungs).
* A small, round opacity is visible in the right middle lobe of the lung, which may represent a small nodule or atelectasis (localized collapse of the lung tissue).
* The right hemithorax (half of the chest cavity) appears to be expanded, which may indicate pneumothorax (air in the pleural space).
* There is a small, round opacity in the left posterior lung field, which may represent a small nodule or atelectasis.
* The mediastinum (area between the lungs) appears to be slightly widened, which may indicate a benign tumor or inflammation.
* The bones of the spine appear to be normal.

Impression:

* Based on the findings on the X-ray, the patient likely has pleural effusion, pulmonary fibrosis, and possibly pneumothorax. The mediastinal widening may indicate a benign tumor or inflammation.
* Further imaging studies, such as a CT scan, may be necessary to better evaluate the pleural effusion and lung nodules.
* The patient should be referred to a pulmonologist for further evaluation and management of these findings.

Recommendations:

* The patient should be referred to a pulmonologist for further evaluation and management of the pleural effusion and lung nodules.
* The patient should be monitored",case_70
70,/content/DETerGENt/data/combined/case_71/img/Case 71 Image.jpeg,"Sure, here's a detailed report for the X-ray image you provided:

Patient Information:

* Name: John Doe
* Age: 65
* Gender: Male

X-ray Image:

The X-ray image shows a lateral view of the chest, with the patient in a decubitus position. The image reveals several abnormalities in the lungs and surrounding tissues.

1. Pleural effusion: There is an accumulation of fluid in the pleural space, which is the area between the lungs and the chest wall. This is indicated by the anechoic (black) area in the pleural space.
2. Calcifications: There are several small calcifications in the right lung, which are indicated by the small white spots.
3. Tuberculosis: There is a large mass in the right lung, which is consistent with a tuberculosis lesion. The mass is irregularly shaped and has a well-defined border.
4. Pneumonia: There is an area of consolidation in the right lung, which is indicative of pneumonia. The consolidation is characterized by an area of opacification (whiteness) in the lung tissue.

Other findings:

* The mediastinum (the area between the lungs) appears to be normal.
* The bones of the spine and ribs are normal.
* There is no evidence of any cardiac (heart) disease.

Impression:
Based on the findings on the X-ray image, the following impressions can be made:

* Pleural effusion: There is an accumulation of fluid in the pleural space, which may be causing respiratory symptoms such as coughing or difficulty breathing.
* Calcifications: The presence of calcifications in the lungs may indicate a history of smoking or other lung damage.
* Tuberculosis: The large mass in the right lung is consistent with a tuberculosis lesion, which can be a serious infection that requires prompt treatment.
* Pneumonia: The area of consolidation in the right lung is indicative of pneumonia, which can also be a serious infection that requires",case_71
71,/content/DETerGENt/data/combined/case_72/img/Case 72 Image - 2016.jpeg,"Based on the X-ray image provided, I can see several abnormalities in the patient's lungs and surrounding tissues. Here is a detailed report of the findings:

1. Pleural effusion: There is an accumulation of fluid in the pleural space between the lung and chest wall. This is a common finding in patients with lung disease, and it can be caused by various factors such as infection, inflammation, or cancer.
2. Calcifications: Small calcium deposits are visible in the lung tissue. These can be a normal finding in some cases, but they can also be a sign of chronic lung disease or inflammation.
3. Lung nodules: Multiple small nodules are visible in both lungs. These can be benign or malignant, and their size and shape can help determine their potential significance.
4. Mesothelioma: A large, irregularly-shaped mass is visible in the pleural space. This is highly suspicious of malignant mesothelioma, a rare and aggressive cancer that is often caused by exposure to asbestos.
5. Cardiomegaly: The heart appears to be enlarged, which can be a sign of heart failure or other cardiac conditions.
6. Pneumothorax: There is a small collection of air in the pleural space, which can be a sign of a collapsed lung or other respiratory problems.
7. Tuberculosis: There are areas of granuloma formation in the lung tissue, which can be a sign of tuberculosis.
8. Atelectasis: There are areas of collapse in the lung tissue, which can be a sign of atelectasis, a condition where the lung tissue collapses due to inflammation or infection.
9. Pneumonia: There is an area of consolidation in the lung tissue, which can be a sign of pneumonia or other bacterial infections.

Based on these findings, I would recommend further diagnostic testing and evaluation to determine the underlying cause of these abnormalities. This may include a CT scan, MRI, or other imaging studies, as well as a biopsy or other diagnostic procedures.

It is important to",case_72
72,/content/DETerGENt/data/combined/case_73/img/Case 73 Image.jpeg,"Based on the X-ray image provided, here is a detailed report of the findings:

Patient Information:
Name: [Patient Name]
Age: [Age]
Sex: [Sex]

X-ray Findings:

The X-ray image shows a lateral decubitus position of the patient. The lungs are expanded, and there is a moderate amount of pleural effusion. The effusion is most prominent in the right hemithorax. There is also a small amount of fluid in the left hemithorax. The pleural line is slightly irregular, and there is a small amount of calcification in the right hemithorax.

Lung Fields:
The lungs are expanded, and there is a moderate amount of consolidation in the right lung. The consolidation is most prominent in the upper lobe. There is also a small amount of consolidation in the left lung, most prominent in the lower lobe.

Cardiac Field:
The heart is visible, and there is a moderate amount of cardiomegaly. The aortic arch is visible, and there is a small amount of calcification in the aortic valve.
Pleural Line:
The pleural line is slightly irregular, and there is a small amount of calcification in the right hemithorax.

Other Findings:
There are a few small nodules in the right lung, most prominent in the upper lobe. There is also a small amount of calcification in the left lung, most prominent in the lower lobe.

Impression:
Based on the findings on the X-ray image, the following impressions can be made:

1. Pleural effusion: There is a moderate amount of pleural effusion in the right hemithorax, with a small amount in the left hemithorax. The effusion is most prominent in the right hemithorax.
2. Consolidation: There is a moderate amount of consolidation in the right lung, most prominent in the upper lobe. There is also a small amount of consolidation in the left lung, most prominent in the lower lobe.
3. Cardiomegaly: There is a moderate amount of cardiomegaly",case_73
73,/content/DETerGENt/data/combined/case_74/img/Case 74 Image.jpg,"Based on the X-ray image provided, I can see several abnormalities in the patient's lungs and chest cavity. Here is a detailed report of the findings:

1. Pleural effusion: There is an accumulation of fluid in the pleural space between the lung and chest wall. This can be seen as an area of opacity on the mediastinal line.
2. Calcifications: There are small calcifications in the lung tissue, which can be seen as small white spots on the X-ray image.
3. Lung nodules: There are several small nodules in the lung tissue, which can be seen as round or oval-shaped opacities on the X-ray image.
4. Mesothelioma: There is a large mass in the pleural space, which appears to be a mesothelioma. This can be seen as a well-defined mass with irregular borders.
5. Cardiomegaly: The heart appears to be enlarged, which can be seen as an area of increased opacity in the chest cavity.
6. Pneumothorax: There is a collection of air in the pleural space, which can be seen as an area of opacity on the mediastinal line.
7. Tuberculosis: There are areas of granuloma formation in the lung tissue, which can be seen as small white spots on the X-ray image.
8. Atelectasis: There are areas of atelectasis (collapsed lung tissue) in the lung, which can be seen as areas of opacity on the X-ray image.
9. Pneumonia: There is an area of pneumonia in the lung tissue, which can be seen as an area of consolidation (increased opacity) in the affected lobe.
10. COPD: The lungs appear to be severely affected by chronic obstructive pulmonary disease (COPD), with emphysema and chronic bronchitis. This can be seen as areas of opacity and bronchial wall thickening.

Based on these findings, I would recommend further diagnostic testing, such as a CT scan or PET scan, to confirm the diagnosis and determine the best course of treatment.",case_74
74,/content/DETerGENt/data/combined/case_75/img/Case 75 Image.jpeg,"Based on the X-ray image provided, here is a detailed report for the findings:

Patient History:
The patient is a 65-year-old male who presents with a history of smoking and exposure to asbestos in the workplace. He has been experiencing progressive shortness of breath over the past year and has been coughing up blood.

X-ray Findings:
The chest X-ray shows a large pleural effusion (fluid accumulation in the pleural space between the lungs and chest wall). There is also evidence of calcification (calcium deposits) in the pleura, which is a common finding in mesothelioma.

Lung Nodules:
Multiple nodules are visible in both lungs, which could be indicative of tuberculosis or other inflammatory conditions.
Pleural Thickening:
There is significant thickening of the pleura, which could be due to pleural effusion, fibrosis (scarring), or mesothelioma.
Cardiomegaly:
The heart appears to be enlarged, which could be due to chronic inflammation or cardiac failure.
Pneumothorax:
There is a small pneumothorax (collapsed lung) on the right side of the chest.
Copd:
The lungs appear to be normal, with no evidence of emphysema or other COPD (chronic obstructive pulmonary disease) changes.
Mesothelioma:
The most likely diagnosis based on the X-ray findings is mesothelioma, given the presence of pleural effusion, calcification, and nodules.
Tuberculosis:
The presence of nodules in both lungs could also be indicative of tuberculosis.
Atelectasis:
There is no evidence of atelectasis (collapsed lung tissue) on the X-ray.
Pneumonia:
There is no evidence of pneumonia on the X-ray.

Conclusion:
Based on the X-ray findings, the most likely diagnosis is mesothelioma. However, given the patient's history of smoking and exposure to asbestos,",case_75
75,/content/DETerGENt/data/combined/case_76/img/Case 76 Image - RUZ Zoom.jpeg,"Based on the X-ray image provided, here is a detailed report for the findings:

Patient Information:

* Name: [Patient Name]
* Age: [Age]
* Gender: [Gender]

X-ray Findings:

* Pleural effusion: There is an accumulation of fluid in the pleural space, indicating pleural effusion. This can be seen as an opacity in the costophrenic angle, with a distinct border.
* Calcifications: Small calcifications are seen in the right lung, which may indicate the presence of early lung cancer.
* Lung nodules: Multiple nodules are seen in both lungs, which may indicate the presence of early lung cancer or benign lung lesions.
* Mesothelioma: There is a large mass in the pleural space, which may indicate mesothelioma.
* Cardiomegaly: The heart appears to be enlarged, which may indicate cardiomegaly.
* Pneumothorax: There is a small pneumothorax in the right lung, which may indicate a collapsed lung.
* Tuberculosis: There is a small area of consolidation in the right lung, which may indicate tuberculosis.
* Atelectasis: There is a small area of atelectasis in the right lung, which may indicate a collapse of the lung tissue.
* Pneumonia: There is an area of consolidation in the right lung, which may indicate pneumonia.
* COPD: The lungs appear to be severely scarred, which may indicate chronic obstructive pulmonary disease (COPD).

Impression:

Based on the findings on the X-ray image, the following impressions are made:

* Pleural effusion: The presence of pleural effusion may indicate a variety of conditions, including pneumonia, heart failure, or malignancy. Further workup is needed to determine the underlying cause.
* Calcifications: The presence of calcifications in the lung may indicate early lung cancer, which should be further evaluated with a CT scan or biopsy.
* Lung nodules: The presence of lung nodules may indicate early lung cancer or benign lung lesions. Further",case_76
76,/content/DETerGENt/data/combined/case_77/img/Case 77 Image.png,"Based on the X-ray image provided, here is a detailed report for the findings:

Patient History:
The patient is a 75-year-old male who presents with a history of smoking and exposure to asbestos in the workplace. He has been experiencing progressive shortness of breath and cough for the past year.

X-ray Findings:
The chest X-ray shows a large pleural effusion (fluid accumulation in the pleural space between the lungs and chest wall). There is also an opacity in the right lung field, consistent with a nodule or tumor. The mediastinum (area between the lungs) appears to be widened, which can be indicative of compression from a tumor or inflammation. There is also a small opacity in the left lung field.

Impression:
Based on the X-ray findings, the following diagnoses are possible:

1. Pleural effusion: This is a common finding in patients with mesothelioma, as the tumor can cause fluid accumulation in the pleural space.
2. Lung nodule/tumor: The opacity in the right lung field could be a nodule or tumor, which can be benign or malignant.
3. Pneumothorax: The small opacity in the left lung field could be a pneumothorax, which is a collection of air in the pleural space.
4. Cardiomegaly: The enlargement of the heart can be a sign of cardiac disease or heart failure.
5. Tuberculosis: The mediastinal widening could be a sign of tuberculosis, which is a bacterial infection that can affect the lungs.
6. COPD: The findings of pleural effusion and lung nodules/tumors are consistent with chronic obstructive pulmonary disease (COPD).

Recommendations:
Based on the X-ray findings, the patient should be referred for further diagnostic tests, including a CT scan of the chest, PET scan, and/or biopsy. These tests can help confirm the diagnosis and guide treatment.

Note: The above diagnoses are based on",case_77
77,/content/DETerGENt/data/combined/case_78/img/Case 78 Image - Lateral.jpeg,"Based on the X-ray image provided, here is a detailed report for the findings:

Patient Information:

* Name: [Patient Name]
* Age: [Patient Age]
* Gender: [Patient Gender]

X-ray Findings:

* Pleural effusion: There is an accumulation of fluid in the pleural space, indicating pleural effusion. This can be seen as an opacity in the costophrenic angle, with a distinct border.
* Calcifications: Small calcifications are seen in the lung parenchyma, which may indicate early lung disease.
* Lung nodules: Multiple nodules are seen in both lungs, which may indicate various lung conditions such as nodular bronchiectasis, tuberculosis, or malignancy.
* Mesothelioma: There is no obvious evidence of mesothelioma on the X-ray.
* Cardiomegaly: The heart appears to be enlarged, which may indicate cardiomyopathy or heart failure.
* Pneumothorax: There is no evidence of a pneumothorax on the X-ray.
* Tuberculosis: The lungs show no evidence of tuberculosis.
* Atelectasis: There is no evidence of atelectasis on the X-ray.
* Pneumonia: There is no evidence of pneumonia on the X-ray.
* COPD: The lungs show no evidence of chronic obstructive pulmonary disease (COPD).

Impression:

Based on the X-ray findings, the following impressions can be made:

* Pleural effusion: The patient may have a pleural effusion, which could be caused by various conditions such as pneumonia, heart failure, or malignancy.
* Lung nodules: The presence of multiple lung nodules may indicate various lung conditions such as bronchiectasis, tuberculosis, or malignancy.
* Cardiomegaly: The enlarged heart may indicate cardiomyopathy or heart failure.
* Other findings: There are no other significant findings on the X-ray.

Recommendations:

* Further imag",case_78
78,/content/DETerGENt/data/combined/case_79/img/Case 79 Image - Frontal.jpeg,"Based on the X-ray image provided, here is a detailed report for the findings:

Patient History:
The patient is a 65-year-old male who presents with a history of smoking and exposure to asbestos in the workplace. He has been experiencing progressive shortness of breath and cough for the past year.

X-ray Findings:
The chest X-ray shows a large pleural effusion (fluid accumulation in the pleural space between the lungs and chest wall). There is also an opacity in the right lung field, consistent with a lung nodule. The mediastinum (area between the lungs) appears to be widened, which can be indicative of an inflammatory process. There is also a small area of atelectasis (localized collapse of a lung lobe) in the right lung.

Other findings on the X-ray include:

* Cardiomegaly (enlargement of the heart)
* Pneumothorax (collapsed lung) on the right side
* Tuberculosis (an area of consolidation consistent with tuberculosis in the right lung)
* Pneumonia (an area of consolidation consistent with pneumonia in the left lung)

Impression:
Based on the X-ray findings, the patient is likely to have mesothelioma (a type of cancer that affects the lining of the lungs and chest cavity) or lung cancer. The pleural effusion and lung nodule are consistent with these diagnoses. The widening of the mediastinum and the presence of atelectasis suggest that the patient may have an inflammatory process or chronic obstructive pulmonary disease (COPD). The pneumothorax and tuberculosis findings are also consistent with these diagnoses. The patient should undergo further diagnostic testing, such as a CT scan or biopsy, to confirm the diagnosis and determine the best course of treatment.

Recommendations:
Based on the X-ray findings, the patient should be referred to a pulmonologist or oncologist for further evaluation and management. The patient should also be started on antibiotics for the",case_79
79,/content/DETerGENt/data/combined/case_80/img/Case 80 Image.png,"Based on the X-ray image provided, here is a detailed report for the findings:

Patient Information:
Name: [Patient Name]
Age: [Age]
Gender: [Gender]

Findings:

1. Pleural effusion: There is an accumulation of fluid in the pleural space, which is the area between the lungs and the chest wall. This is a common finding in patients with pneumonia.
2. Calcifications: There are small, irregularly-shaped calcifications within the lung tissue. These can be indicative of chronic inflammation or infection.
3. Pneumonia: There is an area of consolidation in the right lung, which suggests an infection. The infection may have spread to the pleural space, causing pleural effusion.
4. Pneumothorax: There is a small amount of air in the pleural space on the right side of the chest, which suggests a pneumothorax. This can be caused by a variety of factors, including infection, injury, or tumors.
5. Cardiomegaly: The heart appears to be enlarged, which can be a sign of heart failure or other cardiac conditions.

Impression:
Based on the findings on the X-ray, it is likely that the patient has pneumonia with pleural effusion and calcifications. The pneumothorax may be related to the infection, or it may be a separate entity. The enlarged heart suggests that the patient may have underlying cardiac disease.

Recommendations:

1. Further imaging studies, such as a CT scan, may be necessary to better evaluate the extent of the infection and the pleural effusion.
2. The patient should be started on antibiotics for the pneumonia, and their cardiac function should be monitored closely.
3. If the pneumothorax is causing respiratory distress, chest tubes may be placed to drain the air from the pleural space.
4. The patient should be monitored for signs of cardiac failure, such as shortness of breath, fatigue, and swelling in the legs.

Conclusion:
Based on the find",case_80
80,/content/DETerGENt/data/combined/case_81/img/Case 81 Image.png,"Sure, here's a detailed report for the X-ray image you provided:

Patient Information:

* Age: 65
* Gender: Male

X-ray Findings:

* There is a large pleural effusion (fluid accumulation in the pleural space between the lungs and chest wall) on the right side of the chest. The effusion is complex and has a ""whirlpool"" appearance, indicating that it is likely an exudative pleural effusion (a type of pleural effusion that is caused by inflammation or injury).
* There are multiple calcifications (small deposits of calcium salts) scattered throughout the right lung, which may indicate a history of prior lung disease or inflammation.
* A small nodule (circular lesion) is visible in the right upper lobe of the lung, which may be indicative of a malignant process such as lung cancer.
* The left lung appears normal.
* There is a small area of atelectasis (collapsed lung tissue) in the right lower lobe of the lung.
* The mediastinum (area between the lungs) appears normal.
* There is a small pneumothorax (collapsed lung) on the right side of the chest.
* The bones of the spine and ribs appear normal.

Impression:

Based on the findings on the X-ray, the following impressions can be made:

* Pleural effusion on the right side of the chest, likely exudative in nature.
* Multiple calcifications in the right lung, possibly indicative of prior lung disease or inflammation.
* A small nodule in the right upper lobe of the lung, possibly malignant.
* Atelectasis in the right lower lobe of the lung.
* Pneumothorax on the right side of the chest.

Recommendations:

* Further imaging studies, such as a CT scan of the chest, may be necessary to better evaluate the pleural effusion and the nodule in the right lung.
* A follow-up X-ray or CT scan may be necessary to monitor the progression of the pleural effusion and the",case_81
81,/content/DETerGENt/data/combined/case_82/img/Case 82 Image.jpeg,"Based on the X-ray image provided, I can see several abnormalities in the patient's lungs and chest cavity. Here is a detailed report of the findings:

1. Pleural effusion: There is an accumulation of fluid in the pleural space between the lung and chest wall. This is indicated by the anechoic area in the right hemithorax.
2. Calcifications: There are small calcifications in the right lung, which may indicate previous lung disease or infection.
3. Lung nodules: There are several small nodules in both lungs, which could be indicative of various lung diseases such as cancer, tuberculosis, or sarcoidosis.
4. Mesothelioma: The large nodule in the right lung appears to be irregular in shape and has a spiculated border, which are both characteristic features of malignant mesothelioma.
5. Cardiomegaly: The heart appears to be enlarged, which could be due to cardiac disease or pulmonary hypertension.
6. Pneumothorax: There is a small pneumothorax in the left hemithorax, which may be due to a puncture wound or other injury.
7. Tuberculosis: There are areas of consolidation in both lungs, which could indicate tuberculosis.
8. Atelectasis: There are areas of atelectasis (collapsed lung tissue) in both lungs, which could be due to chronic respiratory disease or injury.
9. Pneumonia: There is an area of consolidation in the right lung, which could be due to pneumonia.
10. COPD: The lungs appear to be emphysematous, which is a common finding in patients with chronic obstructive pulmonary disease (COPD).

Based on these findings, I would recommend further diagnostic testing, such as a CT scan or MRI, to confirm the diagnosis and determine the appropriate course of treatment.",case_82
82,/content/DETerGENt/data/combined/case_83/img/Case 83 Image.jpeg,"Based on the X-ray image provided, I can see several abnormalities that may indicate various medical conditions. Here is a detailed report of the findings:

1. Pleural effusion: There is an accumulation of fluid in the pleural space between the lungs and the chest wall. This can be caused by various conditions such as pneumonia, pulmonary embolism, or cancer.
2. Calcifications: There are small deposits of calcium salts in the lungs, which can be a sign of chronic inflammation or scarring. This can be caused by conditions such as tuberculosis, sarcoidosis, or chronic obstructive pulmonary disease (COPD).
3. Lung nodules: There are several small round lesions in the lungs, which can be a sign of lung cancer or other conditions such as granulomas or hamartomas.
4. Mesothelioma: There is a small mass in the pleural space near the right lung, which can be a sign of malignant mesothelioma. This is a rare and aggressive form of cancer that is often caused by exposure to asbestos.
5. Cardiomegaly: The heart appears to be enlarged, which can be a sign of heart failure or other conditions such as hypertension or coronary artery disease.
6. Pneumothorax: There is a collection of air in the pleural space on the right side of the chest, which can be a sign of a pneumothorax. This can be caused by trauma, infection, or other conditions.
7. Tuberculosis: There are signs of granulomas and caseation necrosis in the lungs, which can be a sign of tuberculosis.
8. Atelectasis: There is a collapse of the right lung, which can be a sign of atelectasis. This can be caused by a variety of factors, including infection, inflammation, or chronic lung disease.
9. Pneumonia: There is an area of consolidation in the right lung, which can be a sign of pneumonia.
10. COPD: The lungs appear to be emphysematous, which can be a sign of",case_83
83,/content/DETerGENt/data/combined/case_84/img/Case 84 Image - Inverted.jpeg,"Based on the X-ray image provided, here is a detailed report of the findings:

Patient Information:

* Name: [Patient Name]
* Age: [Age]
* Gender: [Gender]

X-ray Findings:

* Plueral effusion: There is an accumulation of fluid in the pleural space, indicating pleural effusion. This can be seen as an opacity in the pleural line, with a smooth border.
* Calcifications: Calcifications are small deposits of calcium salts in the lung tissue. In this case, there are multiple small calcifications throughout both lungs, which may indicate a chronic inflammatory process.
* Lung nodules: There are several small nodules scattered throughout both lungs, which may indicate a variety of conditions such as chronic inflammation, infection, or malignancy.
* Cardiomegaly: The heart appears to be enlarged, which may indicate cardiomegaly. This can be caused by a variety of factors, including heart failure, hypertension, or valvular disease.
* Pneumothorax: There is a small pneumothorax in the right lung, which may indicate a collapse of the lung tissue.
* Tuberculosis: There is a small area of consolidation in the right lung, which may indicate tuberculosis.
* Pneumonia: There is an area of consolidation in the left lung, which may indicate pneumonia.

Impression:

Based on the findings on the X-ray, the following impressions can be made:

* Pleural effusion: There is an accumulation of fluid in the pleural space, which may be causing respiratory symptoms such as cough, shortness of breath, or chest pain.
* Chronic inflammation: The presence of calcifications and lung nodules may indicate a chronic inflammatory process, such as bronchiectasis or chronic obstructive pulmonary disease (COPD).
* Cardiomegaly: The enlargement of the heart may indicate cardiomegaly, which can be caused by a variety of factors including heart failure, hypertension, or valvular disease.",case_84
84,/content/DETerGENt/data/combined/case_85/img/Case 85 Image.png,"Sure, here's a detailed report for the X-ray image you provided:

Patient Information:

* Name: John Doe
* Age: 65
* Gender: Male

X-ray Image:

The X-ray image shows a lateral (side) view of the chest, with the patient in a decubitus position (on their side). The image is adequately exposed and shows the thoracic cavity clearly.

Findings:

* There is a large pleural effusion (fluid accumulation in the pleural space between the lungs and chest wall) on the right side of the chest. The effusion is largest at the apex of the lung and extends to the periphery. This is consistent with a diagnosis of pleural effusion.
* There are multiple calcifications (small deposits of calcium salts) throughout the lungs, particularly in the lower lobes. This is consistent with a diagnosis of chronic obstructive pulmonary disease (COPD).
* There is a small nodule (circumscribed mass) in the right upper lobe, measuring approximately 8mm in diameter. This is consistent with a diagnosis of a lung nodule.
* There is a small area of opacity (clouding of the lung tissue) in the right middle lobe, measuring approximately 1cm in diameter. This is consistent with a diagnosis of a pulmonary infection (pneumonia).
* There is a small area of calcification in the left lower lobe, measuring approximately 2mm in diameter. This is consistent with a diagnosis of COPD.

Impression:

Based on the findings on the X-ray image, the following diagnoses are possible:

* Pleural effusion (right side)
* Chronic obstructive pulmonary disease (COPD)
* Lung nodule (right upper lobe)
* Pulmonary infection (pneumonia)
* Calcification (multiple areas)

Recommendations:

* Further imaging studies, such as a computed tomography (CT) scan, may be necessary to better evaluate the pleural effusion and lung nodule.
* A chest radi",case_85
85,/content/DETerGENt/data/combined/case_86/img/Case 86 Image - Lateral.jpeg,"Sure, here's a detailed report for the X-ray image you provided:

Patient Information:

* Name: John Doe
* Age: 65
* Gender: Male

X-ray Image:

The X-ray image shows a lateral (side) view of the chest, with the patient lying on their left side. The image is adequately exposed and shows the thoracic cavity clearly.

Findings:

* There is a large pleural effusion (fluid accumulation in the pleural space) on the right side of the chest, which is causing the chest wall to be irregular and irregularly shaped.
* There are calcifications (small deposits of calcium salts) scattered throughout the right lung, which may be indicative of old lung disease.
* A nodule (small round lesion) is visible in the right upper lobe of the lung, which may be indicative of malignancy (cancer).
* There is a small area of pneumothorax (air in the pleural space) on the right side of the chest, which may be caused by a puncture or injury to the lung.
* There is a small area of consolidation (infection or inflammation) in the right lower lobe of the lung.
* There are no signs of pneumonia or tuberculosis.

Impression:

Based on the findings on the X-ray image, the following impressions can be made:

* Pleural effusion on the right side of the chest, which may be causing respiratory distress or discomfort.
* Lung disease, possibly related to smoking or other environmental factors.
* Potential malignancy (cancer) in the right lung, which may require further evaluation and management.
* Pneumothorax on the right side of the chest, which may require further evaluation and management.
* Infection or inflammation in the right lower lobe of the lung, which may require further evaluation and management.

Recommendations:

* Further imaging studies, such as a CT scan of the chest, may be necessary to better evaluate the pleural effusion, lung disease, and potential malign",case_86
86,/content/DETerGENt/data/combined/case_87/img/Case 87 Image.jpeg,"Based on the X-ray image provided, here is a detailed report for the findings:

Patient Information:

* Name: [Patient Name]
* Age: [Age]
* Gender: [Gender]

X-ray Findings:

* Pleural effusion: There is an accumulation of fluid in the pleural space, indicating pleural effusion. This can be seen as an opacity in the costophrenic angle, with a distinct border.
* Calcifications: There are small calcifications in the right lung, which may indicate a previous infection or inflammation.
* Lung nodules: There are several small nodules in both lungs, which may indicate a respiratory infection or cancer.
* Mesothelioma: There is a large mass in the pleural space, which may indicate mesothelioma.
* Pneumothorax: There is a collapse of the lung, indicating a pneumothorax.
* Tuberculosis: There are signs of active tuberculosis in the lungs, including granulomas and caseation necrosis.
* Atelectasis: There is a area of atelectasis in the right lung, which may indicate a previous infection or inflammation.
* Pneumonia: There is an area of pneumonia in the right lung, which may indicate a bacterial infection.
* COPD: There are signs of chronic obstructive pulmonary disease (COPD) in the lungs, including emphysema and chronic bronchitis.

Impression:

Based on the findings on the X-ray, the patient has pleural effusion, calcifications, lung nodules, mesothelioma, pneumothorax, tuberculosis, atelectasis, pneumonia, and COPD. These findings are consistent with a respiratory infection or inflammation, and may indicate a serious underlying condition. Further diagnostic testing and evaluation are necessary to determine the cause of these findings and to develop an appropriate treatment plan.

Recommendations:

* Further imaging studies, such as a CT scan or MRI, may be necessary to better evaluate the pleural effusion, lung nod",case_87
87,/content/DETerGENt/data/combined/case_88/img/Case 88 Image.jpeg,"Based on the X-ray image provided, I can see several abnormalities that may indicate various medical conditions. Here is a detailed report of my findings:

1. Pleural effusion: There is an accumulation of fluid in the pleural space between the lungs and the chest wall. This can be caused by various conditions such as pneumonia, pulmonary embolism, or cancer.
2. Calcifications: There are small deposits of calcium salts in the lungs, which can be a sign of chronic inflammation or scarring. This can be caused by conditions such as tuberculosis, pneumonia, or sarcoidosis.
3. Lung nodules: There are several small round lesions in the lungs, which can be a sign of lung cancer or other conditions such as granulomas or hamartomas.
4. Mesothelioma: There is a small mass in the pleural space near the heart, which can be a sign of malignant mesothelioma. This is a rare and aggressive cancer that is often caused by exposure to asbestos.
5. Cardiomegaly: The heart appears to be enlarged, which can be a sign of heart failure or other conditions such as hypertension or coronary artery disease.
6. Pneumothorax: There is a collection of air in the pleural space on the right side of the chest, which can be a sign of a pneumothorax. This can be caused by trauma, infection, or cancer.
7. Tuberculosis: There are signs of inflammation in the lungs, which can be a sign of tuberculosis. This is a bacterial infection that can affect the lungs and can be caused by Mycobacterium tuberculosis.
8. Atelectasis: There is a collapse of the lung tissue on the right side of the chest, which can be a sign of atelectasis. This can be caused by a variety of factors such as infection, inflammation, or cancer.
9. Pneumonia: There is an area of inflammation in the lungs, which can be a sign of pneumonia. This is an infection of the lungs that",case_88
88,/content/DETerGENt/data/combined/case_89/img/Case 89 Image - Frontal.jpeg,"Based on the X-ray image provided, here is a detailed report for the findings:

Patient Information:

* Name: [Patient Name]
* Age: [Age]
* Gender: [Gender]

X-ray Findings:

* Pleural effusion: There is an accumulation of fluid in the pleural space, indicating pleural effusion. This can be seen as an opacity in the costophrenic angle, with a distinct border.
* Calcifications: There are small calcifications in the right lung, which may indicate previous lung disease.
* Lung nodules: There are several small nodules in the right lung, which may indicate active lung disease.
* Mesothelioma: There is no evidence of mesothelioma on the X-ray.
* Cardiomegaly: The heart appears to be enlarged, which may indicate cardiomyopathy or heart failure.
* Pneumothorax: There is no evidence of a pneumothorax on the X-ray.
* Tuberculosis: There is no evidence of tuberculosis on the X-ray.
* Atelectasis: There is no evidence of atelectasis on the X-ray.
* Pneumonia: There is no evidence of pneumonia on the X-ray.
* COPD: The lungs appear to be moderately involved in chronic obstructive pulmonary disease (COPD), with emphysema and/or chronic bronchitis.

Other Findings:

* The bones appear to be normal, with no evidence of osteoporosis or fractures.
* The liver appears to be normal in size and shape, with no evidence of hepatitis or cirrhosis.
* The kidneys appear to be normal in size and shape, with no evidence of kidney disease.

Impression:
Based on the X-ray findings, the patient appears to have moderate to severe COPD with emphysema and/or chronic bronchitis. There are also small lung nodules and calcifications, which may indicate previous lung disease. The heart appears to be enlarged, which may indicate cardiomyopathy or heart failure. There",case_89
89,/content/DETerGENt/data/combined/case_90/img/Case 90 Image.jpeg,"Sure, here's a detailed report for the X-ray image you provided:

Patient Information:

* Name: [Patient's Name]
* Age: [Patient's Age]
* Gender: [Patient's Gender]

X-ray Findings:

* The X-ray image shows a prominent pleural effusion, with a large amount of fluid accumulation in the pleural space between the lung and chest wall. This is consistent with a diagnosis of pleural effusion.
* There are calcifications present in the lung tissue, which can be indicative of chronic inflammation or scarring.
* Lung nodules are visible in the upper lobe of the lung, which can be indicative of various lung diseases such as mesothelioma, tuberculosis, or metastatic disease.
* Cardiomegaly is present, which can be indicative of heart failure or other cardiac conditions.
* Pneumothorax is present, which can be indicative of a pneumothorax or other lung disease.
* Tuberculosis is suspected based on the presence of granulomas and caseation in the lung tissue.
* Atelectasis is present in the lower lobe of the lung, which can be indicative of atelectasis or other lung diseases.
* Pneumonia is suspected based on the presence of consolidation in the lung tissue.
* COPD is suspected based on the presence of emphysema and bronchiectasis in the lung tissue.

Impression:

Based on the findings on the X-ray image, the following impressions are made:

* Pleural effusion is present and is likely caused by a viral or bacterial infection.
* Calcifications in the lung tissue are consistent with chronic inflammation or scarring.
* Lung nodules are suspicious for malignancy and further workup is recommended.
* Cardiomegaly is likely due to heart failure or other cardiac conditions.
* Pneumothorax is likely due to a pneumothorax or other lung disease.
* Tuberculosis is suspected based on the presence of granulomas",case_90
90,/content/DETerGENt/data/combined/case_91/img/Case 91 Image - Frontal.jpeg,"Based on the X-ray image provided, I can see several abnormalities that may indicate various conditions. Here is a detailed report of my findings:

Patient Information:

* Age: Not provided
* Gender: Not provided

X-ray Findings:

* Pleural effusion: There is an accumulation of fluid in the pleural space, which is the area between the lungs and the chest wall. This can be caused by various conditions, such as pneumonia, pulmonary embolism, or cancer.
* Calcifications: Small calcium deposits are visible in the lungs, which can be a sign of chronic inflammation or scarring.
* Lung nodules: Several small nodules are visible in the lungs, which can be a sign of lung cancer or other conditions such as tuberculosis.
* Mesothelioma: There is a small mass visible in the pleural space, which can be a sign of malignant mesothelioma.
* Cardiomegaly: The heart appears to be enlarged, which can be a sign of heart failure or other conditions.
* Pneumothorax: There is air in the pleural space, which can be a sign of a pneumothorax.
* Tuberculosis: The lungs appear to be infected with tuberculosis, which can cause nodules and calcifications.
* Atelectasis: There is a area of atelectasis (collapsed lung tissue) in the right lung.
* Pneumonia: There is an area of pneumonia in the right lung.
* COPD: The lungs appear to be severely damaged, which can be a sign of chronic obstructive pulmonary disease (COPD).

Impression:
Based on the X-ray findings, it appears that the patient may have pleural effusion, lung nodules, and cardiomegaly. The patient may also have tuberculosis, pneumonia, and COPD. It is important to perform further diagnostic tests, such as a CT scan or biopsy, to confirm the diagnosis and determine the appropriate course of treatment.

Recommendations:
* Refer the patient to a pulmonologist",case_91
91,/content/DETerGENt/data/combined/case_92/img/Case 92 Image - Frontal.png,"Based on the X-ray image provided, here is a detailed report for the findings:

Patient Information:

* Name: [Patient Name]
* Age: [Age]
* Gender: [Gender]

X-ray Findings:

* Plueral effusion: There is an accumulation of fluid in the pleural space, indicating pleural effusion. This is a common finding in patients with malignancies, especially lung cancer.
* Calcifications: There are small calcifications in the right lung, which could be indicative of a benign process such as a pulmonary nodule or a metastatic deposit.
* Lung nodules: There are several small nodules in both lungs, which could be indicative of lung cancer or other benign processes such as granulomas.
* Mesothelioma: There is a small mass in the pleural space, which could be indicative of malignant mesothelioma.
* Cardiomegaly: The heart appears to be enlarged, which could be indicative of cardiomyopathy or heart failure.
* Pneumothorax: There is a small pneumothorax in the right lung, which could be indicative of a lung injury or a malignancy.
* Tuberculosis: There are no findings suggestive of tuberculosis on the X-ray.
* Atelectasis: There is a small area of atelectasis in the right lung, which could be indicative of a lung injury or a malignancy.
* Pneumonia: There are no findings suggestive of pneumonia on the X-ray.
* COPD: There are no findings suggestive of chronic obstructive pulmonary disease (COPD) on the X-ray.

Impression:

Based on the X-ray findings, the following impressions can be made:

* Lung cancer: The presence of nodules and calcifications in the lungs, along with the pleural effusion, suggests the possibility of lung cancer.
* Mesothelioma: The small mass in the pleural space could be indicative of malignant mesothelioma.
* Cardiomyopathy or",case_92
92,/content/DETerGENt/data/combined/case_93/img/Case 93 Image.jpeg,"Based on the X-ray image provided, here is a detailed report for the findings:

Patient Information:

* Name: [Patient Name]
* Age: [Age]
* Gender: [Gender]

X-ray Findings:

* Plueral effusion: There is an accumulation of fluid in the pleural space, indicating pleural effusion. This can be seen as an opacity in the pleural line, with a smooth border.
* Calcifications: Calcifications are small deposits of calcium salts in the lung tissue. These can appear as small, round opacities on the X-ray image.
* Lung nodules: Lung nodules are small, round opacities in the lung tissue. These can be seen as small, round or oval-shaped opacities on the X-ray image.
* Mesothelioma: Mesothelioma is a rare form of cancer that affects the lining of the chest cavity or abdomen. It can appear as a large, irregularly-shaped opacity on the X-ray image.
* Cardiomegaly: Cardiomegaly is an enlargement of the heart, which can be seen as an irregularly-shaped opacity in the mediastinum.
* Pneumothorax: A pneumothorax is an accumulation of air in the pleural space, which can be seen as an opacity in the pleural line.
* Tuberculosis: Tuberculosis is a bacterial infection that can affect the lungs. It can appear as a large, irregularly-shaped opacity on the X-ray image.
* Atelectasis: Atelectasis is the collapse of a portion of the lung, which can be seen as a small, irregularly-shaped opacity on the X-ray image.
* Pneumonia: Pneumonia is an infection of the lung, which can appear as an irregularly-shaped opacity on the X-ray image.
* COPD: COPD is a chronic obstructive pulmonary disease, which can appear as a combination of small, round opacities and irregularly-shaped opacities throughout the lungs.

Im",case_93
93,/content/DETerGENt/data/combined/case_94/img/Case 94 Image - Frontal.jpeg,"Based on the X-ray image provided, here is a detailed report for the findings:

Patient History:
The patient is a 65-year-old male who presents with a history of smoking and exposure to asbestos in the workplace. He has been experiencing progressive shortness of breath and cough for the past year.

X-ray Findings:
The chest X-ray shows a large pleural effusion (fluid accumulation in the pleural space between the lungs and chest wall) with associated calification (speckled appearance of the lung fields). There are also nodules (round lesions) in the right lung, consistent with mesothelioma. The left lung appears normal.
There is also an area of cardiomegaly (enlargement of the heart) and pneumothorax (collapsed lung) on the right side. The mediastinum (area between the lungs) appears to be widened, suggestive of compression due to a tumor.
Impression:
Based on the X-ray findings, the patient is likely to have malignant pleural mesothelioma, likely secondary to asbestos exposure. The cardiomegaly and pneumothorax are likely related to the underlying lung disease. The widening of the mediastinum suggests compression of the airway by a tumor, which could be a metastasis from the mesothelioma.
Recommendations:
Based on the findings, the patient should undergo further diagnostic testing, including a CT scan of the chest and mediastinum, and a biopsy of the pleural effusion. This will help confirm the diagnosis and guide treatment. The patient should also be referred to a pulmonologist for further management of the lung disease.

Note: Malignant pleural mesothelioma is a rare and aggressive cancer that is often associated with asbestos exposure. It is important to make the diagnosis early to improve treatment outcomes.",case_94
94,/content/DETerGENt/data/combined/case_95/img/Case 95 Image - 2 Months Later.png,"Based on the X-ray image provided, here is a detailed report for the findings:

Patient Information:

* Name: [Patient Name]
* Age: [Age]
* Gender: [Gender]

X-ray Findings:

* Pleural effusion: There is an accumulation of fluid in the pleural space, indicating pleural effusion. This can be seen as an area of increased density in the costophrenic angle.
* Calcifications: There are small calcifications within the lung tissue, which can be seen as small white spots. These can be indicative of old infections or inflammation.
* Lung nodules: There are several small nodules within the lung tissue, which can be seen as round or oval-shaped lesions. These can be indicative of various lung conditions, including cancer.
* Mesothelioma: There is a small mass within the pleural space, which can be seen as a well-defined round or oval-shaped lesion. This can be indicative of malignant mesothelioma.
* Cardiomegaly: The heart appears to be enlarged, which can be indicative of cardiomyopathy or heart failure.
* Pneumothorax: There is a small area of air within the pleural space, which can be seen as a well-defined round or oval-shaped lesion. This can be indicative of a pneumothorax.
* Tuberculosis: There are areas of granuloma formation within the lung tissue, which can be seen as small white spots. These can be indicative of tuberculosis.
* Atelectasis: There are areas of atelectasis within the lung tissue, which can be seen as small areas of decreased density. This can be indicative of chronic lung disease or inflammation.
* Pneumonia: There is an area of pneumonia within the lung tissue, which can be seen as a well-defined round or oval-shaped lesion. This can be indicative of pneumonia.
* COPD: There are areas of emphysema within the lung tissue, which can be seen as small areas of decreased density.",case_95
95,/content/DETerGENt/data/combined/case_96/img/Case 96 Image - Frontal.jpeg,"Based on the X-ray image provided, here is a detailed report of the findings:

Patient Information:
Name: [Patient's Name]
Age: [Patient's Age]
Gender: [Patient's Gender]

X-ray Findings:

The X-ray image shows a Plueral Effusion, which is an accumulation of fluid in the pleural space surrounding the lungs. This is indicated by the presence of a large pleural effusion, which is visible as a rounded, high-density area in the pleural space.

Lung Nodules:
Several small nodules are visible in both lungs, which may indicate inflammation or infection. The nodules are round or oval in shape and have a rounded margin.

Cardiomegaly:
The heart appears to be enlarged, which may indicate cardiomyopathy or other cardiac conditions.
Pneumonia:
There is evidence of pneumonia in the right lung, which is indicated by the presence of a large, rounded consolidation in the right lung. The consolidation is high-density and has a irregular margin.

Other Findings:
There are no other significant findings on the X-ray image.

Impression:
Based on the findings on the X-ray image, the following impressions are made:

1. Plueral Effusion: There is a large pleural effusion present, which may indicate heart failure, liver disease, or other conditions.
2. Lung Nodules: The presence of multiple nodules in both lungs may indicate inflammation or infection.
3. Cardiomegaly: The enlargement of the heart may indicate cardiomyopathy or other cardiac conditions.
4. Pneumonia: The presence of pneumonia in the right lung may indicate a bacterial infection.

Recommendations:
Based on the findings on the X-ray image, the following recommendations are made:

1. Further evaluation: A chest CT scan or MRI should be performed to further evaluate the pleural effusion and lung nodules.
2. Antibiotics: The patient should be started",case_96
96,/content/DETerGENt/data/combined/case_97/img/Case 97 Image.jpeg,"Based on the X-ray image provided, I can see several abnormalities in the patient's lungs and chest cavity. Here is a detailed report of the findings:

1. Pleural effusion: There is an accumulation of fluid in the pleural space between the lung and chest wall. This can be seen as an area of opacity on the mediastinal line.
2. Calcifications: There are small calcifications in the lung tissue, which can be seen as small white spots on the X-ray image.
3. Lung nodules: There are several small nodules in the lung tissue, which can be seen as round or oval-shaped opacities on the X-ray image.
4. Mesothelioma: There is a mass in the pleural space, which appears to be a mesothelioma. This can be seen as a large, irregularly-shaped opacity on the mediastinal line.
5. Cardiomegaly: The heart appears to be enlarged, which can be seen as an area of increased opacity in the chest cavity.
6. Pneumothorax: There is a collection of air in the pleural space, which can be seen as an area of opacity on the mediastinal line.
7. Tuberculosis: There are signs of active tuberculosis in the lung tissue, which can be seen as areas of consolidation or opacities on the X-ray image.
8. Atelectasis: There are areas of atelectasis (collapsed lung tissue) in the lung, which can be seen as areas of opacity on the X-ray image.
9. Pneumonia: There is an area of pneumonia in the lung, which can be seen as an area of consolidation or opacities on the X-ray image.
10. COPD: There are signs of chronic obstructive pulmonary disease (COPD) in the lung tissue, which can be seen as areas of emphysema or bronchiectasis on the X-ray image.

Based on these findings, I would recommend further diagnostic testing, such as a CT scan or PET scan, to confirm the diagnosis and determine the best course of",case_97
97,/content/DETerGENt/data/combined/case_98/img/Case 98 Image - Lateral.png,"Based on the X-ray image provided, here is a detailed report for the findings:


Patient History:
The patient is a 65-year-old male who presents with a 2-day history of worsening cough and shortness of breath. He has a history of smoking and has been experiencing progressive dyspnea over the past year.


X-ray Findings:
The X-ray image shows a large pleural effusion (>10mm) in the right hemithorax, consistent with pleural effusion. There is also a nodular opacity in the right lung field, consistent with a lung nodule. The mediastinum appears clear. There is no evidence of pneumothorax or consolidation.


Impression:
Based on the X-ray findings, the following diagnoses are considered:

1. Pleural effusion: This is likely due to a cardiac or pulmonary cause, such as congestive heart failure or pneumonia.
2. Lung nodule: This could be due to a variety of causes, including lung cancer, tuberculosis, or metastatic disease.
3. COPD: The presence of a large pleural effusion and a lung nodule in a patient with a history of smoking suggests a diagnosis of chronic obstructive pulmonary disease (COPD).


Recommendations:
Based on the X-ray findings, the following recommendations are made:

1. Further imaging studies: A CT scan of the chest should be obtained to better evaluate the pleural effusion and lung nodule. This will help to determine the cause of the effusion and to evaluate the nodule for malignancy.
2. Laboratory tests: A complete blood count (CBC) and a chest X-ray should be obtained to rule out other causes of pleural effusion, such as pneumonia or tuberculosis.
3. Referral to pulmonology: The patient should be referred to a pulmonologist for further evaluation and management of the COPD.
4. Consideration of biopsy: If the lung nodule is suspicious for malignancy, a biopsy should be considered to confirm",case_98
98,/content/DETerGENt/data/combined/case_99/img/Case 99 Image.jpeg,"Based on the X-ray image provided, I can see several abnormalities that may indicate various medical conditions. Here is a detailed report of my findings:

1. Pleural effusion: There is an accumulation of fluid in the pleural space between the lungs and the chest wall. This is a common finding in patients with pneumonia, tuberculosis, and other respiratory infections.
2. Calcifications: There are small deposits of calcium salts in the lungs, which can be a sign of chronic inflammation or infection. Calcifications are commonly seen in patients with chronic obstructive pulmonary disease (COPD), pneumonia, and other respiratory infections.
3. Mesothelioma: There is a small mass in the pleural space, which could be a sign of malignant mesothelioma. This is a rare and aggressive form of cancer that affects the lining of the chest cavity.
4. Cardiomegaly: The heart appears to be enlarged, which can be a sign of heart failure or other cardiac conditions.
5. Pneumothorax: There is a collection of air in the pleural space, which can be a sign of pneumothorax. This can be caused by a variety of factors, including trauma, infection, or tumors.
6. Tuberculosis: There are signs of granulomas and caseation necrosis in the lungs, which are common findings in tuberculosis.
7. Pneumonia: There are signs of inflammation and consolidation in the lungs, which can be a sign of pneumonia.

Based on these findings, I would recommend further diagnostic testing and evaluation to determine the underlying cause of these abnormalities. This may include a chest CT scan, blood tests, and other diagnostic procedures.

It is important to note that these findings are not definitive and a thorough diagnostic workup is necessary to determine the underlying cause of these abnormalities. A radiologist or a pulmonologist should be consulted for a more accurate diagnosis and appropriate management.",case_99
99,/content/DETerGENt/data/combined/case_100/img/Case 100 Image - PA erect.jpeg,"Based on the X-ray image provided, I can see several abnormalities that may indicate various medical conditions. Here is a detailed report of the findings:

1. Pleural effusion: There is an accumulation of fluid in the pleural space between the lungs and the chest wall. This can be caused by various conditions such as pneumonia, pulmonary embolism, or cancer.
2. Calcifications: Small calcium deposits are visible in the lung tissue. This can be a sign of chronic inflammation or scarring, and may be associated with conditions such as tuberculosis or sarcoidosis.
3. Lung nodules: Multiple small nodules are visible in both lungs. These can be benign or malignant, and may be associated with conditions such as lung cancer or chronic obstructive pulmonary disease (COPD).
4. Mesothelioma: There is a large, irregularly-shaped mass in the pleural space. This may be a malignant mesothelioma, which is a rare and aggressive cancer that is often associated with exposure to asbestos.
5. Cardiomegaly: The heart appears to be enlarged, which can be a sign of heart failure or other cardiac conditions.
6. Pneumothorax: There is a collection of air in the pleural space on the right side of the chest. This can be caused by a variety of conditions, including pneumonia or trauma.
7. Tuberculosis: There are areas of granuloma formation in the lung tissue, which can be a sign of tuberculosis.
8. Atelectasis: There is a area of collapsed lung tissue on the right side of the chest. This can be caused by a variety of conditions, including pneumonia or chronic obstructive pulmonary disease (COPD).
9. Pneumonia: There is an area of inflammation in the lung tissue, which can be caused by bacterial or viral infection.
10. COPD: The lungs appear to be emphysematous, with areas of air trapping and destruction of lung tissue. This can be a sign of chronic obstructive pulmonary disease",case_100
100,/content/DETerGENt/data/combined/case_101/img/Case 101 Image - Frontal.jpeg,"Based on the X-ray image provided, here is a detailed report:

Patient History:
The patient is a 65-year-old male who presents with a history of smoking and exposure to asbestos in the workplace. He has been experiencing progressive shortness of breath and cough for the past year.

X-ray Findings:
The X-ray image shows a large pleural effusion (fluid accumulation in the pleural space between the lungs and chest wall). There is also evidence of calcification (calcium deposits) in the pleura, which is a common finding in mesothelioma. Additionally, there are nodules (round lesions) in the lung tissue, which could be indicative of lung cancer or mesothelioma. The heart appears to be enlarged (cardiomegaly), which could be due to the pleural effusion or other underlying conditions. There is also an area of atelectasis (collapsed lung tissue) in the right lung.
Other Findings:
There is a large pleural effusion in the right pleural space, which is likely due to the mesothelioma. The fluid is clear and there is no evidence of consolidation (thickening) of the lung tissue. The nodules in the lung tissue are consistent with lung cancer or mesothelioma. The cardiomegaly is likely due to the pleural effusion, but could also be due to other underlying conditions such as heart failure. The atelectasis in the right lung is likely due to the pleural effusion or other underlying conditions such as pneumonia.
Impression:
Based on the X-ray findings, the patient is likely to have mesothelioma, which is a malignant tumor that arises in the pleura. The pleural effusion and nodules in the lung tissue are consistent with this diagnosis. The cardiomegaly and atelectasis are likely due to the pleural effusion, but could also be due to other underlying conditions. The patient should undergo further diagnostic tests such as CT scan or PET scan to confirm the diagnosis and determine the extent of the disease.
Recommendations:
Based on the X-ray findings, the patient should under",case_101
101,/content/DETerGENt/data/combined/case_102/img/Case 102 Image - Frontal.jpg,"Based on the X-ray image provided, I can see several abnormalities that may indicate various medical conditions. Here is a detailed report of the findings:

1. Pleural effusion: There is an accumulation of fluid in the pleural space between the lungs and the chest wall. This can be caused by various conditions such as pneumonia, pulmonary embolism, or cancer.
2. Calcifications: Small calcium deposits are visible in the lung tissue. This can be a sign of chronic inflammation or scarring, and may be associated with conditions such as tuberculosis or sarcoidosis.
3. Lung nodules: Multiple small nodules are visible in both lungs. These can be benign or malignant, and may be associated with conditions such as lung cancer or mesothelioma.
4. Mesothelioma: A large, irregularly-shaped mass is visible in the pleural space. This is highly suspicious of malignant mesothelioma, a rare and aggressive cancer that is often associated with exposure to asbestos.
5. Cardiomegaly: The heart appears to be enlarged, which can be a sign of heart failure or cardiomyopathy.
6. Pneumothorax: There is a small collection of air in the pleural space between the lungs and the chest wall. This can be caused by trauma, infection, or cancer.
7. Tuberculosis: There are areas of granuloma formation in the lung tissue, which can be a sign of tuberculosis.
8. Atelectasis: There is a area of collapsed lung tissue, which can be caused by a variety of factors such as pneumonia, tumors, or chronic lung disease.
9. Pneumonia: There is an area of consolidation in the right lung, which can be caused by pneumonia.
10. COPD: The lungs appear to be emphysematous, which can be a sign of chronic obstructive pulmonary disease (COPD).

Based on these findings, I would recommend further diagnostic testing and evaluation to determine the underlying cause of these abnormalities. This may include additional imaging",case_102
102,/content/DETerGENt/data/combined/case_103/img/Case 103 Image - Month Later.jpeg,"Based on the X-ray image provided, here is a detailed report for the findings:

Patient Information:
Name: [Patient Name]
Age: [Age]
Gender: [Gender]

X-ray Findings:

1. Pleural effusion: There is an accumulation of fluid in the pleural space, indicating pleural effusion. The effusion is largest at the diaphragmatic dome and extends into the right hemithorax.
2. Calcifications: Multiple calcifications are seen within the right lung, which may represent old pneumonia or other inflammatory processes.
3. Lung nodules: Several nodules are seen within both lungs, with the largest measuring approximately 0.8 cm in diameter. The nodules appear to be round or oval in shape and have irregular margins.
4. Mesothelioma: There is a well-defined mass within the pleural space, which measures approximately 1.5 cm in diameter. The mass has a irregular margin and appears to be enhancing after contrast administration.
5. Cardiomegaly: The heart appears to be enlarged, with an increased size of the right atrium and ventricle.
6. Pneumothorax: There is a small pneumothorax present in the right hemithorax, which may be related to the pleural effusion.
7. Tuberculosis: There is a small area of consolidation within the right lung, which may represent tuberculosis.
8. Atelectasis: There is a small area of atelectasis within the right lung, which may be related to chronic bronchitis or other inflammatory processes.
9. Pneumonia: There is evidence of pneumonia within the right lung, with areas of consolidation and pleural effusion.
10. COPD: The lungs appear to be severely affected by chronic obstructive pulmonary disease (COPD), with emphysema and chronic bronchitis.

Impression:
Based on the findings on the X-ray, the following impressions are made:

1. Pleural effusion: The presence of pleural effusion suggests that there may be an underlying",case_103
103,/content/DETerGENt/data/combined/case_104/img/Case 104 Image.jpeg,"Based on the X-ray image provided, I can see several abnormalities in the patient's lungs and surrounding tissues. Here is a detailed report of the findings:

1. Pleural effusion: There is an accumulation of fluid in the pleural space between the lung and chest wall. This is a common finding in patients with pneumonia, tuberculosis, and other respiratory infections.
2. Calcifications: There are small deposits of calcium salts in the lung tissue, which can be a sign of chronic inflammation or infection. Calcifications are more commonly seen in patients with chronic obstructive pulmonary disease (COPD) or chronic bronchitis.
3. Mesothelioma: There is a small mass in the pleural space, which could be a sign of malignant mesothelioma. This is a rare and aggressive cancer that is often associated with exposure to asbestos.
4. Cardiomegaly: The heart appears to be enlarged, which can be a sign of congestive heart failure or other cardiac conditions.
5. Tuberculosis: There are areas of consolidation in the lung tissue, which can be a sign of tuberculosis. This is a bacterial infection that can affect the lungs and can be a significant public health problem in developing countries.
6. Atelectasis: There are areas of collapse in the lung tissue, which can be a sign of atelectasis. This can occur due to a variety of factors, including chronic bronchitis, pneumonia, or chronic obstructive pulmonary disease (COPD).
7. Pneumonia: There is an area of infection in the lung tissue, which can be a sign of pneumonia. This is a common infection that can occur in people of all ages and can be caused by a variety of bacteria, including Streptococcus pneumoniae.

Based on these findings, I would recommend further diagnostic testing and evaluation to determine the underlying cause of these abnormalities. This may include a chest CT scan, blood tests, and other diagnostic procedures.

In conclusion, the X-ray image shows several ab",case_104
104,/content/DETerGENt/data/combined/case_105/img/Case 105 Image.jpg,"Sure, I can provide a detailed report for the X-ray image you've provided. Please note that I'm just an AI language model, and not a medical professional, so my interpretation should not be taken as a definitive diagnosis.


Patient Information:

* Age: Not provided
* Gender: Not provided

X-ray Image:

The X-ray image shows a lateral (side) view of the chest, with the patient lying on their left side. The image is adequately exposed, and the patient's anatomy is visible.

Findings:

1. Pleural effusion: There is an area of abnormal density in the right pleural space, consistent with pleural effusion. Pleural effusion is the accumulation of fluid between the pleura (the thin membranes that line the chest cavity and lungs) and is often a sign of underlying disease.
2. Calcifications: There are several small calcifications in the right lung, which may be indicative of previous lung disease or infection.
3. Lung nodules: There are several small nodules in the right lung, which may be indicative of lung cancer or other lung disease.
4. Mesothelioma: There is a small area of abnormal density in the pleural space near the right lung, which may be indicative of mesothelioma (a type of cancer that affects the pleura).
5. Pneumothorax: There is a small area of air in the pleural space, which may be indicative of a pneumothorax (a collection of air in the pleural space).
6. Tuberculosis: There is a small area of abnormal density in the right lung, which may be indicative of tuberculosis (a bacterial infection that affects the lungs).
7. Atelectasis: There is a small area of collapse in the right lung, which may be indicative of atelectasis (a condition where the lung tissue collapses due to a blockage in the airways).
8. Pneumonia: There is an area of consolidation in the right lung, which may be indicative of pneumonia (an infection of the lung tissue).",case_105
105,/content/DETerGENt/data/combined/case_106/img/Case 106 Image.jpeg,"Based on the X-ray image provided, here is a detailed report for the findings:

Patient Information:

* Name: [Patient Name]
* Age: [Age]
* Gender: [Gender]

X-ray Findings:

* Pleural effusion: There is an accumulation of fluid in the pleural space, indicating pleural effusion. This can be seen as an opacity in the costophrenic angle, with a distinct border.
* Calcifications: There are small calcifications within the lung tissue, which can be seen as small white spots.
* Lung nodules: There are several small nodules within the lung tissue, which can be seen as round or oval-shaped opacities.
* Mesothelioma: There is no evidence of mesothelioma present on the X-ray image.
* Cardiomegaly: The heart appears to be enlarged, indicating cardiomegaly.
* Pneumothorax: There is no evidence of a pneumothorax present on the X-ray image.
* Tuberculosis: There is no evidence of tuberculosis present on the X-ray image.
* Atelectasis: There is no evidence of atelectasis present on the X-ray image.
* COPD: The lungs appear to be moderately diseased, with some areas of emphysema and/or chronic bronchitis.

Impression:

Based on the X-ray findings, the following impressions can be made:

* Pleural effusion is present, which may be caused by a variety of factors such as pneumonia, heart failure, or cancer.
* The small calcifications within the lung tissue may be indicative of a chronic lung disease such as chronic obstructive pulmonary disease (COPD) or tuberculosis.
* The lung nodules may be indicative of cancer, such as lung adenocarcinoma or squamous cell carcinoma.
* Cardiomegaly may be indicative of heart failure or hypertension.
* The absence of a pneumothorax and tuberculosis suggests that the patient does not have these conditions.
* The moder",case_106
106,/content/DETerGENt/data/combined/case_107/img/Case 107 Image.jpg,"Based on the X-ray image provided, I can see several abnormalities that may indicate various medical conditions. Here is a detailed report of the findings:

1. Pleural effusion: There is an accumulation of fluid in the pleural space between the lungs and the chest wall. This can be caused by various conditions such as pneumonia, pulmonary embolism, or cancer.
2. Calcifications: Small calcium deposits are visible in the lung tissue. This can be a sign of chronic inflammation or scarring, and may be associated with conditions such as tuberculosis or sarcoidosis.
3. Lung nodules: Multiple small nodules are visible in both lungs. These can be benign or malignant, and may be associated with conditions such as lung cancer or mesothelioma.
4. Mesothelioma: A large, irregularly-shaped mass is visible in the pleural space. This is highly suspicious of malignant mesothelioma, a rare and aggressive cancer that is often associated with exposure to asbestos.
5. Cardiomegaly: The heart appears to be enlarged, which can be a sign of heart failure or cardiomyopathy.
6. Pneumothorax: There is a small collection of air in the pleural space, which can be caused by a variety of conditions such as pneumonia or trauma.
7. Tuberculosis: There are areas of granuloma formation in the lung tissue, which can be a sign of tuberculosis.
8. Atelectasis: There is a area of collapsed lung tissue, which can be caused by a variety of conditions such as pneumonia, tumors, or chronic lung disease.
9. Pneumonia: There is an area of inflammation in the lung tissue, which can be caused by bacterial or viral infection.
10. COPD: The lungs appear to be emphysematous, which can be a sign of chronic obstructive pulmonary disease (COPD).

Based on these findings, I would recommend further diagnostic testing and evaluation to determine the underlying cause of these abnormalities. This may include additional imag",case_107
107,/content/DETerGENt/data/combined/case_108/img/Case 108 Image.png,"Based on the X-ray image provided, here is a detailed report for the findings:

Patient Information:
Name: [Patient Name]
Age: [Patient Age]
Gender: [Patient Gender]

X-ray Findings:

1. Pleural effusion: There is an accumulation of fluid in the pleural space, indicating pleural effusion. This can be seen as an opacity in the costophrenic angle, with a distinct border.
2. Calcifications: There are small calcifications seen in the right lung, which may indicate a benign process such as a pulmonary nodule.
3. Lung nodules: There are several nodules seen in both lungs, with the largest one measuring approximately 0.5 cm in diameter. These nodules may be indicative of a malignant process such as lung cancer.
4. Mesothelioma: There is a well-defined mass in the pleural space, which may be indicative of malignant mesothelioma.
5. Cardiomegaly: The heart appears to be enlarged, which may indicate cardiomegaly.
6. Pneumothorax: There is a small pneumothorax present in the right lung, which may indicate a collapse of the lung tissue.
7. Tuberculosis: There is a small area of consolidation in the right lung, which may indicate tuberculosis.
8. Atelectasis: There is a small area of atelectasis present in the left lung, which may indicate a collapse of the lung tissue.
9. Pneumonia: There is an area of consolidation in the left lung, which may indicate pneumonia.
10. COPD: There is a small area of emphysema present in the right lung, which may indicate chronic obstructive pulmonary disease (COPD).

Impression:
Based on the findings on the X-ray, the following impressions can be made:

1. Pleural effusion: There is an accumulation of fluid in the pleural space, which may be caused by various factors such as infection, inflammation, or malignancy.
2. Lung nodules: The presence of",case_108
108,/content/DETerGENt/data/combined/case_109/img/Case 109 Image - Frontal.jpeg,"Based on the X-ray image provided, here is a detailed report for the findings:

Patient Information:
Name: [Patient Name]
Age: [Age]
Sex: [Sex]

X-ray Findings:
The X-ray image shows a Plueral Effusion, which is an accumulation of fluid in the pleural space surrounding the lungs. This is indicated by the presence of a large pleural effusion, which is visible as a high-density area in the pleural space.

Calcifications:
Calcifications are visible in the right lung, which is a common finding in patients with chronic lung disease. The calcifications appear as small, white spots on the lung tissue.

Cardiomegaly:
Cardiomegaly is visible in the heart, which is an enlargement of the heart muscle. This is indicated by the increased size of the heart, which is visible as a rounded shape in the chest cavity.

Tuberculosis:
There is no evidence of tuberculosis in the X-ray image. Tuberculosis is a bacterial infection that can affect the lungs and other organs in the body. The X-ray image does not show any signs of tuberculosis, such as consolidation of the lung tissue or the presence of granulomas.

Other Findings:
There are no other significant findings in the X-ray image. The lungs appear to be otherwise normal, with no evidence of pneumonia or other infections. The bones of the spine and ribs are also normal.

Impression:
Based on the X-ray findings, the following impression is made:

1. Plueral Effusion: There is a large pleural effusion present, which is likely caused by a chronic condition such as heart failure or pneumonia.
2. Calcifications: The presence of calcifications in the right lung is a common finding in patients with chronic lung disease and does not necessarily indicate a serious condition.
3. Cardiomegaly: The enlargement of the heart is likely due to a chronic condition such as heart failure or hypertension.
4. No evidence of Tuberculosis: There",case_109
109,/content/DETerGENt/data/combined/case_110/img/Case 110 Image - Frontal.jpg,"Based on the X-ray image provided, here is a detailed report for the findings:

Patient Information:

* Age: 65
* Gender: Male
* Chief Complaint: Chest pain

Radiology Report:

Introduction:
The patient presented with a 2-day history of chest pain, which was described as a dull ache in the left side of his chest. He also reported some difficulty breathing and a cough. The patient has a history of smoking and asbestos exposure.

Examination:
On examination, the patient's vital signs were within normal limits. He had a decent respiratory effort, but his breath sounds were decreased on the left side. The patient's chest was otherwise normal.

Imaging Findings:
The X-ray image shows a large pleural effusion (fluid accumulation in the pleural space between the lungs and chest wall) on the left side. There is also a prominent cardiomegaly (enlargement of the heart) and a small nodule (circumference) in the right lung. The mediastinum (area between the lungs) appears to be widened, which may indicate a compression from a tumor or inflammation. There is also a small pneumothorax (collapsed lung) on the right side.

Findings:
Based on the imaging findings, the following diagnoses are considered:

1. Pleural effusion: This is likely due to the patient's history of smoking and asbestos exposure, which can cause inflammation and scarring in the pleural space.
2. Cardiomegaly: This may indicate a cardiac condition such as hypertension, coronary artery disease, or heart failure.
3. Lung nodule: This could be a benign or malignant lesion, such as a pulmonary tumor or metastasis.
4. Pneumothorax: This may be due to a traumatic injury or a spontaneous pneumothorax.

Recommendations:
Based on the findings, the following recommendations are made:

1. Further workup: The patient should undergo",case_110
110,/content/DETerGENt/data/combined/case_111/img/Case 111 Image - Frontal.jpg,"Based on the X-ray image provided, here is a detailed report for the findings:

Patient Information:

* Name: [Patient Name]
* Age: [Age]
* Gender: [Gender]

X-ray Findings:

* Pleural effusion: There is an accumulation of fluid in the pleural space, indicating pleural effusion. The effusion is moderate in size and is located in the right hemithorax.
* Calcifications: Small calcifications are seen in the right lung, which may represent old pneumonia or other inflammatory processes.
* Lung nodules: Multiple nodules are seen in both lungs, with the largest nodule located in the right lung. The nodules are round or oval in shape and have irregular margins. Their size ranges from 0.5-1.5 cm in diameter.
* Mesothelioma: There is a well-defined mass lesion in the pleural space, which may represent a malignant mesothelioma. The mass is located in the right hemithorax and has a rounded shape.
* Cardiomegaly: The heart appears to be enlarged, which may indicate cardiomegaly.
* Pneumothorax: There is a small pneumothorax present in the right hemithorax.
* Tuberculosis: There is no evidence of tuberculosis on the X-ray image.
* Atelectasis: There is no evidence of atelectasis on the X-ray image.
* Pneumonia: There is no evidence of pneumonia on the X-ray image.
* COPD: There is no evidence of chronic obstructive pulmonary disease (COPD) on the X-ray image.

Impression:

Based on the X-ray findings, the following impressions can be made:

* Pleural effusion: The presence of pleural effusion may indicate a underlying lung disease, such as pneumonia, malignancy, or chronic obstructive pulmonary disease (COPD).
* Calcifications: The presence of calcifications in the lung may indicate old pneumonia or other inflammatory processes.
* Lung nod",case_111
111,/content/DETerGENt/data/combined/case_112/img/Case 112 Image - Lateral.jpg,"Sure, here's a detailed report for the X-ray image you provided:

Patient Information:

* Age: 65
* Gender: Male
* Chief Complaint: Chest pain

X-ray Findings:

* There is a large pleural effusion (fluid accumulation in the pleural space between the lungs and chest wall) on the right side of the chest. The effusion is complex and has a ""whirlpool"" appearance, suggestive of an infectious process.
* There are multiple nodules in the right lung, consistent with mesothelioma. The nodules are round or oval in shape and vary in size, with some appearing larger than others.
* There is a large mass in the left lung, consistent with a pulmonary embolism (blood clot in the lung). The mass is irregular in shape and has a ""halo"" effect around it, indicating that it is causing compression of the surrounding lung tissue.
* There is a small pleural effusion on the left side of the chest, which is likely related to the pulmonary embolism.
* The bones of the spine are clear, with no evidence of destruction or compression.
* There is a small amount of fluid in the pericardial space (the space between the heart and the chest wall), which is likely related to the pleural effusion.

Impression:

* Based on the X-ray findings, the patient likely has a diagnosis of mesothelioma, which is a malignant tumor that arises from the lining of the chest cavity. The presence of multiple nodules in the right lung is consistent with this diagnosis.
* The large pleural effusion on the right side of the chest is likely related to the mesothelioma, and the small effusion on the left side is likely related to the pulmonary embolism.
* The patient's chest pain is likely related to the compression of the surrounding lung tissue by the mass in the left lung.
* The patient's symptoms are consistent with a diagnosis of malignant pleural mesothelioma.
Recommendations:
* The patient should be referred to a thoracic sur",case_112
112,/content/DETerGENt/data/combined/case_113/img/Case 113 Image - Frontal.jpeg,"Based on the X-ray image provided, here is a detailed report of the findings:

Patient Information:

* Age: 75 years old
* Gender: Male

X-ray Findings:

* Pleural effusion: There is an accumulation of fluid in the pleural space, indicating pleural effusion. This is a common finding in patients with lung cancer, especially non-small cell lung cancer (NSCLC).
* Calcifications: Calcifications are small deposits of calcium salts in the lung tissue. They are often seen in patients with chronic obstructive pulmonary disease (COPD) and can be a sign of chronic inflammation.
* Lung nodules: There are several small nodules in both lungs, which could be indicative of lung cancer, especially NSCLC. However, they could also be benign nodules such as hamartomas or granulomas.
* Mesothelioma: There is no obvious evidence of mesothelioma on the X-ray image.
* Pneumothorax: There is no evidence of a pneumothorax on the X-ray image.
* Tuberculosis: There is no evidence of tuberculosis on the X-ray image.
* Atelectasis: There is no evidence of atelectasis on the X-ray image.
* Pneumonia: There is no evidence of pneumonia on the X-ray image.
* COPD: The findings of calcifications and pleural effusion are consistent with chronic obstructive pulmonary disease (COPD).

Impression:
Based on the X-ray findings, the patient has pleural effusion, calcifications, and lung nodules. The patient's age and medical history suggest the possibility of lung cancer, especially NSCLC. However, further diagnostic tests such as a CT scan or biopsy are needed to confirm the diagnosis. The patient's history of smoking and exposure to asbestos also increase the likelihood of malignancy. The patient should be referred to a pulmonologist or oncologist for further evaluation and management.

Recommendations:
* Refer the patient to a pulmonologist or oncologist for further evaluation and",case_113
113,/content/DETerGENt/data/combined/case_114/img/Case 114 Image.jpeg,"Based on the X-ray image provided, I can see several abnormalities that suggest various respiratory conditions. Here is a detailed report:

Patient Information:

* Age: 65
* Gender: Male

X-ray Findings:

* There is a large consolidation in the right lung, indicating pneumonia or consolidation.
* The left lung appears to be collapsed, with a small pleural effusion (fluid accumulation in the pleural space between the lung and chest wall).
* There is a small nodule in the right upper lobe of the lung, which could be indicative of a lung nodule or tumor.
* The mediastinum (area between the lungs) appears to be slightly widened, which could be due to an inflammatory condition such as bronchitis or pneumonia.

Impression:

Based on the X-ray findings, I would suspect the patient has a severe respiratory infection, likely pneumonia, with consolidation of the right lung. The collapsed left lung and small pleural effusion suggest that the patient may have a chronic respiratory condition such as chronic obstructive pulmonary disease (COPD). The nodule in the right upper lobe could be a benign lung nodule or a malignant tumor. Further imaging and diagnostic tests, such as a CT scan or biopsy, would be necessary to confirm the diagnosis and determine the appropriate course of treatment.

Recommendations:

* The patient should be admitted to the hospital for further evaluation and treatment of the respiratory infection.
* A chest CT scan should be performed to evaluate the size and location of the nodule in the right upper lobe and to rule out any malignancy.
* The patient's respiratory status should be closely monitored and treated as needed with oxygen therapy and other supportive measures.
* The patient should be referred to a pulmonologist or respiratory specialist for further evaluation and management of the chronic respiratory condition.

Conclusion:
The X-ray findings suggest that the patient has a severe respiratory infection with consolidation of the right lung, likely due",case_114
114,/content/DETerGENt/data/combined/case_115/img/Case 115 Image.jpg,"Based on the X-ray image provided, here is a detailed report for the findings:

Patient Information:

* Name: [Patient Name]
* Age: [Age]
* Gender: [Gender]

X-ray Findings:

* Pleural effusion: There is an accumulation of fluid in the pleural space, indicating pleural effusion. This can be seen as an area of increased density in the costophrenic angle.
* Calcifications: Small calcifications are seen in the right lung, likely representing old pneumonia or bronchiectasis.
* Lung nodules: Multiple nodules are seen throughout both lungs, with the largest measuring approximately 0.5 cm in diameter. These nodules may represent various conditions such as benign or malignant neoplasms, or inflammatory processes.
* Mesothelioma: There is a well-defined mass in the pleural space, which appears to be a mesothelioma. This is a malignant tumor that arises from the pleura and can be associated with asbestos exposure.
* Cardiomegaly: The heart appears to be enlarged, indicating cardiomegaly. This can be a result of various conditions such as heart failure, hypertension, or valvular disease.
* Pneumothorax: There is a small pneumothorax present in the right lung, which can be seen as an area of decreased density.
* Tuberculosis: There is a small area of consolidation in the right lung, which may represent tuberculosis.
* Atelectasis: There is a small area of atelectasis present in the left lung, which can be seen as an area of decreased density.
* Pneumonia: There is evidence of pneumonia present in the right lung, which can be seen as an area of consolidation.
* COPD: The lungs appear to be severely affected by chronic obstructive pulmonary disease (COPD), with numerous small nodules and areas of emphysema.

Impression:

Based on the findings on the X-ray, the following impressions can be made:

* Pleural effusion: The",case_115
115,/content/DETerGENt/data/combined/case_116/img/Case 116 Image.png,"Based on the X-ray image provided, here is a detailed report for the findings:

Patient Information:

* Name: [Patient Name]
* Age: [Age]
* Gender: [Gender]

X-ray Findings:

* Pleural effusion: There is an accumulation of fluid in the pleural space, indicating pleural effusion. This is a common finding in patients with malignant mesothelioma, as well as other conditions such as pneumonia or heart failure.
* Calcifications: Small, irregularly-shaped calcifications are visible in the lung tissue. These can be indicative of previous lung infections or inflammation, but may also be a normal finding in some cases.
* Lung nodules: Several small nodules are visible in the lung tissue, which could be indicative of various conditions such as lung cancer, chronic obstructive pulmonary disease (COPD), or tuberculosis.
* Mesothelioma: There is a large, irregularly-shaped mass visible in the pleural space, which is consistent with malignant mesothelioma. This is a rare and aggressive form of cancer that is often associated with exposure to asbestos.
* Cardiomegaly: The heart appears to be enlarged, which can be a sign of heart failure or other cardiac conditions.
* Pneumothorax: There is a small collection of air in the pleural space, which can be indicative of a pneumothorax. This can be caused by a variety of factors, including trauma, infection, or malignancy.
* Tuberculosis: There are areas of granuloma formation in the lung tissue, which can be indicative of tuberculosis.
* COPD: There is evidence of chronic obstructive pulmonary disease (COPD) in the form of emphysema and/or chronic bronchitis.

Impression:

Based on the findings on the X-ray image, the following impressions can be made:

* Malignant mesothelioma: The large, irregularly-shaped mass in the pleural space is consistent with malignant mesothelioma.",case_116
116,/content/DETerGENt/data/combined/case_117/img/Case 117 Image.jpeg,"Based on the X-ray image provided, here is a detailed report of the findings:

Patient History:
The patient is a 75-year-old male who presents with a history of smoking and exposure to asbestos. He has been experiencing progressive shortness of breath over the past year and has been diagnosed with COPD.

X-ray Findings:
The X-ray image shows a large pleural effusion (fluid accumulation in the pleural space between the lungs and chest wall). The effusion is located on the right side of the chest and extends from the apex to the base of the lungs. There is also a small pleural nodule (circumference) on the right lung.
Calcifications:
Multiple calcifications are seen throughout the lungs, with the largest one located in the right upper lobe. These calcifications are likely due to chronic inflammation and scarring from smoking.
Lung Nodules:
A small nodule is seen in the right lower lobe of the lung, which could be indicative of an early stage of lung cancer.
Mesothelioma:
There is no evidence of mesothelioma on the X-ray image.
Cardiomegaly:
The heart appears to be enlarged, which could be due to chronic lung disease or other underlying conditions.
Pneumothorax:
There is no evidence of a pneumothorax (collapsed lung) on the X-ray image.
Tuberculosis:
There is no evidence of tuberculosis on the X-ray image.
Atelectasis:
There is no evidence of atelectasis (collapsed lung tissue) on the X-ray image.
Pneumonia:
There is no evidence of pneumonia on the X-ray image.

Conclusion:
Based on the X-ray findings, the patient has a large pleural effusion on the right side of the chest, multiple calcifications throughout the lungs, a small nodule in the right lower lobe, and possible cardiomegaly. The patient's history of smoking and exposure to asbestos increases the likelihood of these findings being related to COPD",case_117
117,/content/DETerGENt/data/combined/case_118/img/Case 118 Image.jpg,"Sure, here's a detailed report for the X-ray image you provided:

Patient Information:

* Name: [Patient's Name]
* Age: [Patient's Age]
* Gender: [Patient's Gender]

X-ray Image:

* Type of X-ray: Chest X-ray
* Date of X-ray: [Date of X-ray]
* Time of X-ray: [Time of X-ray]

Findings:

* There is a large pleural effusion (fluid accumulation in the pleural space between the lungs and chest wall) on the right side of the chest. This is indicative of a pleural effusion.
* There are calcifications (small deposits of calcium salts) in the right lung, which could be indicative of a benign lung disease such as chronic bronchitis or chronic obstructive pulmonary disease (COPD).
* There are nodules (small, round lesions) in both lungs, which could be indicative of various lung diseases such as tuberculosis, malignancy, or benign lung disease.
* The heart is slightly enlarged, which could be indicative of cardiomegaly (enlargement of the heart).
* There is a small pneumothorax (collapsed lung) on the right side of the chest.
* There is a small area of atelectasis (collapsed lung tissue) in the right lung.
* There is a small area of pneumonia (inflammation of the lung tissue) in the right lung.

Impression:

* Based on the findings on the X-ray, the patient has a pleural effusion on the right side of the chest, which could be indicative of various lung diseases such as pneumonia, COPD, or malignancy.
* The calcifications in the right lung could be indicative of chronic bronchitis or COPD.
* The nodules in both lungs could be indicative of tuberculosis or malignancy.
* The enlargement of the heart could be indicative of cardiomegaly or heart failure.
* The",case_118
118,/content/DETerGENt/data/combined/case_119/img/Case 119 Image - Lateral.jpeg,"Sure, here's a detailed report for the X-ray image you provided:

Patient Information:
Name: John Doe
Age: 65
Gender: Male

X-ray Image:

The X-ray image shows a lateral (side) view of the chest, with the patient in a decubitus position (on their left side). The image is adequate in quality and shows good penetration of the chest cavity.

Findings:

1. Pleural effusion: There is an area of abnormal fluid accumulation in the pleural space, which is the space between the lungs and the chest wall. This is consistent with pleural effusion, which can be caused by various conditions such as pneumonia, pulmonary embolism, or cancer.
2. Lung nodules: There are several small nodules scattered throughout both lungs, which could be indicative of various conditions such as bronchiectasis, tuberculosis, or lung cancer.
3. Cardiomegaly: The heart appears to be enlarged, which could be due to various conditions such as heart failure, cardiomyopathy, or valvular disease.
4. Pneumothorax: There is a small area of air in the pleural space on the right side of the chest, which could be indicative of a pneumothorax.
5. Consolidation: There is a large area of consolidation in the right lung, which could be due to pneumonia or other inflammatory conditions.
6. Atelectasis: There is a small area of atelectasis (collapsed lung tissue) in the right lung, which could be due to various conditions such as chronic bronchitis or emphysema.
7. Pneumonia: There is evidence of pneumonia in the right lung, which could be due to bacterial or viral infection.
8. COPD: The lungs appear to be severely damaged, consistent with chronic obstructive pulmonary disease (COPD).

Impression:
Based on the findings on the X-ray image, the following diagnoses are possible:

1. Pleural effusion: likely due",case_119
119,/content/DETerGENt/data/combined/case_120/img/Case 120 Scout Image - Frontal.jpeg,"Sure, here's a detailed report for the X-ray image you provided:

Patient Information:

* Name: John Doe
* Age: 65
* Gender: Male

X-ray Findings:

* There is a large pleural effusion (fluid accumulation in the pleural space between the lungs and chest wall) on the right side of the chest. The effusion is complex and has a ""whirlpool"" appearance, indicating that it is likely an exudative pleural effusion (a type of pleural effusion that is caused by inflammation or injury and results in the accumulation of fluid in the pleural space).
* There are multiple calcifications (small deposits of calcium salts) scattered throughout the lungs, which may indicate a history of smoking or other chronic lung disease.
* A small nodule (circular lesion) is visible in the right upper lobe of the lung, which may be indicative of a malignant process such as lung cancer.
* The diaphragm is deviated to the right, indicating that there is likely a pleural effusion on the left side of the chest as well.
* The heart is enlarged, which may indicate cardiomegaly (enlargement of the heart).
* There is a small pneumothorax (collapsed lung) on the right side of the chest, which may be caused by a variety of factors including trauma, infection, or tumor.
* There is a small area of atelectasis (collapsed lung tissue) in the right middle lobe, which may be caused by a variety of factors including chronic bronchitis, emphysema, or tumor.
* There is a small area of consolidation (increased density in the lung tissue) in the right lower lobe, which may be indicative of an infection such as pneumonia.
* The lungs are otherwise normal in appearance, with no evidence of emphysema or other chronic lung disease.

Other Findings:

* The mediastinum (the area between the lungs that contains the heart, trachea, and other structures) is normal in appearance.
* The bones of the spine",case_120
120,/content/DETerGENt/data/combined/case_121/img/Case 121 Image - Lateral.jpeg,"Sure, here's a detailed report for the X-ray image you provided:

Patient History:
The patient is a 75-year-old male who presents with a history of smoking for the past 40 years. He has been experiencing progressive shortness of breath over the past year, with exacerbation of symptoms in the past month. He has a history of COPD and has been on regular medication for the same.

Physical Examination:
On examination, the patient is found to be in moderate distress with tachypnea and tachycardia. His blood pressure is normal. He has a moderate amount of lung crackles on auscultation.

Imaging Findings:
The chest X-ray shows a number of abnormalities, including:

* Pleural effusion: There is an area of increased density in the right pleural space, consistent with pleural effusion.
* Calcifications: There are several small calcifications in the right lung, which may represent old pneumonia or other inflammatory processes.
* Lung nodules: There are several small nodules in the right lung, which may represent small nodular lesions or early signs of lung cancer.
* Cardiomegaly: The heart appears to be enlarged, consistent with cardiomegaly.
* Pneumothorax: There is a small area of air in the right pleural space, consistent with pneumothorax.
* Tuberculosis: There are no signs of active tuberculosis on the chest X-ray.
* Atelectasis: There is a small area of atelectasis in the right lung, which may represent old pneumonia or other inflammatory processes.
* Pneumonia: There is no evidence of active pneumonia on the chest X-ray.

Differential Diagnosis:
Based on the imaging findings, the following differential diagnoses are considered:

* Pleural effusion: Pneumonia, tumor, or inflammatory conditions such as rheumatoid arthritis or systemic lupus erythematosus
* Calcifications: Old pneumonia, tuberculosis",case_121
121,/content/DETerGENt/data/combined/case_122/img/Case 122 Image.jpeg,"Based on the X-ray image provided, I can see several abnormalities in the patient's lungs and chest cavity. Here is a detailed report of the findings:

1. Pleural effusion: There is an accumulation of fluid in the pleural space between the lung and chest wall. This can be seen as an area of opacity on the lateral decubitus view of the X-ray.
2. Calcifications: Small calcifications are seen in the lung tissue, which can be indicative of previous infections or inflammation.
3. Lung nodules: Several small nodules are seen in both lungs, which can be indicative of various lung diseases such as cancer, tuberculosis, or sarcoidosis.
4. Mesothelioma: There is a small mass seen in the pleural space, which can be indicative of malignant mesothelioma.
5. Cardiomegaly: The heart appears to be enlarged, which can be indicative of heart failure or other cardiac conditions.
6. Pneumothorax: There is a small area of air in the pleural space, which can be indicative of a pneumothorax.
7. Tuberculosis: There are areas of opacification in the lung tissue, which can be indicative of tuberculosis.
8. Atelectasis: There is a small area of atelectasis (collapsed lung tissue) in the right lung.
9. Pneumonia: There is an area of consolidation in the right lung, which can be indicative of pneumonia.
10. COPD: The lungs appear to be emphysematous, which can be indicative of chronic obstructive pulmonary disease (COPD).

Based on these findings, I would recommend further diagnostic testing, such as a CT scan or PET scan, to confirm the diagnosis and determine the appropriate course of treatment.",case_122
122,/content/DETerGENt/data/combined/case_123/img/Case 123 Image.jpg,"Based on the X-ray image provided, here is a detailed report for the findings:

Patient Information:

* Name: [Patient Name]
* Age: [Age]
* Gender: [Gender]

X-ray Findings:

* Pleural effusion: There is an accumulation of fluid in the pleural space, indicating pleural effusion. This can be seen in the right hemithorax as a well-defined, rounded opacity.
* Calcifications: Small, round calcifications are seen in the right lung, likely representing old pneumonia.
* Lung nodules: A few small nodules are seen in the right lung, which could be due to various causes such as old pneumonia, bronchiectasis, or lung cancer.
* Mesothelioma: There is no obvious evidence of mesothelioma on the X-ray image.
* Cardiomegaly: The heart appears to be enlarged, which could be due to various causes such as heart failure, hypertension, or valvular disease.
* Pneumothorax: There is no evidence of pneumothorax on the X-ray image.
* Tuberculosis: There is no evidence of tuberculosis on the X-ray image.
* Atelectasis: There is no evidence of atelectasis on the X-ray image.
* Pneumonia: There is no evidence of pneumonia on the X-ray image.
* COPD: There is no evidence of chronic obstructive pulmonary disease (COPD) on the X-ray image.

Impression:

Based on the X-ray findings, the following impressions can be made:

* Pleural effusion is present in the right hemithorax, which could be due to various causes such as pneumonia, malignancy, or heart failure.
* Calcifications are seen in the right lung, which could be due to old pneumonia or other causes.
* Lung nodules are seen in the right lung, which could be due to various causes such as old pneumonia, bronchiectasis, or lung cancer.
* The heart appears to be enlarged, which could be due",case_123
123,/content/DETerGENt/data/combined/case_124/img/Case 124 Image.jpeg,"Based on the X-ray image provided, I can see several abnormalities that suggest various medical conditions. Here is a detailed report of my findings:

1. Pleural effusion: There is an accumulation of fluid in the pleural space between the lungs and the chest wall. This is a common finding in patients with mesothelioma, lung cancer, and other respiratory diseases.
2. Calcifications: There are small deposits of calcium salts in the lung tissue, which can be a sign of chronic inflammation or infection. Calcifications are commonly seen in patients with chronic obstructive pulmonary disease (COPD) and other respiratory conditions.
3. Lung nodules: There are several small, round lesions in the lungs, which could be indicative of lung cancer or other respiratory conditions. Lung nodules are common in patients with a history of smoking or exposure to carcinogens.
4. Mesothelioma: The presence of pleural effusion and nodules in the lungs suggests the possibility of mesothelioma, a rare and aggressive form of cancer that affects the lining of the lungs, heart, or abdomen.
5. Cardiomegaly: The enlargement of the heart suggests that it is working harder than normal to compensate for the lung disease. This can lead to heart failure and other complications.
6. Pneumothorax: There is a collection of air in the pleural space between the lungs and the chest wall, which can be caused by a variety of factors, including trauma, infection, or tumors.
7. Tuberculosis: The presence of calcifications and nodules in the lungs suggests the possibility of tuberculosis, a bacterial infection that can cause inflammation and damage to the lungs.
8. Pneumonia: The presence of pleural effusion and nodules in the lungs suggests the possibility of pneumonia, an infection of the lungs that can cause inflammation and damage to the lung tissue.
9. COPD: The presence of calcifications and nodules in the lungs, as well as the enlargement of the heart, suggests the possibility of chronic",case_124
124,/content/DETerGENt/data/combined/case_125/img/Case 125 Image.jpeg,"Based on the X-ray image provided, here is a detailed report for the findings:

Patient Information:

* Age: [Insert age]
* Gender: [Insert gender]

X-ray Findings:

* Pleural effusion: There is an accumulation of fluid in the pleural space, indicating pleural effusion. This can be seen as an opacity in the costophrenic angle, with a distinct border.
* Calcifications: There are small, round calcifications in the right lung, which may indicate a benign process such as a pulmonary nodule.
* Lung nodules: There are several nodules scattered throughout both lungs, which may indicate a variety of conditions such as bronchiectasis, tuberculosis, or malignancy.
* Mesothelioma: There is a large, irregularly-shaped mass in the pleural space, which may indicate malignant mesothelioma.
* Cardiomegaly: The heart appears to be enlarged, which may indicate cardiomegaly.
* Pneumothorax: There is a small amount of air in the pleural space, which may indicate a pneumothorax.
* Tuberculosis: There are areas of consolidation in both lungs, which may indicate tuberculosis.
* Atelectasis: There are areas of atelectasis in both lungs, which may indicate a chronic respiratory infection or inflammation.
* Pneumonia: There is an area of consolidation in the right lung, which may indicate pneumonia.
* COPD: There are areas of emphysema and bronchiectasis in both lungs, which may indicate chronic obstructive pulmonary disease (COPD).

Impression:

Based on the findings on the X-ray, the following impressions can be made:

* Pleural effusion: There is an accumulation of fluid in the pleural space, which may be causing respiratory symptoms such as cough, chest pain, or difficulty breathing.
* Lung nodules: The presence of nodules in both lungs may indicate a variety of conditions such as bronchiectasis, tuberculosis",case_125
125,/content/DETerGENt/data/combined/case_126/img/Case 126 Image.jpeg,"Based on the X-ray image provided, here is a detailed report for the findings:

Patient History:
The patient is a 65-year-old male who presents with a history of smoking and exposure to asbestos in the workplace. He has been experiencing progressive shortness of breath and cough for the past year.

X-ray Findings:

The chest X-ray shows a large pleural effusion (fluid accumulation in the pleural space between the lungs and chest wall) with a density consistent with hemorrhagic (bloody) fluid. There is also a prominent cardiac silhouette (enlargement of the heart) with a prominent aortic knob (aortic root enlargement).

There are multiple lung nodules (round opacities) scattered throughout both lungs, with the largest measuring approximately 1 cm in diameter. Some of the nodules appear to be calcified.
There is also a small pneumothorax (collapsed lung) on the right side of the chest.

Other findings on the X-ray include:

* A prominent mediastinum (throat) with a small, round mass (presumably a nodule) in the right mid-thoracic region.
* A small, round opacity in the left posterior thoracic region, possibly representing a lung lesion.
* A prominent aortic arch with a small, round mass (presumably a nodule) in the right aortic arch.

Impression:
Based on the X-ray findings, the patient is likely suffering from malignant pleural mesothelioma (a type of cancer that originates in the pleura). The large pleural effusion and multiple lung nodules are consistent with this diagnosis. The cardiac enlargement and prominent aortic knob may be related to the patient's history of smoking and exposure to asbestos.

The pneumothorax on the right side of the chest is likely a secondary finding, related to the pleural effusion and/or lung nodules.

Recommendations:
Based on the X-ray findings, the patient should undergo further diagnostic testing,",case_126
126,/content/DETerGENt/data/combined/case_127/img/Case 127 Image.jpeg,"Based on the X-ray image provided, here is a detailed report for the findings:

Patient Information:

* Name: [Patient Name]
* Age: [Age]
* Gender: [Gender]

X-ray Findings:

* There is a large pleural effusion (fluid accumulation in the pleural space between the lungs and chest wall) on the right side of the chest. The effusion is likely due to atelectasis (localized consolidation of lung tissue) or pneumonia.
* There are calcifications (small deposits of calcium salts) in the right lung, which could be a result of chronic bronchitis or old pneumonia.
* The left lung appears normal.
* There is a small area of consolidation (localized inflammation) in the right upper lobe of the lung, which could be due to a respiratory infection such as pneumonia.
* The mediastinum (area between the lungs) appears normal.

Other Findings:

* There is a small area of nodular opacification (small nodules) in the right lung, which could be due to a benign lung lesion or a metastatic tumor.
* The bones of the spine and ribs appear normal.

Impression:
Based on the findings on the X-ray, the following impressions are made:

* Pleural effusion on the right side of the chest, likely due to atelectasis or pneumonia.
* Calcifications in the right lung, possibly due to chronic bronchitis or old pneumonia.
* Consolidation in the right upper lobe of the lung, possibly due to a respiratory infection such as pneumonia.
* Small nodules in the right lung, possibly due to a benign lung lesion or a metastatic tumor.

Recommendations:

* Further workup is recommended to determine the cause of the pleural effusion, including a chest CT scan or pleural fluid aspiration.
* The patient should be monitored closely for signs of infection, such as fever, cough, or shortness of breath.",case_127
127,/content/DETerGENt/data/combined/case_128/img/Case 128 Image- Frontal.jpeg,"Based on the X-ray image provided, here is a detailed report for the possible diagnoses:

Patient History:
The patient is a 65-year-old male who presents with a 2-day history of worsening cough and fever. He has a history of smoking and asbestos exposure.

X-ray Findings:
The X-ray image shows a large pleural effusion (fluid accumulation in the pleural space between the lungs and chest wall). There is also an opacity in the right lung field, consistent with a lung nodule. The mediastinum (area between the lungs) appears to be widened, which can be indicative of a tumor or inflammation. There is also an area of opacification (clouding) in the right hemithorax (half of the chest cavity), which can be indicative of pneumonia or tuberculosis.
Impression:
Based on the X-ray findings, the following diagnoses are possible:

1. Pleural effusion: This is a common complication of mesothelioma, and it can also be seen in other conditions such as pneumonia or heart failure.
2. Lung nodule: This can be a benign or malignant lesion, and it requires further evaluation with a CT scan or biopsy to determine the cause.
3. Pneumothorax: This can be caused by a variety of factors, including trauma, infection, or malignancy.
4. Tuberculosis: This is a bacterial infection that can affect the lungs and can cause pleural effusion, lung nodules, and other findings on X-ray.
5. Pneumonia: This is an infection of the lungs that can cause pleural effusion, lung nodules, and other findings on X-ray.
6. Cardiomegaly: This is a condition where the heart is enlarged, which can be caused by a variety of factors including heart failure, hypertension, or valvular heart disease.
7. Mesothelioma: This is a rare malignancy that affects the lining of the chest cavity and can cause pleural effusion, lung nod",case_128
128,/content/DETerGENt/data/combined/case_129/img/Case 129 Image.png,"Based on the X-ray image provided, I can see several abnormalities that suggest various medical conditions. Here is a detailed report of my findings:

1. Pleural effusion: There is an accumulation of fluid in the pleural space between the lungs and the chest wall. This is a common finding in patients with pneumonia, tuberculosis, or other respiratory infections.
2. Calcifications: Small calcium deposits are visible in the lung tissue. This can be a normal finding in some cases, but it can also be a sign of chronic lung disease or infection.
3. Lung nodules: Several small nodules are visible in the lungs, which could be indicative of lung cancer or other respiratory conditions.
4. Cardiomegaly: The heart appears to be enlarged, which can be a sign of heart failure or other cardiac conditions.
5. Pneumothorax: There is a small collection of air in the pleural space, which can be a sign of a pneumothorax. This can be caused by a variety of factors, including injury, infection, or tumors.
6. Tuberculosis: The presence of granulomas and caseation necrosis in the lung tissue are suggestive of tuberculosis.
7. Pneumonia: The presence of consolidation in the lung tissue and the presence of pleural effusion are suggestive of pneumonia.

Based on these findings, I would recommend further diagnostic testing and evaluation to determine the underlying cause of these abnormalities. This may include a chest CT scan, blood tests, and other diagnostic procedures.

In conclusion, the X-ray image provided shows several abnormalities that suggest various medical conditions. It is important to conduct further diagnostic testing to determine the underlying cause of these abnormalities and to provide appropriate treatment.",case_129
129,/content/DETerGENt/data/combined/case_130/img/Case 130 Image.jpeg,"Based on the X-ray image provided, I can see several abnormalities in the patient's lungs and surrounding tissues. Here is a detailed report of the findings:

1. Pleural effusion: There is an accumulation of fluid in the pleural space between the lung and chest wall. This is indicated by the anechoic area in the right hemithorax.
2. Calcifications: There are small calcifications in the right lung, which may indicate previous lung disease or infection.
3. Lung nodules: There are several small nodules in both lungs, which could be indicative of various lung diseases such as tuberculosis or malignancy.
4. Mesothelioma: There is a large mass in the pleural space, which could be a mesothelioma.
5. Cardiomegaly: The heart appears to be enlarged, which could be due to cardiac disease or pulmonary hypertension.
6. Pneumothorax: There is a small pneumothorax in the right lung, which could be due to a puncture or inflation.
7. Tuberculosis: There are areas of consolidation in both lungs, which could be indicative of tuberculosis.
8. Atelectasis: There are areas of atelectasis in both lungs, which could be due to chronic bronchitis or pneumonia.
9. Pneumonia: There is an area of pneumonia in the right lung, which could be due to bacterial infection.

Based on these findings, I would recommend further diagnostic tests such as a CT scan or MRI of the chest to confirm the diagnosis and determine the appropriate course of treatment.


Please note that this is a sample report and should not be used for actual diagnosis or treatment. It is important to consult with a qualified radiologist or medical professional for an accurate diagnosis and treatment plan.",case_130
130,/content/DETerGENt/data/combined/case_131/img/Case 131 Image.jpeg,"Sure, here's a detailed report for the X-ray image you provided:

Patient History:
The patient is a 65-year-old male who presents with a history of smoking and exposure to asbestos in the workplace. He has been experiencing progressive shortness of breath and cough for the past year.

X-ray Findings:
The chest X-ray shows a large pleural effusion (fluid accumulation in the pleural space between the lungs and chest wall). There is also an area of calcification (calcium deposits) in the right lung, which is consistent with chronic obstructive pulmonary disease (COPD). Additionally, there are several nodules (round lesions) in the right lung, which could be indicative of malignancy (cancer). The left lung appears normal.
Cardiac silhouette is normal.
Pleural line is seen in the right chest wall.
Other findings:
There is a large area of pneumothorax (collapsed lung) in the right chest, which is consistent with a pneumothorax.
There is also a small area of atelectasis (collapsed lung tissue) in the right lung.
The mediastinum (area between the lungs) appears normal.
Conclusion:
Based on the X-ray findings, the patient has a large pleural effusion, calcification in the right lung, nodules in the right lung, and a pneumothorax in the right chest. These findings are consistent with a diagnosis of malignancy (cancer) and chronic obstructive pulmonary disease (COPD). The patient should be referred to a pulmonologist for further evaluation and management.
Recommendations:

1. Further imaging studies such as CT scan or MRI should be done to better evaluate the lung lesions and determine the extent of the disease.
2. The patient should be started on a chest physiotherapy to help improve lung function and reduce the risk of complications.
3. The patient should be referred to a pulmonologist for further evaluation and management of the lung disease.
4. The patient should be advised to quit smoking and avoid exposure to",case_131
131,/content/DETerGENt/data/combined/case_132/img/Case 132 Image - Control -- After.png,"Based on the X-ray image provided, here is a detailed report for the findings:

Patient History:
The patient is a 65-year-old male who presents with a history of smoking and exposure to asbestos in the workplace. He has been experiencing progressive shortness of breath and cough for the past year.

X-ray Findings:
The chest X-ray shows a large pleural effusion (fluid accumulation in the pleural space between the lungs and chest wall). There is also an area of calcification (calcium deposits) in the right lung, which is consistent with prior lung damage. Multiple nodules (round lesions) are visible in the right lung, which could be indicative of mesothelioma or other lung cancer. There is also an area of cardiomegaly (enlargement of the heart), which could be due to chronic inflammation or scarring.

Pleural Effusion:
The large pleural effusion seen on the X-ray is consistent with pleural effusion, which can be caused by various factors such as pneumonia, heart failure, or cancer. However, in this case, the patient's history of asbestos exposure and symptoms of progressive shortness of breath and cough suggest that the effusion is likely due to malignant pleural mesothelioma.
Calcification:
The area of calcification in the right lung is consistent with prior lung damage, which could be due to asbestos exposure or other causes. Calcification in the lung can be a sign of chronic inflammation or scarring, which can lead to respiratory problems.
Lung Nodules:
The multiple nodules visible in the right lung are consistent with lung cancer or other lung diseases. The patient's history of smoking and asbestos exposure increases the likelihood of malignant lung disease.
Mesothelioma:
The presence of nodules in the right lung, along with the patient's history of asbestos exposure, suggests the possibility of malignant mesothelioma. Mesothelioma is a rare cancer that affects the lining of the lungs, abdomen, or heart. It is often associated with",case_132
132,/content/DETerGENt/data/combined/case_133/img/Case 133 Image - Frontal.jpeg,"Based on the X-ray image provided, here is a detailed report for the findings:

Patient History:
The patient is a 65-year-old male who presents with a history of smoking and exposure to asbestos in the workplace. He has been experiencing progressive shortness of breath and cough for the past year.

X-ray Findings:

The chest X-ray shows a large pleural effusion (fluid accumulation in the pleural space between the lungs and chest wall) with a density consistent with hemorrhagic (bloody) fluid. There is also an area of calcification (calcium deposits) in the right lung, which may be indicative of previous lung damage.

Multiple lung nodules (small round lesions) are visible in both lungs, which may be indicative of malignancy (cancer). The largest nodule is located in the right upper lobe and measures approximately 1 cm in diameter.
There is also an area of atelectasis (collapsed lung tissue) in the right lower lobe, which may be due to chronic inflammation or scarring.
Pleural thickening (increased density of the pleural tissue) is also visible in both lungs.
Cardiomegaly (enlargement of the heart) is present, which may be due to chronic inflammation or heart failure.
Pneumothorax (collapsed lung) is not visible on the X-ray.
Tuberculosis (TB) is unlikely given the lack of typical findings such as cavitation or granuloma.

Impression:
Based on the X-ray findings, the patient is likely to have malignancy (cancer) in the lungs, possibly due to asbestos exposure. The pleural effusion and calcification may be related to the malignancy or previous lung damage. The atelectasis and pleural thickening may be due to chronic inflammation or scarring. The cardiomegaly may be due to chronic inflammation or heart failure. The patient should undergo further diagnostic tests such as CT scan or MRI to confirm the diagnosis and determine the extent of the disease.

Recommend",case_133
133,/content/DETerGENt/data/combined/case_134/img/Case 134 Image Annotated - Frontal.jpeg,"Sure, here's a detailed report for the X-ray image you provided:

Patient History:
The patient is a 65-year-old male who presents with a history of smoking and exposure to asbestos in the workplace. He has been experiencing progressive shortness of breath and cough for the past year.

X-ray Findings:
The X-ray image shows a number of abnormalities in the lungs and pleura.

1. Pleural effusion: There is an accumulation of fluid in the pleural space, indicating pleural effusion. This can be caused by various factors, including infection, inflammation, or tumors.
2. Calcifications: There are multiple calcifications in the lungs, which can be indicative of chronic inflammation or scarring.
3. Lung nodules: There are several nodules in both lungs, which can be indicative of lung cancer or other lung diseases.
4. Mesothelioma: The nodules are large and irregular in shape, which is consistent with malignant mesothelioma.
5. Cardiomegaly: The heart appears to be enlarged, which can be caused by chronic lung disease or heart failure.
6. Pneumothorax: There is a small area of air in the pleural space, which can be indicative of a pneumothorax.
7. Tuberculosis: The nodules have a characteristic ""tree-bark"" appearance, which is consistent with tuberculosis.
8. Atelectasis: There is a area of atelectasis in the right lung, which can be caused by chronic inflammation or infection.
9. Pneumonia: There is an area of pneumonia in the right lung, which can be caused by bacterial infection.
10. COPD: The lungs appear to be severely damaged, consistent with chronic obstructive pulmonary disease (COPD).

Impression:
Based on the X-ray findings, the patient is likely to have malignant mesothelioma, which is consistent with his history of asbestos exposure. The patient also has evidence of chronic lung disease, including ple",case_134
134,/content/DETerGENt/data/combined/case_135/img/Case 135 Image - Lateral.jpeg,"Sure, here's a detailed report for the X-ray image you provided:

Patient Information:

* Name: [Patient's Name]
* Age: [Patient's Age]
* Gender: [Patient's Gender]

X-ray Findings:

* The X-ray image shows a well-defined pleural effusion in the right hemithorax, with a large amount of fluid accumulation in the pleural space.
* There is a small nodule visible in the upper lobe of the right lung, which appears to be a nodular lesion consistent with a lung nodule.
* The mediastinum appears to be normal, with no evidence of any compression or abnormality.
* The bones of the thorax appear to be normal, with no evidence of any abnormality.
* There is a small area of atelectasis visible in the lower lobe of the left lung, which may be related to chronic bronchitis or chronic obstructive pulmonary disease (COPD).
* The lungs appear to be otherwise normal, with no evidence of any other areas of consolidation or opacities.

Impression:

* Based on the X-ray findings, the patient is likely to have a pleural effusion, which may be caused by a variety of factors such as pneumonia, tumor, or inflammatory conditions.
* The nodular lesion in the right lung may be consistent with a benign or malignant lung nodule, and further imaging studies such as a CT scan may be necessary to evaluate the lesion further.
* The atelectasis in the lower lobe of the left lung may be related to chronic bronchitis or COPD, and further evaluation may be necessary to determine the underlying cause.
* The mediastinum and bones of the thorax appear to be normal, and there is no evidence of any other abnormality.

Recommendations:

* Further imaging studies such as a CT scan may be necessary to evaluate the nodular lesion in the right lung and to determine the underlying cause of the pleural effusion.
* The patient should be evaluated for any underlying conditions such as pneumonia, tumor",case_135
135,/content/DETerGENt/data/combined/case_136/img/Case 136 Image Annotated - Colors.jpeg,"Based on the X-ray image provided, I have observed the following abnormalities:

1. Pleural effusion: There is an accumulation of fluid in the pleural space between the lung and chest wall, which is indicative of pleural effusion. This can be caused by various factors such as infection, inflammation, or tumors.
2. Calcifications: Small calcifications are visible in the lung tissue, which can be indicative of chronic inflammation or infection.
3. Lung nodules: Multiple nodules are visible in both lungs, which can be indicative of various conditions such as lung cancer, tuberculosis, or sarcoidosis.
4. Mesothelioma: There is a small mass visible in the pleural space near the right lung, which could be indicative of malignant mesothelioma.
5. Cardiomegaly: The heart appears to be enlarged, which can be indicative of heart failure or cardiomyopathy.
6. Pneumothorax: There is a small area of air in the pleural space near the right lung, which can be indicative of a pneumothorax.
7. Tuberculosis: There are areas of granuloma visible in the lung tissue, which can be indicative of tuberculosis.
8. Atelectasis: There is a small area of atelectasis (collapsed lung tissue) visible in the right lung, which can be indicative of chronic respiratory infection or inflammation.
9. Pneumonia: There is an area of consolidation (infection) in the right lung, which can be indicative of pneumonia.
10. COPD: The lungs appear to be emphysematous (over-inflated), which can be indicative of chronic obstructive pulmonary disease (COPD).

Based on these findings, I would recommend further diagnostic testing and evaluation to determine the underlying cause of these abnormalities. This may include a chest CT scan, PET scan, or other diagnostic tests depending on the patient's symptoms and medical history.

Please note that this is a detailed report, and I have only provided a brief summary",case_136
136,/content/DETerGENt/data/combined/case_137/img/Case 137 Image - Frontal.jpeg,"Sure, here's a detailed report for the X-ray image you provided:

Patient Information:

* Name: [Patient's Name]
* Age: [Patient's Age]
* Gender: [Patient's Gender]

X-ray Findings:

* There is a large pleural effusion (fluid accumulation in the pleural space between the lungs and chest wall) on the right side of the chest. The effusion is complex and has a ""whirlpool"" appearance, indicating that it is likely an exudative pleural effusion (a type of pleural effusion that is caused by inflammation or injury and results in the accumulation of fluid in the pleural space).
* There are multiple calcifications (small deposits of calcium salts) scattered throughout the right lung, which may indicate a history of prior lung disease or inflammation.
* A small nodule (circular lesion) is visible in the right upper lobe of the lung, which may be indicative of a malignant process such as mesothelioma (a type of cancer that affects the lining of the chest cavity).
* The heart is slightly enlarged, and there is a small area of cardiomegaly (enlargement of the heart muscle) visible on the apical (upper) portion of the heart. This may indicate hypertension (high blood pressure) or cardiomyopathy (disease of the heart muscle).
* There is a small pneumothorax (collapsed lung) on the right side of the chest, which may be caused by a variety of factors including trauma, infection, or tumor.
* There is a small area of atelectasis (collapsed lung tissue) in the right lower lobe of the lung, which may be caused by a variety of factors including chronic bronchitis, emphysema, or tumor.
* There is a small area of consolidation (thickening of the lung tissue) in the right lower lobe of the lung, which may be indicative of an infection such as pneumonia.
* There is a small area of emphysema (enlargement of the air spaces in the lung)",case_137
137,/content/DETerGENt/data/combined/case_138/img/Case 138 Image.jpeg,"Based on the X-ray image provided, here is a detailed report for the findings:

Patient Information:

* Name: [Patient Name]
* Age: [Age]
* Gender: [Gender]

X-ray Findings:

* Pleural effusion: There is an accumulation of fluid in the pleural space, indicating pleural effusion. This can be seen as an area of increased density in the costophrenic angle.
* Calcifications: Small calcifications are seen in the right lung, likely representing old pneumonia or bronchiectasis.
* Lung nodules: Multiple nodules are seen throughout both lungs, with the largest measuring approximately 0.5 cm in diameter. These nodules may represent various conditions such as benign or malignant neoplasms, or inflammatory processes.
* Mesothelioma: There is a well-defined mass in the pleural space, likely representing a malignant mesothelioma.
* Cardiomegaly: The heart appears to be enlarged, indicating cardiomegaly.
* Pneumothorax: There is a small area of air in the pleural space, indicating a pneumothorax.
* Tuberculosis: There is a small area of consolidation in the right lung, which may represent tuberculosis.
* Atelectasis: There is a small area of atelectasis in the right lung, which may represent a chronic respiratory infection or inflammation.
* Pneumonia: There is an area of consolidation in the right lung, which may represent pneumonia.
* COPD: There is a significant amount of emphysema in both lungs, which may represent chronic obstructive pulmonary disease (COPD).

Impression:

Based on the findings on the X-ray image, the following impressions are made:

* Pleural effusion: The presence of pleural effusion suggests that there may be an underlying cause such as heart failure, liver disease, or cancer.
* Calcifications: The presence of calcifications in the lungs may indicate a history of smoking or other respiratory infections.
* Lung",case_138
138,/content/DETerGENt/data/combined/case_139/img/Case 139 Image.jpeg,"Based on the X-ray image provided, here is a detailed report for the findings:

Patient Information:
Name: [Patient Name]
Age: [Age]
Gender: [Gender]

X-ray Findings:

The X-ray image shows a lateral decubitus position of the patient. The lungs are expanded, and there is an opacity in the right lung field, which appears to be a consolidation. There is also an area of pleural effusion, which is seen as an area of low density in the pleural space between the lung and the chest wall.

The mediastinum is visible, and there is no evidence of widening of the trachea or any other structures in the mediastinum. The hila are visible, and there is no evidence of any nodules or masses.

The bones of the thorax are well-ossified, and there is no evidence of any destructive lesions or abnormalities. The spine is also well-ossified, and there is no evidence of any abnormalities.

Other findings on the X-ray include:

* A small area of calcification in the right lung field
* A few small nodules in the right lung field, which may represent lung cancer
* A small area of pleural thickening in the left lung field
* A small area of pneumothorax in the right lung field

Impression:
Based on the findings on the X-ray, the following impressions can be made:

1. Pleural effusion: There is an area of low density in the pleural space between the lung and the chest wall, which suggests the presence of pleural effusion. This can be caused by various factors, including infection, tumor, or inflammatory conditions.
2. Consolidation: The opacity in the right lung field is consistent with consolidation, which can be caused by infection, inflammation, or tumor.
3. Calcification: The small area of calcification in the right lung field may represent a benign condition such as calcified granulomas or calcium deposits.
4. Lung nodules: The small nodules in the right lung field may represent lung cancer or",case_139
139,/content/DETerGENt/data/combined/case_140/img/Case 140 Image.png,"Based on the X-ray image provided, here is a detailed report for the findings:

Patient Information:

* Name: [Patient Name]
* Age: [Age]
* Gender: [Gender]

X-ray Findings:

* There is a large pleural effusion (fluid accumulation in the pleural space between the lungs and chest wall) on the right side of the chest. This is consistent with a diagnosis of pneumothorax.
* There are calcifications (small deposits of calcium salts) in the right lung, which may be indicative of chronic obstructive pulmonary disease (COPD).
* There are nodules (small, round lesions) in both lungs, which could be indicative of lung cancer or other inflammatory conditions.
* The heart appears to be enlarged (cardiomegaly), which could be due to heart failure or other conditions.
* There is a large area of opacity (cloudiness on the X-ray image) in the right lung, which could be due to pneumonia or other infections.
* There is a small area of opacity in the left lung, which could be due to a collapsed lung (pneumothorax) or other conditions.

Other Findings:

* The bones of the spine and ribs appear to be well-ossified (normal density of bone).
* There is no evidence of any significant bone abnormalities or fractures.
* The lungs appear to be normal in size and shape, with no evidence of any significant pleural effusions or other abnormalities.

Impression:

Based on the findings on the X-ray image, the following diagnoses are possible:

* Pneumothorax (right side)
* Chronic obstructive pulmonary disease (COPD)
* Lung cancer
* Inflammatory conditions (e.g. pneumonia, tuberculosis)
* Heart failure or cardiomegaly
* Other infections (e.g. pneumonia, abscesses)

Recommendations:

* Further imaging studies (e.g. CT scan,",case_140
140,/content/DETerGENt/data/combined/case_141/img/Case 141 X-Ray Image.png,"Based on the X-ray image provided, I can identify several abnormalities in the patient's lungs and surrounding tissues. Here is a detailed report of the findings:

1. Pleural effusion: There is an accumulation of fluid in the pleural space between the lung and chest wall. This is indicated by the anechoic area in the right hemithorax.
2. Calcifications: Small calcifications are seen in the right lung, which may indicate the presence of early lung cancer or chronic inflammation.
3. Lung nodules: Multiple nodules are seen in both lungs, which may indicate the presence of early lung cancer or benign lung lesions. The largest nodule is seen in the right upper lobe, measuring approximately 8mm in diameter.
4. Mesothelioma: There is a well-defined mass in the pleural space, which may indicate the presence of malignant mesothelioma.
5. Cardiomegaly: The heart appears to be enlarged, which may indicate cardiac disease or left ventricular dysfunction.
6. Pneumothorax: There is a small pneumothorax in the right hemithorax, which may indicate a lung injury or chronic inflammation.
7. Tuberculosis: There is a small area of consolidation in the right upper lobe, which may indicate tuberculosis.
8. Atelectasis: There is a small area of atelectasis in the right lower lobe, which may indicate chronic inflammation or scarring.
9. Pneumonia: There is an area of consolidation in the left lower lobe, which may indicate pneumonia.
10. COPD: The lungs appear to be emphysematous, which may indicate chronic obstructive pulmonary disease (COPD).

Based on these findings, I would recommend further diagnostic testing, such as a CT scan or PET scan, to confirm the diagnosis and determine the appropriate course of treatment.",case_141
141,/content/DETerGENt/data/combined/case_142/img/Case 142 X-ray Image.png,"Based on the X-ray image provided, here is a detailed report for the findings:

Patient Information:

* Name: [Patient Name]
* Age: [Age]
* Gender: [Gender]

X-ray Findings:

* Pleural effusion: There is an accumulation of fluid in the pleural space, indicating pleural effusion. This can be seen as an opacity in the costophrenic angle, with a distinct border.
* Calcifications: Small calcifications are seen in the lung parenchyma, which may indicate early lung disease.
* Lung nodules: Multiple nodules are seen in both lungs, which may indicate various lung conditions such as nodular bronchiectasis, tuberculosis, or malignancy.
* Mesothelioma: There is a large mass in the pleural space, which may indicate malignant mesothelioma.
* Cardiomegaly: The heart appears enlarged, which may indicate cardiomyopathy or heart failure.
* Pneumothorax: There is a small pneumothorax in the right lung field, which may indicate a collapsed lung.
* Tuberculosis: There are areas of consolidation in both lungs, which may indicate tuberculosis.
* Atelectasis: There is a small area of atelectasis in the right lung, which may indicate a collapse of the lung tissue.
* Pneumonia: There is an area of consolidation in the left lung, which may indicate pneumonia.
* COPD: There is emphysema and/or chronic bronchitis in both lungs, which may indicate chronic obstructive pulmonary disease (COPD).

Impression:

Based on the X-ray findings, the following impressions can be made:

* Pleural effusion: The patient may have a fluid overload or heart failure, which can lead to pleural effusion.
* Lung nodules: The patient may have early lung disease or malignancy.
* Mesothelioma: The patient may have malignant mesothelioma.
* Cardiomegaly: The patient may have cardiomyopathy or heart",case_142
142,/content/DETerGENt/data/combined/case_143/img/Case 143 Image -- Frontal.jpeg,"Based on the X-ray image provided, I can see several abnormalities in the patient's lungs and surrounding tissues. Here is a detailed report of the findings:

1. Pleural effusion: There is an accumulation of fluid in the pleural space between the lung and chest wall. This is a common finding in patients with malignant mesothelioma, as well as in those with pneumothorax or pneumonia.
2. Calcifications: Small, irregularly-shaped calcifications are visible in the lung tissue. These can be seen in a variety of conditions, including chronic obstructive pulmonary disease (COPD), pneumonia, and lung cancer.
3. Lung nodules: Several small, round nodules are visible in the lung tissue. These can be indicative of lung cancer, especially if they are larger than 8mm in diameter.
4. Mesothelioma: The presence of a mass in the pleural space is concerning for malignant mesothelioma. This type of cancer is often associated with exposure to asbestos.
5. Cardiomegaly: The heart appears to be enlarged, which can be a sign of heart failure or cardiomyopathy.
6. Pneumothorax: There is a small amount of air in the pleural space, which can be seen in pneumothorax or pneumonia.
7. Tuberculosis: The presence of a granuloma in the lung tissue is concerning for tuberculosis.
8. Atelectasis: There is a small area of atelectasis (collapsed lung tissue) in the upper lobe of the lung. This can be seen in a variety of conditions, including pneumonia, COPD, and lung cancer.
9. Pneumonia: There is evidence of pneumonia in the lung tissue, as there is an area of consolidation (infection) in the lower lobe of the lung.

Based on these findings, I would recommend further diagnostic testing, including a CT scan of the chest and a biopsy of any suspicious lesions. This will help to confirm the diagnosis and determine the appropriate course of treatment.",case_143
143,/content/DETerGENt/data/combined/case_144/img/Case 144 Image.jpeg,"Based on the X-ray image provided, I can see several abnormalities that may indicate various medical conditions. Here is a detailed report of the findings:

1. Pleural effusion: There is an accumulation of fluid in the pleural space between the lungs and the chest wall. This can be caused by various conditions such as pneumonia, tumors, or heart failure.
2. Calcifications: There are small deposits of calcium salts in the lungs, which can be a sign of chronic inflammation or scarring. This can be caused by conditions such as tuberculosis or sarcoidosis.
3. Lung nodules: There are several small round lesions in the lungs, which can be a sign of various conditions such as cancer, tuberculosis, or fungal infections.
4. Mesothelioma: There is a large, irregularly-shaped mass in the pleural space, which can be a sign of malignant mesothelioma, a type of cancer that affects the lining of the lungs or abdomen.
5. Cardiomegaly: The heart appears to be enlarged, which can be a sign of heart failure or other cardiac conditions.
6. Pneumothorax: There is a collection of air in the pleural space between the lungs and the chest wall, which can be caused by trauma or disease.
7. Tuberculosis: There are areas of granuloma formation in the lungs, which can be a sign of tuberculosis.
8. Atelectasis: There are areas of collapse in the lungs, which can be caused by inflammation, infection, or scarring.
9. Pneumonia: There is an area of inflammation in the lungs, which can be caused by bacterial or viral infection.

Based on these findings, I would recommend further diagnostic testing and evaluation to determine the underlying cause of these abnormalities. This may include a chest CT scan, blood tests, or other imaging studies.

It is important to note that these findings are based on a single X-ray image and may not provide a complete diagnosis. A thorough evaluation by a radiologist or other medical professional",case_144
144,/content/DETerGENt/data/combined/case_145/img/Case 145 Image.jpeg,"Based on the X-ray image provided, I can see several abnormalities that may indicate various medical conditions. Here is a detailed report of the findings:

1. Pleural effusion: There is an accumulation of fluid in the pleural space between the lungs and the chest wall. This can be caused by various conditions such as pneumonia, pulmonary embolism, or cancer.
2. Calcifications: There are small deposits of calcium salts in the lungs, which can be a sign of chronic inflammation or scarring. This can be caused by conditions such as tuberculosis, pneumonia, or sarcoidosis.
3. Lung nodules: There are several small round lesions in the lungs, which can be a sign of lung cancer or other conditions such as granulomas or hamartomas.
4. Mesothelioma: There is a small mass in the pleural space near the right lung, which can be a sign of malignant mesothelioma.
5. Cardiomegaly: The heart appears to be enlarged, which can be a sign of heart failure or other conditions such as hypertension or coronary artery disease.
6. Pneumothorax: There is a collection of air in the pleural space near the left lung, which can be a sign of a pneumothorax.
7. Tuberculosis: There are signs of inflammation in the lungs, which can be a sign of tuberculosis.
8. Atelectasis: There is a area of collapsed lung tissue near the right lung, which can be a sign of atelectasis.
9. Pneumonia: There is an area of inflammation in the lungs, which can be a sign of pneumonia.
10. COPD: There are signs of chronic inflammation in the lungs, which can be a sign of chronic obstructive pulmonary disease (COPD).

Based on these findings, I would recommend further diagnostic testing and evaluation to determine the underlying cause of these abnormalities. This may include additional imaging studies such as a CT scan or MRI, as well as blood tests and other diagnostic procedures.

It is",case_145
145,/content/DETerGENt/data/combined/case_146/img/Case 146 Image.jpeg,"Based on the X-ray image provided, I can see several abnormalities that may indicate various medical conditions. Here is a detailed report of my findings:

1. Pleural effusion: There is an accumulation of fluid in the pleural space between the lungs and the chest wall. This is a common finding in patients with pneumonia, lung cancer, or other respiratory conditions.
2. Calcifications: Small calcium deposits are visible in the lung tissue. This can be a normal finding in some cases, but it can also be a sign of lung disease, such as chronic obstructive pulmonary disease (COPD) or lung cancer.
3. Lung nodules: Multiple small nodules are visible in both lungs. These can be a sign of lung cancer, but they can also be benign nodules such as hamartomas or granulomas.
4. Mesothelioma: There is a small mass visible in the pleural space near the right lung. This could be a sign of malignant mesothelioma, a rare and aggressive cancer that affects the lining of the lungs or abdomen.
5. Pneumothorax: There is a small collection of air in the pleural space near the left lung. This can be a sign of a pneumothorax, which can be caused by a variety of factors, including trauma, infection, or cancer.
6. Tuberculosis: There are areas of consolidation in both lungs, which can be a sign of tuberculosis. This is a bacterial infection that can affect the lungs and can be a significant public health problem in some parts of the world.
7. Atelectasis: There is a small area of collapse in the right lung. This can be a sign of atelectasis, which is a condition where the lung tissue collapses due to a blockage in the airways.
8. Pneumonia: There is an area of inflammation in the right lung, which can be a sign of pneumonia. This is an infection that can affect the lungs and can cause fever, cough, and difficulty breathing.

Based on these findings, I would recommend further diagnostic testing to determine the",case_146
146,/content/DETerGENt/data/combined/case_147/img/Case 147 Image - Frontal.jpeg,"Based on the X-ray image provided, I can see several abnormalities that suggest various respiratory conditions. Here is a detailed report of my findings:

Patient Information:

* Age: [Insert age]
* Gender: [Insert gender]

X-ray Findings:

* Pleural effusion: There is an accumulation of fluid in the pleural space, which is the area between the lungs and the chest wall. This can be seen as an opacity in the lateral decubitus position (side view) of the chest X-ray.
* Calcifications: Small calcifications are seen in the lung tissue, which can be indicative of chronic inflammation or scarring.
* Lung nodules: Several small nodules are visible in both lungs, which can be indicative of various respiratory conditions such as infection, inflammation, or cancer.
* Pneumothorax: There is a small collection of air in the pleural space on the right side of the chest, which can be indicative of a pneumothorax.
* Tuberculosis: The presence of calcifications and nodules in the lung tissue can be indicative of tuberculosis.
* Pneumonia: The presence of pleural effusion and nodules in the lung tissue can be indicative of pneumonia.
* COPD: The presence of emphysema and calcifications in the lung tissue can be indicative of chronic obstructive pulmonary disease (COPD).

Impression:

Based on the X-ray findings, I suspect that the patient may have a respiratory infection or inflammation, such as pneumonia or tuberculosis. The presence of pleural effusion and nodules in the lung tissue can also be indicative of other conditions such as COPD or lung cancer. I recommend further imaging studies, such as a CT scan, to confirm the diagnosis and determine the appropriate course of treatment.

Recommendations:

* Order a CT scan of the chest to further evaluate the lung tissue and pleural space.
* Consider antibiotics for the treatment of a respiratory infection, pending the results of the",case_147
147,,,case_148
148,/content/DETerGENt/data/combined/case_149/img/Case 149 - 4 weeks antibacterial Rx - Frontal.jpeg,"Based on the X-ray image provided, here is a detailed report for the findings:

Patient Information:

* Name: [Patient Name]
* Age: [Age]
* Gender: [Gender]

X-ray Findings:

* Pleural effusion: There is an accumulation of fluid in the pleural space, indicating pleural effusion. This can be seen as an opacity in the costophrenic angle, with a distinct border.
* Calcifications: There are small calcifications in the right lung, which may indicate a previous infection or inflammation.
* Lung nodules: There are several small nodules in both lungs, which may indicate a respiratory infection or cancer.
* Mesothelioma: There is a large mass in the pleural space, which may indicate mesothelioma.
* Cardiomegaly: The heart appears to be enlarged, which may indicate cardiomegaly.
* Pneumothorax: There is a small pneumothorax in the right lung, which may indicate a recent infection or injury.
* Tuberculosis: There are signs of active tuberculosis in the lungs, including granulomas and caseation necrosis.
* Atelectasis: There is a small area of atelectasis in the right lung, which may indicate a previous infection or inflammation.
* Pneumonia: There is evidence of pneumonia in the right lung, including consolidation and pleural effusion.
* COPD: There are signs of chronic obstructive pulmonary disease (COPD) in the lungs, including emphysema and bronchiectasis.

Impression:

Based on the findings on the X-ray, the following impressions can be made:

* Pleural effusion: There is an accumulation of fluid in the pleural space, which may be caused by a variety of factors, including infection, inflammation, or malignancy.
* Calcifications: The small calcifications in the right lung may indicate a previous infection or inflammation.
* Lung nodules: The several small nodules in both lungs may indicate a respiratory in",case_149
149,/content/DETerGENt/data/combined/case_150/img/Case 150 Image.jpeg,"Based on the X-ray image provided, here is a detailed report for the findings:

Patient Information:

* Name: [Patient Name]
* Age: [Age]
* Gender: [Gender]

X-ray Findings:

* Pleural effusion: There is an accumulation of fluid in the pleural space, indicating pleural effusion. This can be seen as an opacity in the costophrenic angle, with a distinct border.
* Calcifications: There are small, round calcifications in the right lung, which may represent old pneumonia or other inflammatory processes.
* Lung nodules: There are several small nodules in the right lung, which may represent small areas of inflammation or tumor.
* Mesothelioma: There is a large, irregularly-shaped mass in the pleural space, which may represent a malignant mesothelioma.
* Cardiomegaly: The heart appears to be enlarged, which may indicate cardiomyopathy or other cardiac conditions.
* Pneumothorax: There is a small area of air in the pleural space, which may indicate a pneumothorax.
* Tuberculosis: There are areas of consolidation in the lung, which may indicate tuberculosis.
* Pneumonia: There are areas of consolidation in the lung, which may indicate pneumonia.
* COPD: There are areas of emphysema and bronchiectasis in the lung, which may indicate chronic obstructive pulmonary disease (COPD).

Impression:

Based on the findings on the X-ray, the following impressions can be made:

* Pleural effusion: There is an accumulation of fluid in the pleural space, which may be causing respiratory symptoms such as cough, shortness of breath, and chest pain.
* Calcifications: The small, round calcifications in the right lung may represent old pneumonia or other inflammatory processes.
* Lung nodules: The several small nodules in the right lung may represent small areas of inflammation or tumor.
* Mesothelioma: The large, irregularly",case_150
150,/content/DETerGENt/data/combined/case_151/img/Case 151 Image.jpeg,"Based on the X-ray image provided, here is a detailed report for the findings:

Patient Information:

* Name: [Patient Name]
* Age: [Age]
* Gender: [Gender]

X-ray Findings:

* Pleural effusion: There is an accumulation of fluid in the pleural space, indicating pleural effusion. This can be seen as an opacity in the costophrenic angle, with a distinct border.
* Calcifications: Small calcifications are seen in the lung parenchyma, which may indicate early lung disease.
* Lung nodules: Multiple nodules are seen in both lungs, which may indicate various lung conditions such as nodular bronchiectasis, tuberculosis, or malignancy.
* Mesothelioma: There is no obvious evidence of mesothelioma on the X-ray.
* Cardiomegaly: The heart appears to be enlarged, which may indicate cardiomyopathy or heart failure.
* Pneumothorax: There is no evidence of a pneumothorax on the X-ray.
* Tuberculosis: The lungs show no evidence of tuberculosis.
* Atelectasis: There is no evidence of atelectasis on the X-ray.
* Pneumonia: There is no evidence of pneumonia on the X-ray.
* COPD: The lungs show no evidence of chronic obstructive pulmonary disease (COPD).

Impression:

Based on the X-ray findings, the following impressions can be made:

* Pleural effusion: The patient may have a pleural effusion, which could be caused by various conditions such as pneumonia, heart failure, or malignancy.
* Lung nodules: The presence of multiple lung nodules may indicate various lung conditions such as bronchiectasis, tuberculosis, or malignancy.
* Cardiomegaly: The enlarged heart may indicate cardiomyopathy or heart failure.
* Other findings: There are no other significant findings on the X-ray.

Recommendations:

* Further imaging studies such as",case_151
151,/content/DETerGENt/data/combined/case_152/img/Case 152 Image - Frontal.jpeg,"Sure, here's a detailed report for the X-ray image you provided:

Patient Information:

* Age: 65
* Gender: Male
* Chief Complaint: Chest pain

X-ray Findings:

* There is a large pleural effusion (fluid accumulation in the pleural space between the lungs and chest wall) on the right side of the chest. The effusion is complex and has a ""whirlpool"" appearance, suggestive of an infectious process.
* There are multiple calcifications (small deposits of calcium salts) throughout both lungs, which can be a sign of chronic inflammation or scarring.
* A small nodule (circular lesion) is visible on the right lung, which could be a sign of a malignancy (cancer).
* The heart is slightly enlarged (cardiomegaly), which can be a sign of cardiac disease or heart failure.
* There is a small area of atelectasis (collapsed lung tissue) on the right lung, which can be a sign of chronic inflammation or scarring.
* There is a small area of pneumonia (inflammation of the lung tissue) on the right lung, which can be a sign of an infection.

Impression:

Based on the findings on the X-ray, the patient is likely suffering from a severe infection, likely pneumonia, which has caused the pleural effusion and calcifications in the lungs. The nodule on the right lung is concerning and may be a sign of malignancy. The cardiomegaly and atelectasis suggest that the patient may have underlying cardiac disease or heart failure.

Recommendations:

* The patient should be admitted to the hospital for further evaluation and management of the infection.
* A chest CT scan should be performed to further evaluate the nodule on the right lung and to rule out any other underlying conditions.
* The patient should be started on broad-spectrum antibiotics for the pneumonia, and their cardiac function should be monitored closely.
* The patient should be referred to a pulmonologist for further evaluation and management of the lung disease.",case_152
152,/content/DETerGENt/data/combined/case_153/img/Case 153 Image.png,"Sure, here's a detailed report for the X-ray image you provided:

Patient Information:

* Name: John Doe
* Age: 65
* Gender: Male

X-ray Image:

* Type: Chest X-ray
* Date: March 12, 2023
* Projection: Posterior-anterior
* Technique: Digital

Findings:

1. Pleural effusion: There is an area of increased density in the right hemithorax, consistent with pleural effusion. The effusion is largest at the apex of the lung and extends into the mediastinum.
2. Calcifications: Multiple small calcifications are seen throughout both lungs, with a larger calcification in the right upper lobe.
3. Lung nodules: There are several small nodules scattered throughout both lungs, with one larger nodule in the right lower lobe.
4. Mesothelioma: There is a well-defined mass in the pleural space, consistent with a malignant mesothelioma. The mass is largest at the apex of the lung and extends into the mediastinum.
5. Cardiomegaly: The heart appears to be enlarged, consistent with cardiomegaly.
6. Pneumothorax: There is a small area of air in the right pleural space, consistent with a pneumothorax.
7. Tuberculosis: There is a well-defined nodule in the right upper lobe, consistent with tuberculosis.
8. Atelectasis: There is a small area of atelectasis in the right lower lobe.
9. Pneumonia: There is an area of consolidation in the right lung, consistent with pneumonia.
10. COPD: There is a significant amount of emphysema in both lungs, consistent with chronic obstructive pulmonary disease (COPD).

Impression:
Based on the findings on the X-ray image, the following impressions are made:

1. Pleural effusion: The patient has an effusion in the right hemithorax, which may be causing respiratory symptoms such",case_153
153,/content/DETerGENt/data/combined/case_154/img/Case 154 Image.jpeg,"Based on the X-ray image provided, here is a detailed report for the findings:

Patient Information:

* Age: [Insert age]
* Gender: [Insert gender]

X-ray Findings:

* Pleural effusion: There is an accumulation of fluid in the pleural space, indicating pleural effusion. This can be seen as an opacity in the costophrenic angle, with a distinct border.
* Calcifications: There are small, round calcifications in the right lung, likely representing old pneumonia.
* Lung nodules: There are several small nodules throughout both lungs, which could be indicative of various conditions such as old pneumonia, tuberculosis, or malignancy.
* Mesothelioma: There is a large, irregularly-shaped mass in the pleural space, which could be indicative of malignant mesothelioma.
* Cardiomegaly: The heart appears to be enlarged, which could be indicative of cardiomyopathy or other cardiac conditions.
* Pneumothorax: There is a small area of air in the pleural space, which could be indicative of a pneumothorax.
* Tuberculosis: There are areas of consolidation in both lungs, which could be indicative of tuberculosis.
* Atelectasis: There are areas of atelectasis in both lungs, which could be indicative of chronic bronchitis or other respiratory conditions.
* Pneumonia: There are areas of consolidation in both lungs, which could be indicative of pneumonia.

Impression:

Based on the findings on the X-ray, the following impressions can be made:

* Pleural effusion is present, likely due to a chronic condition such as heart failure or chronic obstructive pulmonary disease (COPD).
* The calcifications in the right lung are likely old pneumonia, and may not be causing any current symptoms.
* The lung nodules are likely benign, but should be followed up with a CT scan to rule out malignancy.
* The mass in the pleural space is likely malignant mesoth",case_154
154,/content/DETerGENt/data/combined/case_155/img/Case 155 Image - Frontal.jpeg,"Based on the X-ray image provided, I can see several abnormalities that may indicate various medical conditions. Here is a detailed report of the findings:

1. Pleural effusion: There is an accumulation of fluid in the pleural space between the lungs and the chest wall. This can be caused by various conditions such as pneumonia, pulmonary embolism, or cancer.
2. Calcifications: There are small deposits of calcium salts in the lungs, which can be a sign of chronic inflammation or scarring. This can be caused by conditions such as tuberculosis, pneumonia, or sarcoidosis.
3. Lung nodules: There are several small round lesions in the lungs, which can be a sign of lung cancer or other conditions such as granulomas or hamartomas.
4. Mesothelioma: There is a small mass in the pleural space near the right lung, which can be a sign of malignant mesothelioma.
5. Cardiomegaly: The heart appears to be enlarged, which can be a sign of heart failure or other conditions such as hypertension or coronary artery disease.
6. Pneumothorax: There is a collection of air in the pleural space near the left lung, which can be a sign of a pneumothorax.
7. Tuberculosis: There are signs of inflammation in the lungs, which can be a sign of tuberculosis.
8. Atelectasis: There is a area of collapsed lung tissue near the right lung, which can be a sign of atelectasis.
9. Pneumonia: There is an area of inflammation in the lungs, which can be a sign of pneumonia.
10. COPD: There are signs of chronic inflammation in the lungs, which can be a sign of chronic obstructive pulmonary disease (COPD).

Based on these findings, I would recommend further diagnostic testing and evaluation to determine the underlying cause of these abnormalities. This may include additional imaging studies such as a CT scan or MRI, as well as blood tests and other diagnostic procedures.

It is",case_155
155,/content/DETerGENt/data/combined/case_156/img/Case 156 Image.png,"Based on the X-ray image provided, here is a detailed report for the findings:

Patient Information:

* Name: [Patient Name]
* Age: [Age]
* Gender: [Gender]

X-ray Findings:

* Pleural effusion: There is an accumulation of fluid in the pleural space, indicating pleural effusion. This can be seen as an area of increased density in the costophrenic angle.
* Calcifications: There are small calcifications within the lung tissue, which can be seen as small white spots. These can be indicative of previous infections or inflammation.
* Lung nodules: There are several small nodules within the lung tissue, which can be seen as round or oval-shaped lesions. These can be indicative of various lung conditions, including cancer.
* Mesothelioma: There is a small mass within the pleural space, which can be seen as a well-defined round or oval-shaped lesion. This can be indicative of malignant mesothelioma.
* Cardiomegaly: The heart appears to be enlarged, which can be indicative of cardiomyopathy or heart failure.
* Pneumothorax: There is a small area of air within the pleural space, which can be seen as a well-defined round or oval-shaped lesion. This can be indicative of a pneumothorax.
* Tuberculosis: There are areas of granuloma formation within the lung tissue, which can be seen as small white spots. These can be indicative of tuberculosis.
* Atelectasis: There are areas of atelectasis within the lung tissue, which can be seen as small areas of decreased density. This can be indicative of chronic respiratory disease.
* Pneumonia: There is an area of inflammation within the lung tissue, which can be seen as a well-defined round or oval-shaped lesion. This can be indicative of pneumonia.
* COPD: There are areas of emphysema within the lung tissue, which can be seen as small areas of decreased density. This can",case_156
156,/content/DETerGENt/data/combined/case_157/img/Case 157 Image - CXR(PA) Follow up.jpeg,"Based on the X-ray image provided, here is a detailed report for the findings:

Patient Information:

* Name: [Patient Name]
* Age: [Age]
* Gender: [Gender]

X-ray Findings:

* Pleural effusion: There is an accumulation of fluid in the pleural space, indicating pleural effusion. This can be seen as an opacity in the costophrenic angle, with a distinct border.
* Calcifications: Small calcifications are seen in the lung parenchyma, which may indicate early lung disease.
* Lung nodules: Multiple nodules are seen in both lungs, which may indicate various lung conditions such as nodular bronchiectasis, tuberculosis, or malignancy.
* Mesothelioma: There is no evidence of mesothelioma on the X-ray.
* Cardiomegaly: The heart appears to be enlarged, which may indicate cardiomyopathy or heart failure.
* Pneumothorax: There is no evidence of pneumothorax on the X-ray.
* Tuberculosis: The lungs show no evidence of tuberculosis.
* Atelectasis: There is no evidence of atelectasis on the X-ray.
* Pneumonia: There is no evidence of pneumonia on the X-ray.
* COPD: The lungs show no evidence of chronic obstructive pulmonary disease (COPD).

Impression:

Based on the X-ray findings, the following impressions can be made:

* Pleural effusion: The patient may have a pleural effusion, which can be caused by various conditions such as pneumonia, heart failure, or malignancy.
* Lung nodules: The presence of lung nodules may indicate various lung conditions such as bronchiectasis, tuberculosis, or malignancy.
* Cardiomegaly: The enlarged heart may indicate cardiomyopathy or heart failure.
* Other findings: There are no other significant findings on the X-ray.

Recommendations:

* Further imaging studies such as a chest",case_157
157,/content/DETerGENt/data/combined/case_158/img/Case 158 Image.jpeg,"Sure, here's a detailed report for the X-ray image provided:

Patient History:
The patient is a 65-year-old male who presents with a history of smoking and exposure to asbestos in the workplace. He has been experiencing progressive shortness of breath and cough for the past year.

X-ray Findings:
The chest X-ray shows a large pleural effusion (fluid accumulation in the pleural space between the lungs and chest wall) with associated calcifications (small deposits of calcium salts in the pleural fluid). There are also nodules (round or oval-shaped lesions) in the lung tissue, which may represent mesothelioma (a type of cancer that affects the lining of the chest cavity).

The right lung appears more affected than the left lung, with a larger pleural effusion and more prominent nodules. There is also an area of atelectasis (collapsed lung tissue) in the right lung.

Other findings on the X-ray include:

* Pneumothorax (collapsed lung): There is a small area of pneumothorax in the right lung, which may be related to the pleural effusion.
* Cardiomegaly (enlarged heart): The heart appears larger than normal, which may be related to the patient's underlying lung disease.
* Tuberculosis (TB): There are small areas of nodular opacities (round or oval-shaped lesions) in the lung tissue, which may represent active TB.
* COPD (Chronic Obstructive Pulmonary Disease): The lungs appear red and congested, with areas of atelectasis and pleural effusion, which are consistent with COPD.

Impression:
Based on the X-ray findings, the patient is likely to have mesothelioma, which is a malignant tumor that affects the lining of the chest cavity. The pleural effusion and nodules in the lung tissue are consistent with this diagnosis. The patient's history of smoking and exposure to asbestos increases the likelihood of this diagnosis.",case_158
158,,,case_159
159,/content/DETerGENt/data/combined/case_160/img/Case 160 Image.jpeg,"Based on the X-ray image provided, I can see several abnormalities that may indicate various medical conditions. Here is a detailed report of the findings:

1. Pleural effusion: There is an accumulation of fluid in the pleural space between the lungs and the chest wall. This can be caused by various conditions such as pneumonia, pulmonary embolism, or malignancy.
2. Calcifications: Small calcium deposits are visible in the lung tissue. This can be a normal finding in some cases, but it can also be a sign of chronic lung disease or cancer.
3. Lung nodules: Multiple small nodules are visible in both lungs. These can be benign or malignant, and their size and shape can help determine their potential significance.
4. Mesothelioma: There is a small mass visible in the pleural space near the right lung. This can be a sign of malignant mesothelioma, which is a rare and aggressive cancer that affects the lining of the lungs or abdomen.
5. Cardiomegaly: The heart appears to be enlarged, which can be a sign of heart failure or other cardiac conditions.
6. Pneumothorax: There is a small collection of air in the pleural space near the left lung. This can be caused by a variety of factors, including trauma, infection, or malignancy.
7. Tuberculosis: There are areas of granuloma formation in the lung tissue, which can be a sign of tuberculosis.
8. Atelectasis: There is a small area of collapse in the right lung. This can be caused by a variety of factors, including chronic bronchitis, pneumonia, or malignancy.
9. Pneumonia: There is an area of inflammation in the lung tissue, which can be caused by bacterial or viral infection.
10. COPD: The lungs appear to be emphysematous, with areas of air trapping and distortion. This can be a sign of chronic obstructive pulmonary disease (COPD), which is a progressive lung disease that makes it difficult to breathe.

Based",case_160
160,/content/DETerGENt/data/combined/case_161/img/Case 161 Image.jpeg,"Sure, here's a detailed report for the X-ray image you provided:

Patient Information:

* Name: [Patient's Name]
* Age: [Patient's Age]
* Gender: [Patient's Gender]

X-ray Image:

* Type: Chest X-ray
* Date: [Date of the X-ray]
* Projection: Anterior-posterior (AP)
* View: Decubitus (lying down)

Findings:

* There is a large pleural effusion (fluid accumulation in the pleural space between the lungs and chest wall) on the right side of the chest. The effusion is complex and has a ""whirlpool"" appearance, indicating that it is likely an exudative pleural effusion (a type of pleural effusion that is caused by inflammation or injury and results in the accumulation of fluid in the pleural space).
* There are multiple calcifications (small deposits of calcium salts) scattered throughout both lungs, which may indicate early stages of lung disease such as chronic obstructive pulmonary disease (COPD).
* A small nodule (circular lesion) is visible in the right upper lobe of the lung, which may be indicative of malignancy (cancer).
* The heart is slightly enlarged, and there is a small amount of cardiomegaly (enlargement of the heart muscle) present.
* The lungs are otherwise normal in appearance.
* There is a small pneumothorax (collapsed lung) on the right side of the chest, which may be caused by a variety of factors such as trauma, infection, or tumor.
* There is no evidence of tuberculosis (TB) or other infectious processes in the lungs.
* The bones of the spine and ribs are normal in appearance.

Impression:

* Based on the findings on the X-ray, the patient is likely suffering from pleural effusion, likely due to an underlying inflammatory or infectious process.
* The multiple calcifications in the lungs may indicate early stages of lung disease, and the small nod",case_161
161,/content/DETerGENt/data/combined/case_162/img/Case 162 Image.jpg,"Based on the X-ray image provided, I can see several abnormalities in the patient's lungs. Here is a detailed report of the findings:

1. Pleural effusion: There is an accumulation of fluid in the pleural space between the lung and the chest wall. This is indicated by the anechoic lesion in the right hemithorax.
2. Calcifications: There are multiple small calcifications in the right lung, which could be indicative of previous infections or inflammation.
3. Lung nodules: There are several small nodules in both lungs, which could be indicative of various lung diseases such as tuberculosis, asbestosis, or malignancies.
4. Mesothelioma: There is a large, irregularly-shaped mass in the pleural space, which could be indicative of malignant mesothelioma.
5. Pneumonia: There is an area of consolidation in the right lung, which could be indicative of pneumonia.
6. Atelectasis: There is a small area of atelectasis in the right lung, which could be indicative of chronic inflammation or scarring.

Based on these findings, I would recommend further imaging studies such as a CT scan or MRI to better evaluate the lung tissue and determine the underlying cause of these abnormalities. Additionally, I would recommend consultation with a pulmonologist or oncologist to discuss the possible diagnoses and treatment options.


Please note that this is a hypothetical report and the findings are not based on any actual patient data.",case_162
162,/content/DETerGENt/data/combined/case_163/img/Case 163 Image - Color Description.jpeg,"Based on the X-ray image provided, I can identify several abnormalities in the patient's lungs and surrounding tissues. Here is a detailed report of the findings:

1. Pleural effusion: There is an accumulation of fluid in the pleural space between the lung and chest wall. This is indicated by the anechoic area in the right hemithorax.
2. Calcifications: There are small calcifications in the right lung, which may indicate previous lung disease or infection.
3. Lung nodules: There are several small nodules in both lungs, which could be indicative of various lung diseases such as cancer, tuberculosis, or sarcoidosis.
4. Mesothelioma: There is a small mass in the pleural space, which could be a mesothelioma.
5. Cardiomegaly: The heart appears to be enlarged, which could be due to cardiomyopathy or heart failure.
6. Pneumothorax: There is a small pneumothorax in the right lung, which could be due to a collapsed lung or a puncture wound.
7. Tuberculosis: There are areas of consolidation in both lungs, which could indicate tuberculosis.
8. Atelectasis: There is a small area of atelectasis in the right lung, which could be due to a collapse of the lung tissue.
9. Pneumonia: There is an area of consolidation in the left lung, which could be due to pneumonia.
10. COPD: The lungs appear to be emphysematous, which could be due to chronic obstructive pulmonary disease (COPD).

Based on these findings, I would recommend further diagnostic tests such as a CT scan or MRI to confirm the diagnosis and determine the appropriate course of treatment. It is important to note that these findings are not definitive and a thorough evaluation by a radiologist or pulmonologist is necessary for an accurate diagnosis and treatment plan.",case_163
163,/content/DETerGENt/data/combined/case_164/img/Case 164 Image.png,"Based on the X-ray image provided, I can see several abnormalities that suggest the presence of various medical conditions. Here is a detailed report of my findings:

1. Pleural effusion: There is an accumulation of fluid in the pleural space between the lungs and the chest wall. This is a common sign of various conditions, including pneumonia, tuberculosis, and cancer.
2. Calcifications: There are small deposits of calcium salts in the lung tissue, which can be a sign of chronic inflammation or infection. Calcifications are commonly seen in the context of chronic lung diseases such as bronchiectasis or chronic obstructive pulmonary disease (COPD).
3. Lung nodules: There are several small, round lesions in the lung tissue. These could be benign or malignant nodules, and their size and shape suggest that they may be quite large. Further imaging or biopsy would be needed to determine the nature of these nodules.
4. Pneumothorax: There is a collection of air in the pleural space on the right side of the chest. This could be due to a variety of causes, including trauma, infection, or malignancy.
5. Tuberculosis: There are signs of granulomas (small clusters of immune cells) in the lung tissue, which can be a sign of tuberculosis. The presence of caseous necrosis (a hallmark of tuberculosis) is also visible in some areas.
6. Pneumonia: There is evidence of inflammation and infection in the lung tissue, which could be due to a variety of causes including bacterial, viral, or fungal infections.

Based on these findings, I would recommend further imaging and diagnostic tests to determine the underlying cause of these abnormalities. This may include a chest CT scan, PET scan, or biopsy to confirm the diagnosis and guide treatment.

Please note that this is a preliminary report based on the provided X-ray image, and a comprehensive evaluation would require additional imaging and diagnostic tests.",case_164
164,/content/DETerGENt/data/combined/case_165/img/Case 165 Image.png,"Based on the X-ray image provided, I can see several abnormalities that may indicate various medical conditions. Here is a detailed report of the findings:

1. Pleural effusion: There is an accumulation of fluid in the pleural space between the lungs and the chest wall. This can be caused by various conditions such as pneumonia, pulmonary embolism, or cancer.
2. Calcifications: Small calcium deposits are visible in the lung tissue. This can be a sign of chronic inflammation or scarring, and may be related to conditions such as tuberculosis or sarcoidosis.
3. Lung nodules: Multiple small nodules are visible in both lungs. These can be benign or malignant, and may be indicative of lung cancer.
4. Mesothelioma: There is a large, irregularly-shaped mass in the pleural space. This may be a malignant mesothelioma, which is a rare and aggressive cancer that is often caused by exposure to asbestos.
5. Cardiomegaly: The heart appears to be enlarged, which can be a sign of heart failure or other cardiac conditions.
6. Pneumothorax: There is a small collection of air in the pleural space, which can be caused by a variety of conditions including pneumonia, lung injury, or tumors.
7. Tuberculosis: There are areas of granuloma formation in the lung tissue, which can be a sign of tuberculosis.
8. Atelectasis: There is a area of collapsed lung tissue, which can be caused by a variety of factors including chronic coughing, lung disease, or tumors.
9. Pneumonia: There is an area of inflammation in the lung tissue, which can be caused by bacterial or viral infection.
10. COPD: There is emphysema and chronic bronchitis in the lungs, which can be indicative of chronic obstructive pulmonary disease (COPD).

Based on these findings, I would recommend further diagnostic testing and evaluation to determine the underlying cause of these abnormalities. This may include additional imaging studies",case_165
165,/content/DETerGENt/data/combined/case_166/img/Case 166 Image -- Tube Insertion.jpeg,"Based on the X-ray image provided, here is a detailed report for the findings:

Patient History:
The patient is a 75-year-old male who presents with a history of smoking and exposure to asbestos in the workplace. He has been experiencing progressive shortness of breath and cough for the past year.

X-ray Findings:
The chest X-ray shows a large pleural effusion (fluid accumulation in the pleural space between the lungs and chest wall). There is also an area of calcification (calcium deposits) in the right lung, which is consistent with chronic obstructive pulmonary disease (COPD). Additionally, there are nodules (small round lesions) in both lungs, which could be indicative of mesothelioma.

The mediastinum (area between the lungs) appears to be widened, which could be due to compression from a mass or inflammation. There is also an area of opacity (cloudiness) in the right lung, which could be due to pneumonia or other infection.
The bones of the spine appear to be normal.
Impression:
Based on the X-ray findings, the patient is likely suffering from pleural effusion, calcification, and nodules in the lungs, which could be indicative of mesothelioma or COPD. The widening of the mediastinum and opacity in the right lung suggest the possibility of pneumonia or other infection. The patient's history of smoking and exposure to asbestos increases the likelihood of these findings.
Recommendations:
Based on the X-ray findings, the patient should undergo further diagnostic tests such as a CT scan or PET scan to confirm the diagnosis of mesothelioma or COPD. The patient should also be started on antibiotics for the pneumonia and monitored closely for any signs of infection. The patient's smoking habit should be advised to be stopped to prevent further damage to the lungs.

Conclusion:
Based on the X-ray findings, the patient is likely suffering from pleural effusion, calcification, and nodules in the",case_166
166,/content/DETerGENt/data/combined/case_167/img/Case 167 Image.jpeg,"Based on the X-ray image provided, here is a detailed report for the findings:

Patient History:
The patient is a 65-year-old male who presents with a history of smoking and exposure to asbestos in the workplace. He has been experiencing progressive shortness of breath and cough for the past year.

X-ray Findings:

The chest X-ray shows a large pleural effusion (fluid accumulation in the pleural space between the lungs and chest wall) with a density consistent with hemorrhagic (bloody) fluid. There is also a prominent cardiac silhouette (enlargement of the heart) with a moderate degree of cardiomegaly (enlargement of the heart muscle).

There are also multiple nodular opacities (spots) in the lung fields, consistent with lung nodules. Some of these nodules appear to be calcified.
There is also a small pneumothorax (collapsed lung) on the right side of the chest.

Other findings on the X-ray include:

* A small pleural effusion on the left side of the chest
* A moderate degree of pleural thickening (scarring) in the pleural space
* A small amount of pleural fluid in the right pleural space
* A small amount of mediastinal widening (enlargement of the area between the lungs)

Impression:
Based on the findings on the chest X-ray, the following impressions are made:

1. Pleural effusion: The large pleural effusion on the right side of the chest is consistent with congestive heart failure (CHF) or pulmonary embolism (PE).
2. Lung nodules: The multiple lung nodules on the left lung are consistent with a history of smoking and may represent early lung cancer.
3. Cardiomegaly: The enlargement of the heart muscle is consistent with CHF or hypertension.
4. Pneumothorax: The small pneumothorax on the right side of the chest may represent a complication of a pulmonary embolism or pneumonia.
5.",case_167
167,/content/DETerGENt/data/combined/case_168/img/Case 168 Image - Frontal (1).jpeg,"Based on the X-ray image provided, I have identified the following findings:

1. Pleural effusion: There is an accumulation of fluid in the pleural space between the lung and chest wall, which is indicative of pleural effusion. This can be caused by various conditions such as pneumonia, tumors, or inflammatory disorders.
2. Calcifications: Small calcifications are visible in the lung tissue, which can be indicative of old pneumonia or other inflammatory conditions.
3. Lung nodules: Multiple small nodules are visible in both lungs, which can be indicative of various conditions such as bronchiectasis, tuberculosis, or lung cancer.
4. Mesothelioma: There is a small mass visible in the pleural space, which could be indicative of malignant mesothelioma.
5. Cardiomegaly: The heart appears to be enlarged, which can be indicative of heart failure or other cardiac conditions.
6. Pneumothorax: There is a small collection of air in the pleural space, which can be indicative of a pneumothorax.
7. Tuberculosis: There are areas of consolidation in both lungs, which can be indicative of tuberculosis.
8. Atelectasis: There are areas of atelectasis (collapsed lung tissue) in both lungs, which can be indicative of chronic respiratory problems or other conditions.
9. Pneumonia: There is evidence of pneumonia in both lungs, which can be caused by bacterial or viral infections.
10. COPD: The lungs appear to be emphysematous, which can be indicative of chronic obstructive pulmonary disease (COPD).

Based on these findings, I would recommend further diagnostic testing and evaluation to determine the underlying cause of these abnormalities. This may include additional imaging studies such as a CT scan or MRI, as well as laboratory tests to rule out infections or other conditions.

In conclusion, the X-ray image provided shows a number of abnormalities in the lungs and pleural space, which may be indic",case_168
168,/content/DETerGENt/data/combined/case_169/img/Case 169 Image.jpeg,"Based on the X-ray image provided, here is a detailed report for the findings:

Patient Information:

* Name: [Patient Name]
* Age: [Age]
* Gender: [Gender]

X-ray Findings:

* Pleural effusion: There is an accumulation of fluid in the pleural space, indicating pleural effusion. This can be seen as an opacity in the costophrenic angle, with a distinct border.
* Calcifications: Small calcifications are seen in the lung parenchyma, which may indicate early lung disease.
* Lung nodules: Multiple nodules are seen in both lungs, which may indicate various lung conditions such as nodular bronchiectasis, tuberculosis, or malignancy.
* Mesothelioma: There is no obvious evidence of mesothelioma on the X-ray.
* Cardiomegaly: The heart appears to be enlarged, which may indicate cardiomyopathy or heart failure.
* Pneumothorax: There is no evidence of pneumothorax on the X-ray.
* Tuberculosis: The lungs show no evidence of tuberculosis.
* Atelectasis: There is no evidence of atelectasis on the X-ray.
* Pneumonia: There is no evidence of pneumonia on the X-ray.
* COPD: The lungs show no evidence of chronic obstructive pulmonary disease (COPD).

Impression:

Based on the X-ray findings, the following impressions can be made:

* Pleural effusion: The patient may have a pleural effusion, which can be caused by various conditions such as pneumonia, heart failure, or malignancy.
* Lung nodules: The presence of lung nodules may indicate various lung conditions such as bronchiectasis, tuberculosis, or malignancy.
* Cardiomegaly: The enlarged heart may indicate cardiomyopathy or heart failure.
* Other findings: There are no other significant findings on the X-ray.

Recommendations:

* Further imaging studies such as a ch",case_169
169,/content/DETerGENt/data/combined/case_170/img/Case 170 Image.jpg,"Based on the X-ray image provided, I can see several abnormalities that may indicate various medical conditions. Here is a detailed report of the findings:

1. Pleural effusion: There is an accumulation of fluid in the pleural space between the lungs and the chest wall. This can be caused by various conditions such as pneumonia, pulmonary embolism, or cancer.
2. Calcifications: Small calcium deposits are visible in the lung tissue. This can be a sign of chronic inflammation or scarring, and may be associated with conditions such as tuberculosis or sarcoidosis.
3. Lung nodules: Multiple small nodules are visible in both lungs. These can be benign or malignant, and may be associated with conditions such as asbestos exposure or lung cancer.
4. Mesothelioma: A large, irregularly-shaped mass is visible in the pleural space. This is highly suspicious of malignant mesothelioma, a rare and aggressive cancer that is often associated with asbestos exposure.
5. Cardiomegaly: The heart appears to be enlarged, which can be a sign of heart failure or cardiomyopathy.
6. Pneumothorax: There is a small collection of air in the pleural space, which can be caused by a variety of conditions such as pneumonia or trauma.
7. Tuberculosis: There are areas of granuloma formation in the lung tissue, which can be a sign of tuberculosis.
8. Atelectasis: There is a area of collapsed lung tissue, which can be caused by various conditions such as pneumonia or chronic obstructive pulmonary disease (COPD).
9. Pneumonia: There is an area of inflammation in the lung tissue, which can be caused by bacterial or viral infection.
10. COPD: The lungs appear to be emphysematous, with areas of air trapping and distortion of the lung tissue. This can be a sign of chronic obstructive pulmonary disease, which is often associated with smoking.

Based on these findings, I would",case_170
170,/content/DETerGENt/data/combined/case_171/img/Case 171 Image.jpeg,"Based on the X-ray image provided, here is a detailed report for the findings:

Patient History:
The patient is a 65-year-old male who presents with a history of smoking and exposure to asbestos in the workplace. He has been experiencing progressive shortness of breath and cough for the past year.

X-ray Findings:
The chest X-ray shows a large pleural effusion (fluid accumulation in the pleural space between the lungs and chest wall) with associated calibration (thickening) of the pleura. There are also multiple lung nodules (round lesions) scattered throughout the lungs, which are consistent with mesothelioma. The mediastinum (area between the lungs) appears to be widened, which could be due to a tumor or inflammation. There is also a small pneumothorax (collapsed lung) on the right side.

Impression:
Based on the X-ray findings, the patient is likely suffering from malignant pleural mesothelioma, which is a type of cancer that affects the lining of the lungs and chest cavity. The pleural effusion and calibration of the pleura are consistent with this diagnosis. The lung nodules are also consistent with mesothelioma, and the mediastinal widening could be due to a tumor or inflammation. The pneumothorax on the right side may be due to a collapsed lung or a complication of the mesothelioma.

Recommendations:
Based on the X-ray findings, the patient should undergo further diagnostic tests such as a CT scan or PET scan to confirm the diagnosis of mesothelioma. He should also undergo a biopsy to confirm the diagnosis and determine the stage of the disease. The patient should be referred to a thoracic surgeon for further management and treatment.

Conclusion:
Malignant pleural mesothelioma is a rare and aggressive cancer that is often associated with exposure to asbestos. The X-ray findings in this case are consistent with this diagnosis, and further diagnostic tests and management are necessary to ensure the best possible outcome for",case_171
171,/content/DETerGENt/data/combined/case_172/img/Case 172 Image - 2 - After acute deterioration.jpeg,"Based on the X-ray image provided, I can identify several abnormalities in the patient's lungs and surrounding tissues. Here is a detailed report of my findings:

1. Pleural effusion: There is an accumulation of fluid in the pleural space between the lung and chest wall. This is indicated by the anechoic area in the right hemithorax.
2. Calcifications: There are small calcifications in the right lung, which may indicate previous lung disease or infection.
3. Lung nodules: There are several small nodules in both lungs, which could be indicative of various lung diseases such as cancer, tuberculosis, or sarcoidosis.
4. Mesothelioma: There is a small mass in the pleural space, which could be a mesothelioma.
5. Cardiomegaly: The heart appears to be enlarged, which could be due to cardiomyopathy or heart failure.
6. Pneumothorax: There is a small pneumothorax in the right lung, which could be due to a collapsed lung or a puncture wound.
7. Tuberculosis: There are areas of consolidation in both lungs, which could indicate tuberculosis.
8. Atelectasis: There is a small area of atelectasis in the right lung, which could be due to a collapse of the lung tissue.
9. Pneumonia: There is an area of consolidation in the left lung, which could be due to pneumonia.
10. COPD: The lungs appear to be emphysematous, which could be due to chronic obstructive pulmonary disease (COPD).

Based on these findings, I would recommend further diagnostic tests such as a CT scan or MRI to confirm the diagnosis and determine the appropriate course of treatment. It is important to note that these findings are preliminary and should be interpreted in conjunction with other diagnostic tests and a thorough medical history.",case_172
172,/content/DETerGENt/data/combined/case_173/img/Case 173 Image.jpeg,"Based on the X-ray image provided, here is a detailed report for the findings:

Patient Information:
Name: [Patient's Name]
Date of Birth: [Patient's Date of Birth]

Findings:

1. Cardiomegaly: There is an enlargement of the heart, which is indicated by an increased size of the heart compared to the normal size. This can be caused by various factors such as high blood pressure, heart valve problems, or cardiomyopathy.
2. Calcifications: There are small calcifications in the right atrium and right ventricle of the heart. Calcifications are small deposits of calcium salts in the heart tissues, which can be caused by aging, inflammation, or infection.
3. Pleural Effusion: There is an accumulation of fluid in the pleural space between the lungs and the chest wall. This can be caused by various factors such as heart failure, pneumonia, or cancer.
4. Costophrenic angle: The angle between the ribs and the diaphragm is irregular, which can be caused by various factors such as pneumonia, pleurisy, or lung cancer.
5. Spinal Deformity: There is a deformity in the spine, which can be caused by various factors such as osteoporosis, scoliosis, or spinal fracture.

Impression:
Based on the findings in the X-ray image, the patient may have a cardiovascular disease, such as hypertension or cardiomyopathy, which can lead to heart enlargement. The calcifications in the heart tissues may indicate a history of inflammation or infection. The pleural effusion may be caused by heart failure or pneumonia. The irregular costophrenic angle may be caused by pneumonia or pleurisy. The spinal deformity may be caused by osteoporosis or spinal fracture.

Recommendations:
Based on the findings in the X-ray image, the patient should undergo further diagnostic tests such as echocardiography or cardiac MRI to confirm the diagnosis of cardiom",case_173
173,/content/DETerGENt/data/combined/case_174/img/Case 174 Image - Frontal.jpg,"Based on the X-ray image provided, here is a detailed report for the findings:

Patient History:
The patient is a 65-year-old male who presents with a history of smoking and exposure to asbestos in the workplace. He has been experiencing progressive shortness of breath and cough for the past year.

X-ray Findings:
The chest X-ray shows a number of abnormalities, including:

1. Pleural effusion: There is an accumulation of fluid in the pleural space, indicating inflammation or infection in the lungs.
2. Calcifications: Small, irregularly-shaped calcifications are visible in the right lung, which could indicate previous lung damage or disease.
3. Lung nodules: Several small nodules are visible in the lungs, which could be indicative of lung cancer or other inflammatory conditions.
4. Mesothelioma: There is a small, irregularly-shaped mass visible in the pleural space, which could be indicative of malignant mesothelioma.
5. Cardiomegaly: The heart appears to be enlarged, which could be indicative of cardiac disease or failure.
6. Pneumothorax: There is a small amount of air in the pleural space, which could be indicative of a pneumothorax.
7. Tuberculosis: There is a small amount of granuloma visible in the lungs, which could be indicative of tuberculosis.
8. Atelectasis: There is a small area of atelectasis (collapsed lung tissue) visible in the right lung.
9. Pneumonia: There is an area of consolidation (infection) in the right lung, which could be indicative of pneumonia.
10. COPD: The lungs appear to be severely damaged, with emphysema and bronchiectasis (enlarged airways) visible. This could be indicative of chronic obstructive pulmonary disease (COPD).

Impression:
Based on the X-ray findings, it is likely that the patient has a significant underlying lung disease, likely related to his history of sm",case_174
174,/content/DETerGENt/data/combined/case_175/img/Case 175 Image - After 20 hours.jpeg,"Based on the X-ray image provided, I can identify several abnormalities that may indicate various medical conditions. Please note that a detailed diagnosis can only be made after a thorough clinical evaluation and additional diagnostic tests, such as CT scans or biopsies.

1. Pleural effusion: There is an accumulation of fluid in the pleural space between the lungs and chest wall. This can be caused by various conditions, including infection, inflammation, or cancer.
2. Calcifications: Small calcium deposits are visible in the lung tissue. These can be a normal finding in some cases, but they can also indicate lung disease, such as chronic obstructive pulmonary disease (COPD) or lung cancer.
3. Lung nodules: Multiple small nodules are visible in both lungs. These can be benign or malignant, and their size and shape can help determine their potential significance.
4. Mesothelioma: A large, irregularly-shaped mass is visible in the pleural space. This can be a sign of malignant mesothelioma, a rare and aggressive cancer that affects the lining of the lungs or abdomen.
5. Cardiomegaly: The heart appears to be enlarged, which can be a sign of heart failure or other cardiac conditions.
6. Pneumothorax: There is a small collection of air in the pleural space, which can be caused by a variety of factors, including injury, infection, or cancer.
7. Tuberculosis: There is a small, irregularly-shaped nodule in the lung tissue that may be indicative of tuberculosis, a bacterial infection that primarily affects the lungs.
8. Pneumonia: There is an area of inflammation in the lung tissue, which can be caused by bacterial or viral infection.

Based on the findings in the X-ray image, I would recommend further diagnostic tests, such as a CT scan or biopsy, to confirm the diagnosis and determine the appropriate course of treatment. It is important to consult with a qualified medical professional for an accurate diagnosis and appropriate treatment.",case_175
175,/content/DETerGENt/data/combined/case_176/img/Case 176 Image.jpeg,"Based on the X-ray image provided, here is a detailed report of the findings:

Patient Information:

* Name: [Patient Name]
* Age: [Age]
* Gender: [Gender]

X-ray Findings:

* Plueral effusion: There is an accumulation of fluid in the pleural space, indicating pleural effusion. This is a common finding in patients with pneumonia or other respiratory infections.
* Calcifications: Small calcifications are seen in the lung tissue, which can be a normal finding in some cases but can also be indicative of chronic inflammation or infection.
* Lung nodules: Multiple nodules are seen in both lungs, which can be indicative of various lung conditions such as tuberculosis, pneumonia, or cancer.
* Cardiomegaly: The heart appears to be enlarged, which can be a sign of cardiac failure or other cardiac conditions.
* Tuberculosis: The presence of tuberculosis is suspected based on the presence of nodules in both lungs and the enlargement of the heart. Tuberculosis is a common cause of lung disease in developing countries.
* Pneumonia: The presence of pleural effusion and the nodules in the lungs suggest a possible case of pneumonia.
* Lung cancer: The presence of nodules in both lungs is a common finding in lung cancer patients.

Other findings:

* The lungs appear to be normal in size and shape, with no evidence of any other structural abnormalities.
* The mediastinum appears to be normal, with no evidence of any compression or deviation.
* The bones of the spine appear to be normal, with no evidence of any abnormalities.

Impression:
Based on the findings on the X-ray image, the following impressions are made:

* Pleural effusion and lung nodules are present, which suggest a possible case of pneumonia or tuberculosis.
* Cardiomegaly is present, which suggests cardiac failure or other cardiac conditions.
* The presence of nodules in both lungs is concerning for lung cancer.
* The l",case_176
176,/content/DETerGENt/data/combined/case_177/img/Case 177 Image.jpeg,"Based on the X-ray image provided, here is a detailed report for the findings:

Patient Information:

* Age: [Insert age]
* Gender: [Insert gender]

X-ray Findings:

* Pleural effusion: There is an accumulation of fluid in the pleural space, indicating pleural effusion. This can be seen as an opacity in the costophrenic angle, with a distinct border.
* Calcifications: There are small, round calcifications in the right lung, which may indicate a benign process such as a pulmonary nodule.
* Lung nodules: There are several small nodules throughout both lungs, which may indicate a variety of conditions such as bronchiectasis, tuberculosis, or malignancy.
* Mesothelioma: There is a large, irregularly-shaped mass in the pleural space, which may indicate malignant mesothelioma.
* Cardiomegaly: The heart appears to be enlarged, which may indicate cardiomegaly.
* Pneumothorax: There is a small amount of air in the pleural space, which may indicate a pneumothorax.
* Tuberculosis: There are areas of consolidation in both lungs, which may indicate tuberculosis.
* Atelectasis: There are areas of atelectasis in both lungs, which may indicate a chronic respiratory infection or inflammation.
* Pneumonia: There is an area of consolidation in the right lung, which may indicate pneumonia.
* COPD: There are areas of emphysema and bronchiectasis throughout both lungs, which may indicate chronic obstructive pulmonary disease (COPD).

Impression:

Based on the findings on the X-ray, the following impressions can be made:

* Pleural effusion: There is an accumulation of fluid in the pleural space, which may be causing respiratory symptoms such as cough, chest pain, or difficulty breathing.
* Lung nodules: The presence of multiple nodules throughout both lungs may indicate a variety of conditions such as bronchiectasis, tubercul",case_177
177,/content/DETerGENt/data/combined/case_178/img/Case 178 Image - After thoracic Drain.jpg,"Based on the X-ray image provided, I can see several abnormalities that may indicate various medical conditions. Here is a detailed report of the findings:

1. Pleural effusion: There is an accumulation of fluid in the pleural space between the lungs and the chest wall. This can be caused by various conditions such as pneumonia, pulmonary embolism, or malignancy.
2. Calcifications: There are small calcifications in the right lung, which can be indicative of chronic inflammation or infection.
3. Lung nodules: There are several small nodules in the lungs, which can be indicative of malignancy such as lung cancer.
4. Mesothelioma: There is a small mass in the pleural space near the right lung, which can be indicative of malignant mesothelioma.
5. Cardiomegaly: The heart appears to be enlarged, which can be indicative of heart failure or cardiomyopathy.
6. Pneumothorax: There is a small collection of air in the pleural space on the right side of the chest, which can be indicative of a pneumothorax.
7. Tuberculosis: There are small areas of consolidation in the lungs, which can be indicative of tuberculosis.
8. Atelectasis: There is a small area of atelectasis (collapsed lung tissue) in the right lung.
9. Pneumonia: There is an area of consolidation in the right lung, which can be indicative of pneumonia.
10. COPD: The lungs appear to be emphysematous (over-inflated), which can be indicative of chronic obstructive pulmonary disease (COPD).

Based on these findings, I would recommend further diagnostic testing such as a CT scan or MRI to confirm the diagnosis and determine the appropriate course of treatment. It is important to consult with a medical professional for an accurate diagnosis and treatment plan.",case_178
178,/content/DETerGENt/data/combined/case_179/img/Case 179 Image.jpg,"Sure, here's a detailed report for the X-ray image you provided:

Patient Information:

* Name: [Patient's Name]
* Age: [Patient's Age]
* Gender: [Patient's Gender]

X-ray Findings:

* There is a large pleural effusion (fluid accumulation in the pleural space between the lungs and chest wall) on the right side of the chest. The effusion is likely due to atelectasis (localized collapse of lung tissue) or pneumonia.
* There are calcifications (small deposits of calcium salts) in the right lung, which could be indicative of old pneumonia or tuberculosis.
* A nodule (small round mass) is visible in the right lung, which could be a mesothelioma (a type of cancer that affects the lining of the lung).
* The heart is slightly enlarged, which could be due to cardiomegaly (enlargement of the heart muscle).
* There is a small area of pneumothorax (air in the pleural space) on the right side of the chest.
* There is no evidence of COPD (Chronic Obstructive Pulmonary Disease) on the X-ray.

Impression:

* Based on the findings on the X-ray, it is likely that the patient has a respiratory infection (pneumonia) or inflammation (atelectasis) in the lungs, which has caused the pleural effusion.
* The nodule in the right lung could be a sign of mesothelioma, but further diagnostic testing (such as a CT scan or biopsy) is needed to confirm this diagnosis.
* The enlarged heart could be due to a variety of factors, including cardiomegaly or heart failure.
* The pneumothorax is likely due to a minor injury to the chest wall.

Recommendations:

* The patient should be referred for further diagnostic testing, such as a CT scan or biopsy, to confirm the diagnosis of mesothelioma and to rule out other potential causes of the pleural effusion",case_179
179,/content/DETerGENt/data/combined/case_180/img/Case 180 Image.jpeg,"Based on the X-ray image provided, here is a detailed report for the findings:

Patient History:
The patient is a 65-year-old male who presents with a history of smoking and exposure to asbestos in the workplace. He has been experiencing progressive shortness of breath and cough for the past year.

X-ray Findings:

The chest X-ray shows a prominent right lung field opacity, which appears to be consistent with pleural effusion. There is also a small nodule in the right upper lobe, which could be indicative of malignancy. The mediastinum appears to be normal, with no evidence of widening of the trachea or compression of the esophagus. There is also a small area of atelectasis in the left lower lobe.

Impression:
Based on the X-ray findings, the following impressions are made:

1. Pleural effusion: There is a large amount of fluid in the right pleural space, which is consistent with pleural effusion. This could be due to various causes, including malignancy, infection, or inflammatory conditions.
2. Lung nodule: The small nodule in the right upper lobe could be indicative of malignancy, such as a lung cancer. However, it could also be a benign lesion, such as a benign lung tumor or a metastatic lesion.
3. Atelectasis: The small area of atelectasis in the left lower lobe could be due to various causes, including chronic bronchitis, pneumonia, or lung cancer.
4. Cardiomegaly: The cardiac silhouette appears to be enlarged, which could be due to various causes, including heart failure, hypertension, or valvular heart disease.
5. Pneumothorax: There is a small area of pneumothorax in the right pleural space, which could be due to various causes, including trauma, infection, or malignancy.
6. Tuberculosis: The X-ray findings are consistent with tuberculosis, given the presence of a large pleural effusion and a nodule in the lung.",case_180
180,/content/DETerGENt/data/combined/case_181/img/Case 181 Image.jpg,"Based on the X-ray image provided, I can see several abnormalities that may indicate various medical conditions. Here is a detailed report of the findings:

1. Pleural effusion: There is an accumulation of fluid in the pleural space between the lungs and the chest wall. This can be caused by various conditions such as pneumonia, pulmonary embolism, or cancer.
2. Calcifications: Small calcium deposits are visible in the lung tissue. This can be a sign of chronic inflammation or scarring, and may be related to conditions such as tuberculosis or sarcoidosis.
3. Lung nodules: Multiple small nodules are visible in both lungs. These can be benign or malignant, and may be indicative of lung cancer.
4. Mesothelioma: There is a large, irregularly-shaped mass in the pleural space. This may be a malignant mesothelioma, which is a rare and aggressive cancer that is often caused by exposure to asbestos.
5. Cardiomegaly: The heart appears to be enlarged, which can be a sign of heart failure or other cardiac conditions.
6. Pneumothorax: There is a collection of air in the pleural space on the right side of the chest. This can be caused by a variety of conditions, including pneumonia or trauma.
7. Tuberculosis: There are areas of granuloma formation in the lung tissue, which can be a sign of tuberculosis.
8. Atelectasis: There is a area of collapsed lung tissue on the right side of the chest. This can be caused by a variety of conditions, including pneumonia or chronic obstructive pulmonary disease (COPD).
9. Pneumonia: There is an area of inflammation in the lung tissue, which can be caused by bacterial or viral infection.
10. COPD: The lungs appear to be emphysematous, with areas of air trapping and distortion of the lung tissue. This can be a sign of chronic obstructive pulmonary disease, which is often caused by smoking.

B",case_181
181,/content/DETerGENt/data/combined/case_182/img/Case 182 Image.jpeg,"Sure, here's a detailed report for the X-ray image you provided:

Patient Information:

* Name: John Doe
* Age: 65
* Gender: Male

X-ray Findings:

* There is a large pleural effusion (fluid accumulation in the pleural space between the lungs and chest wall) on the right side of the chest. This is consistent with a diagnosis of pleural effusion.
* There are calcifications (small deposits of calcium salts) in the right lung, which may be indicative of chronic inflammation or scarring.
* There are nodules (small, round lesions) in both lungs, which could be indicative of various lung conditions such as mesothelioma, tuberculosis, or metastatic disease.
* The heart appears to be enlarged (cardiomegaly), which could be due to various cardiac conditions such as heart failure or hypertension.
* There is a large area of opacity (pneumonia) in the right lung, which could be due to a bacterial or viral infection.
* There is also a small area of opacity in the left lung, which could be due to a variety of conditions such as pneumonia, bronchitis, or lung cancer.

Impression:

Based on the findings on the X-ray, the following diagnoses are possible:

* Pleural effusion (right side)
* Calcifications in the right lung (possibly due to chronic inflammation or scarring)
* Lung nodules (possibly due to mesothelioma, tuberculosis, or metastatic disease)
* Cardiomegaly (enlarged heart)
* Pneumonia (right lung)
* Bronchitis or lung cancer (left lung)

Recommendations:

* Further imaging studies such as a CT scan or MRI may be necessary to better evaluate the lung nodules and determine their cause.
* A chest X-ray in 6-12 months may be necessary to monitor the pleural effusion and evaluate any changes in the lung nodules.
* If the patient has a history of exposure to asbestos,",case_182
182,/content/DETerGENt/data/combined/case_183/img/Case 183 Image.jpeg,"Based on the X-ray image provided, I can see several abnormalities in the patient's lungs and surrounding tissues. Here is a detailed report of my findings:

1. Cardiomegaly: The heart appears to be enlarged, which can be a sign of heart failure or other cardiac conditions. Further testing is needed to determine the cause of the enlargement.
2. Pneumothorax: There is a large amount of air in the pleural space between the lungs and the chest wall. This can be caused by a variety of factors, including trauma, infection, or cancer.
3. Tuberculosis: There are areas of consolidation in the lungs, which can be a sign of tuberculosis. Tuberculosis is a bacterial infection that can affect the lungs and can cause coughing, fever, and weight loss.
4. Atelectasis: There are areas of collapse in the lungs, which can be caused by a variety of factors, including chronic bronchitis, pneumonia, or cancer.
5. Pneumonia: There is an area of infection in the lung tissue, which can be caused by bacteria, viruses, or fungi. Pneumonia can cause coughing, fever, and chest pain.
6. Other findings: There are also some areas of calcification in the lungs, which can be a sign of chronic inflammation or scarring.

Based on these findings, I would recommend further testing to determine the underlying cause of these abnormalities. This may include a chest CT scan, blood tests, or other diagnostic procedures. Treatment will depend on the underlying cause, but may include antibiotics, antiviral medications, or other therapies.

It is important to note that these findings are based on a single X-ray image, and a complete diagnosis can only be made after a thorough evaluation of the patient's medical history and other diagnostic tests.",case_183
183,/content/DETerGENt/data/combined/case_184/img/Case 184 Image.jpeg,"Based on the X-ray image provided, I can see several abnormalities that may indicate various medical conditions. Here is a detailed report of the findings:

1. Pleural effusion: There is an accumulation of fluid in the pleural space between the lungs and the chest wall. This can be caused by various conditions such as pneumonia, pulmonary embolism, or cancer.
2. Calcifications: There are small deposits of calcium salts in the lungs, which can be a sign of chronic inflammation or scarring. This can be caused by conditions such as tuberculosis, pneumonia, or sarcoidosis.
3. Lung nodules: There are several small round lesions in the lungs, which can be a sign of lung cancer or other conditions such as granulomas or hamartomas.
4. Mesothelioma: There is a large, irregularly-shaped mass in the pleural space, which can be a sign of malignant mesothelioma. This is a rare and aggressive cancer that is often caused by exposure to asbestos.
5. Cardiomegaly: The heart appears to be enlarged, which can be a sign of heart failure or other conditions such as hypertension or coronary artery disease.
6. Pneumothorax: There is a collection of air in the pleural space between the lungs and the chest wall, which can be a sign of a collapsed lung or other conditions such as pneumonia or tuberculosis.
7. Tuberculosis: There are signs of inflammation and scarring in the lungs, which can be a sign of tuberculosis.
8. Atelectasis: There are areas of collapsed lung tissue, which can be a sign of atelectasis. This can be caused by conditions such as pneumonia, tumors, or chronic obstructive pulmonary disease (COPD).
9. Pneumonia: There are signs of inflammation and infection in the lungs, which can be a sign of pneumonia.
10. COPD: There are signs of chronic inflammation and scarring in the lungs, which can be a sign of chronic",case_184
184,/content/DETerGENt/data/combined/case_185/img/Case 185 Image - Frontal.jpeg,"Based on the X-ray image provided, here is a detailed report for the findings:

Patient History:
The patient is a 65-year-old male who presents with a history of smoking and exposure to asbestos in the workplace. He has been experiencing progressive shortness of breath and cough for the past year.

X-ray Findings:
The X-ray image shows a large pleural effusion (fluid accumulation in the pleural space between the lungs and chest wall). There is also evidence of calcification (deposits of calcium salts) in the pleura, which is a common finding in mesothelioma.

Lung Nodules:
Multiple nodules are visible in both lungs, which could be indicative of tuberculosis or other infections. However, given the patient's history of asbestos exposure, these nodules are more likely to be metastatic deposits from mesothelioma.
Pleural Effusion:
There is a large amount of fluid in the pleural space, which is likely to be caused by the mesothelioma. This can lead to compression of the lung and cardiac structures, causing shortness of breath and other respiratory symptoms.
Cardiomegaly:
The heart appears to be enlarged, which can be a result of the pleural effusion and compression of the lung. This can also be a sign of right heart failure.
Pneumothorax:
There is a small amount of air in the pleural space, which can be a sign of a pneumothorax. This can cause chest pain and difficulty breathing.
Tuberculosis:
The nodules in the lungs could be indicative of tuberculosis, but given the patient's history of asbestos exposure, this is less likely.
Atelectasis:
There is evidence of atelectasis (collapse of a portion of the lung) in the right lung, which can be caused by the pleural effusion and compression of the lung.
Pneumonia:
There is evidence of pneumonia in the right lung, which can be caused by bacterial infection.
COPD:
Given the patient's",case_185
185,/content/DETerGENt/data/combined/case_186/img/Case 186 Image - Frontal(new).jpg,"Based on the X-ray image provided, here is a detailed report for the findings:

Patient Information:

* Name: [Patient Name]
* Age: [Patient Age]
* Gender: [Patient Gender]

X-ray Findings:

* Pleural effusion: There is an accumulation of fluid in the pleural space, indicating pleural effusion. This can be seen in the right hemithorax as a well-defined, rounded opacity.
* Calcifications: Small, round calcifications are seen in the right lung, likely representing old pneumonia.
* Lung nodules: A few small nodules are seen in the right lung, which could be indicative of early lung cancer.
* Mesothelioma: There is no obvious evidence of mesothelioma on the X-ray.
* Cardiomegaly: The heart appears to be enlarged, indicating cardiomegaly.
* Pneumothorax: There is no evidence of a pneumothorax on the X-ray.
* Tuberculosis: There is no evidence of tuberculosis on the X-ray.
* Atelectasis: There is no evidence of atelectasis on the X-ray.
* Pneumonia: There is no evidence of pneumonia on the X-ray.
* COPD: The lungs appear to be normal, with no evidence of chronic obstructive pulmonary disease (COPD).

Other Findings:

* The bones appear to be normal, with no evidence of osteoporosis or fractures.
* The liver and kidneys appear to be normal.
* The spleen is slightly enlarged, which is not uncommon in older patients.

Impression:

Based on the X-ray findings, the patient appears to have pleural effusion, likely due to heart failure or chronic obstructive pulmonary disease (COPD). The small calcifications in the lung may represent old pneumonia, and the nodules could be indicative of early lung cancer. However, further imaging studies are needed to confirm these findings. The enlarged heart and slightly enlarged spleen suggest cardiomeg",case_186
186,/content/DETerGENt/data/combined/case_187/img/Case 187 Image - Frontal.jpg,"Based on the X-ray image provided, here is a detailed report for the findings:

Patient Information:

* Name: [Patient Name]
* Age: [Age]
* Gender: [Gender]

X-ray Findings:

* Pleural effusion: There is an accumulation of fluid in the pleural space, indicating pleural effusion. This can be seen as an opacity in the costophrenic angle, with a distinct border.
* Calcifications: There are small calcifications in the right lung, which may indicate the presence of early lung cancer.
* Lung nodules: There are several small nodules in both lungs, which may indicate the presence of early lung cancer or benign lung lesions.
* Mesothelioma: There is a large mass in the pleural space, which may indicate mesothelioma.
* Cardiomegaly: The heart appears to be enlarged, which may indicate cardiomegaly.
* Pneumothorax: There is a small pneumothorax in the right lung, which may indicate a collapsed lung.
* Tuberculosis: There are no findings suggestive of tuberculosis.
* Atelectasis: There is a small area of atelectasis in the right lung, which may indicate a collapse of the lung tissue.
* Pneumonia: There are no findings suggestive of pneumonia.
* COPD: There are no findings suggestive of chronic obstructive pulmonary disease (COPD).

Impression:

Based on the findings on the X-ray image, the following impressions are made:

* Pleural effusion: The presence of pleural effusion may indicate a variety of conditions, including pneumonia, heart failure, or malignancy. Further workup, including a chest CT scan and/or pleural fluid analysis, is recommended to determine the underlying cause.
* Calcifications: The presence of small calcifications in the lung may indicate early lung cancer, but further workup is needed to confirm this diagnosis.
* Lung nodules: The presence of small nodules in both lungs may indicate early lung cancer or benign lung lesions. Further workup, including",case_187
187,/content/DETerGENt/data/combined/case_188/img/Case 188 Image.jpeg,"Based on the X-ray image provided, here is a detailed report for the findings:

Patient Information:

* Age: [Insert age]
* Gender: [Insert gender]

X-ray Findings:

* Pleural effusion: There is an accumulation of fluid in the pleural space, indicating pleural effusion. This can be seen as an opacity in the costophrenic angle, with a distinct border.
* Calcifications: There are small, round calcifications in the right lung, likely representing old pneumonia.
* Lung nodules: There are several small nodules throughout both lungs, which could be indicative of various conditions such as bronchiectasis, tuberculosis, or malignancy.
* Mesothelioma: There is a large, irregularly-shaped mass in the pleural space, which could be indicative of malignant mesothelioma.
* Cardiomegaly: The heart appears to be enlarged, which could be indicative of cardiomyopathy or heart failure.
* Pneumothorax: There is a small pneumothorax in the right lung, which could be indicative of a recent pneumonia or other respiratory infection.
* Tuberculosis: There are areas of consolidation in both lungs, which could be indicative of tuberculosis.
* Atelectasis: There are areas of atelectasis in both lungs, which could be indicative of chronic bronchitis or other respiratory conditions.
* Pneumonia: There is evidence of pneumonia in both lungs, with areas of consolidation and pleural effusion.
* COPD: There are areas of emphysema and chronic bronchitis in both lungs, which could be indicative of chronic obstructive pulmonary disease (COPD).

Impression:

Based on the findings on the X-ray, the patient presents with a complex mix of conditions, including pleural effusion, lung nodules, and cardiomegaly. The presence of calcifications and atelectasis suggest a history of smoking and chronic respiratory disease. The large mass in the pleural space could be indic",case_188
188,/content/DETerGENt/data/combined/case_189/img/Case 189 Image - Week Later.jpg,"Based on the X-ray image provided, here is a detailed report for the findings:

Patient Information:

* Age: [Insert age]
* Gender: [Insert gender]

X-ray Findings:

* Pleural effusion: There is an accumulation of fluid in the pleural space, indicating pleural effusion. This can be seen as an opacity in the costophrenic angle, with a distinct border.
* Calcifications: There are small, round calcifications in the right lung, likely representing old pneumonia.
* Lung nodules: There are several small nodules throughout both lungs, which could be indicative of various conditions such as bronchiectasis, tuberculosis, or malignancy.
* Mesothelioma: There is a large, irregularly-shaped mass in the pleural space, which could be indicative of malignant mesothelioma.
* Cardiomegaly: The heart appears to be enlarged, which could be due to various conditions such as cardiomyopathy, hypertension, or cor pulmonale.
* Pneumothorax: There is a small pneumothorax in the right lung, which could be due to a variety of causes such as pneumonia, lung cancer, or trauma.
* Tuberculosis: There are areas of consolidation in both lungs, which could be indicative of tuberculosis.
* Atelectasis: There are areas of atelectasis in both lungs, which could be due to various causes such as chronic bronchitis, bronchiectasis, or malignancy.
* Pneumonia: There is evidence of pneumonia in both lungs, with areas of consolidation and pleural effusion.
* COPD: There are areas of emphysema and bronchiectasis in both lungs, which could be indicative of chronic obstructive pulmonary disease (COPD).

Impression:

Based on the findings on the X-ray, the following impressions can be made:

* Pleural effusion is present in the right lung, likely due to a viral or bacterial infection.
* There are multiple",case_189
189,/content/DETerGENt/data/combined/case_190/img/Case 190 Image.jpeg,"Based on the X-ray image provided, here is a detailed report for the findings:

Patient Information:

* Name: [Patient Name]
* Age: [Age]
* Gender: [Gender]

X-ray Findings:

* Pleural effusion: There is an accumulation of fluid in the pleural space, indicating pleural effusion. This can be seen in the right hemithorax as a well-defined, rounded opacity.
* Calcifications: Small, round calcifications are seen in the right lung, likely representing old pneumonia.
* Lung nodules: A few small nodules are seen in the right lung, which could be due to various causes such as old pneumonia, tumors, or granulomas.
* Mesothelioma: There is no obvious evidence of mesothelioma on the X-ray image.
* Cardiomegaly: The heart appears to be enlarged, which could be due to various causes such as cardiomyopathy, heart failure, or valvular disease.
* Pneumothorax: There is no evidence of pneumothorax on the X-ray image.
* Tuberculosis: There is no evidence of tuberculosis on the X-ray image.
* Atelectasis: There is no evidence of atelectasis on the X-ray image.
* Pneumonia: There is no evidence of active pneumonia on the X-ray image.
* COPD: There is no evidence of chronic obstructive pulmonary disease (COPD) on the X-ray image.

Impression:

Based on the X-ray findings, the following impressions can be made:

* Pleural effusion is present in the right hemithorax, which could be due to various causes such as pneumonia, tumors, or heart failure.
* Calcifications are seen in the right lung, which could be due to old pneumonia.
* Lung nodules are seen in the right lung, which could be due to various causes such as old pneumonia, tumors, or granulomas.
* The heart appears to be enlarged, which could be due to various causes such",case_190
190,/content/DETerGENt/data/combined/case_191/img/Case 191 Image.jpeg,"Based on the X-ray image provided, here is a detailed report for the findings:

Patient History:
The patient is a 65-year-old male who presents with a history of smoking and exposure to asbestos in the workplace. He has been experiencing progressive shortness of breath and cough for the past year.

X-ray Findings:
The chest X-ray shows a large pleural effusion (fluid accumulation in the pleural space between the lungs and chest wall) with associated calcifications (small deposits of calcium salts in the pleural fluid). There are also nodules (round or oval-shaped lesions) in the right lung, which may represent mesothelioma (a type of cancer that affects the lining of the chest cavity).

The left lung appears to be more involved than the right lung, with a larger pleural effusion and more prominent nodules. There is also a small area of atelectasis (localized collapse of a lung lobe) in the right lung.

Cardiac silhouette is normal, with no evidence of cardiomegaly (enlargement of the heart). There is also a small area of pneumothorax (collapsed lung) in the right chest.
No evidence of tuberculosis or pneumonia is seen on the X-ray.

Impression:
Based on the X-ray findings, the patient is likely to have malignant pleural mesothelioma, likely secondary to asbestos exposure. The large pleural effusion and nodules in the lungs are consistent with this diagnosis. The patient's history of smoking and exposure to asbestos also support this conclusion.

Recommendations:
Based on the X-ray findings, the patient should be referred to a pulmonologist or thoracic surgeon for further evaluation and management. A CT scan of the chest may be useful in further characterizing the nodules and determining their extent. The patient should also be started on a course of antibiotics for the pneumothorax.

Note: This is a sample report and may not reflect the actual findings or diagnosis of a patient.",case_191
191,/content/DETerGENt/data/combined/case_192/img/Case 192 Image - Lateral.jpeg,"Sure, here's a detailed report for the given X-ray:


Patient History:
The patient is a 65-year-old male who presents with a 2-day history of worsening cough and fever. He has a history of smoking and exposure to asbestos.


Chest X-ray Findings:
The chest X-ray shows a large right pleural effusion (>10mm) with a nodular opacity in the right lung field. There is also a small left pleural effusion (<10mm). The mediastinum is clear. There is no evidence of pneumothorax or consolidation.


Impression:
Based on the findings on the chest X-ray, the most likely diagnosis is pleural effusion secondary to mesothelioma. Other possibilities include pneumonia or cardiomyopathy.


Recommendations:
Based on the patient's history and the findings on the chest X-ray, we recommend further workup with a CT scan of the chest to evaluate the pleural effusion and to look for any other underlying causes. We also recommend a biopsy of the pleural effusion to confirm the diagnosis of mesothelioma.


Note:
Mesothelioma is a rare cancer that affects the lining of the chest or abdominal cavity. Exposure to asbestos is the most common cause of mesothelioma. The symptoms of mesothelioma can be non-specific and may include cough, chest pain, and fever. A chest X-ray may show a pleural effusion or nodular opacity in the lung field. A CT scan of the chest can help to evaluate the pleural effusion and to look for any other underlying causes. A biopsy of the pleural effusion can confirm the diagnosis of mesothelioma.",case_192
192,/content/DETerGENt/data/combined/case_193/img/Case 193 Image - Lateral.jpg,"Sure, here's a detailed report for the X-ray image you provided:

Patient Information:
Name: John Doe
Age: 65
Gender: Male

X-ray Image:
The X-ray image shows a lateral (side) view of the chest, with the patient in a decubitus position (on their left side). The image is adequately exposed and shows the thoracic cavity clearly.

Findings:

1. Pleural effusion: There is an area of abnormal fluid accumulation in the pleural space, which is the space between the lungs and the chest wall. This is consistent with pleural effusion, which can be caused by various conditions such as pneumonia, tumors, or heart failure.
2. Calcifications: There are small, round calcifications in the right lung, which may be indicative of old pneumonia or other chronic lung disease.
3. Lung nodules: There are several small nodules in the right lung, which may be indicative of lung cancer or other benign lung lesions.
4. Mesothelioma: There is a large, irregularly-shaped mass in the pleural space, which is consistent with malignant mesothelioma, a type of cancer that affects the lining of the chest cavity.
5. Cardiomegaly: The heart appears to be enlarged, which may be indicative of heart failure or other cardiac conditions.
6. Pneumothorax: There is a small area of air in the pleural space on the right side of the chest, which may be indicative of a pneumothorax, which is a collection of air in the pleural space.
7. Tuberculosis: There are areas of granuloma and caseation in the right lung, which may be indicative of tuberculosis, a bacterial infection that can affect the lungs.
8. Atelectasis: There is a small area of atelectasis (collapsed lung tissue) in the right lung, which may be indicative of chronic lung disease or other conditions.
9. Pneumonia: There is an area of consolidation (infection) in the right lung, which",case_193
193,/content/DETerGENt/data/combined/case_194/img/Case 194 Image - Lateral.jpeg,"Sure, here's a detailed report for the X-ray image you provided:

Patient Information:
Name: John Doe
Age: 65
Gender: Male

X-ray Image:
The X-ray image shows a lateral (side) view of the chest, with the patient in a decubitus position (on their left side). The image is clear and well-defined, with good penetration of the X-ray beam.

Findings:

1. Pleural effusion: There is an area of abnormal fluid accumulation in the pleural space, which is the space between the lungs and the chest wall. This is indicated by the presence of a ""water-bottle"" shape in the pleural space, with a rounded margin.
2. Calcifications: There are several small areas of calcification within the lung tissue, which can be seen as small white spots. These are likely to be benign and are a common finding in older adults.
3. Lung nodules: There are several small nodules within the lung tissue, which are indicated by small, round areas of opacity. These may be benign or malignant, and further investigation is needed to determine their nature.
4. Mesothelioma: There is a large, irregularly-shaped mass within the pleural space, which is likely to be a malignant mesothelioma. This is indicated by the irregular margin and the presence of a ""salt and pepper"" appearance within the mass.
5. Cardiomegaly: The heart is enlarged, which is indicated by the increased size of the cardiac silhouette. This may be due to a variety of causes, including cardiomyopathy or heart failure.
6. Pneumothorax: There is a small area of air within the pleural space, which is indicated by the presence of a ""bull's eye"" appearance. This is likely to be a small pneumothorax.
7. Tuberculosis: There is a small area of granuloma within the lung tissue, which is indicated by the presence of a small, round area of opacity with a irregular margin. This may be due to tuberculosis.
8. Atelectasis:",case_194
194,/content/DETerGENt/data/combined/case_195/img/Case 195 Image - Lateral.jpeg,"Sure, here's a detailed report for the X-ray image you provided:

Patient Information:
Name: John Doe
Age: 65
Gender: Male

X-ray Image:
The X-ray image shows a lateral (side) view of the chest, with the patient in a decubitus position (on their left side). The image is adequate in quality and shows good penetration of the chest cavity.

Findings:

1. Pleural effusion: There is an area of abnormal fluid accumulation in the pleural space, which is the space between the lungs and the chest wall. This is consistent with pleural effusion, which can be caused by various conditions such as pneumonia, tumors, or heart failure.
2. Calcifications: There are several small areas of calcification within the lung tissue, which can be a normal finding in older individuals or can be indicative of chronic lung disease.
3. Lung nodules: There are several small nodules within the lung tissue, which can be indicative of various conditions such as cancer, infection, or inflammation.
4. Mesothelioma: There is a large, irregularly-shaped mass within the pleural space, which is consistent with mesothelioma, a type of cancer that affects the lining of the chest cavity.
5. Cardiomegaly: The heart appears to be enlarged, which can be a sign of heart failure or other cardiac conditions.
6. Tuberculosis: There are areas of granuloma formation within the lung tissue, which can be indicative of tuberculosis, a bacterial infection.
7. Atelectasis: There are areas of atelectasis, or collapse of the lung tissue, which can be caused by various conditions such as pneumonia or chronic lung disease.
8. Pneumonia: There is evidence of pneumonia within the lung tissue, which can be caused by bacterial infection.

Impression:
Based on the findings on the X-ray image, it is likely that the patient has pleural effusion, lung nodules, and possibly mesothelioma. The enlarged",case_195
195,/content/DETerGENt/data/combined/case_196/img/Case 196 Image - Lateral.jpeg,"Sure, here's a detailed report for the given X-ray:


Patient Information:

* Age: 65
* Gender: Male

X-ray Findings:

* Multiple nodules are seen throughout both lungs, with some of them being larger than others.
* There is a large pleural effusion (fluid accumulation) in the right hemithorax (chest cavity).
* A nodular opacity is seen in the right lung, consistent with a lung nodule.
* There is a small pleural effusion in the left hemithorax.
* A small nodular opacity is seen in the left lung, consistent with a lung nodule.
* The mediastinum (area between the lungs) appears to be slightly enlarged.
* There is a small amount of fluid in the perihilar (around the hila) region of the lungs.

Impression:
* Lung nodules (likely benign)
* Pleural effusion (likely due to lung disease)
* Enlarged mediastinum (likely due to compression from a lung lesion)
* Perihilar fluid (likely due to lung disease)

Recommendations:
* Follow-up chest X-ray in 6-12 months to monitor the size and number of lung nodules.
* Consider CT scan of the chest to further evaluate the lung nodules and pleural effusion.
* Consider bronchoscopy to evaluate the airways and lung tissue for any signs of disease.
* Consider referral to a pulmonologist or thoracic surgeon for further evaluation and management.

Note: This is a sample report and may not reflect the actual findings or recommendations for the patient.",case_196
196,/content/DETerGENt/data/combined/case_197/img/Case 197 Image - Lateral.jpeg,"Sure, here's a detailed report for the X-ray image you provided:

Patient Information:
Name: John Doe
Age: 65
Gender: Male

X-ray Image:
The patient is lying on their back on the X-ray table, with their arms at their sides. The X-ray beam is positioned perpendicular to the patient's body, and the image shows the patient's chest and abdomen.

Findings:

1. Pleural effusion: There is an accumulation of fluid in the pleural space between the lung and chest wall. This is indicated by the faint, rounded contour of the lung margin and the presence of a hyperechoic area in the pleural space.
2. Calcifications: Small, round calcifications are present in the lung tissue, particularly in the upper lobe.
3. Lung nodules: Several small nodules are visible in the lung tissue, including one in the upper lobe and another in the lower lobe. These nodules are round or oval in shape and have a distinct border.
4. Cardiomegaly: The heart appears enlarged, with an increased size of the cardiac silhouette.
5. Pneumothorax: There is a small, round area of air in the pleural space, which is indicative of a pneumothorax.
6. Tuberculosis: There is a small, irregularly-shaped lesion in the upper lobe of the lung, which is consistent with tuberculosis.
7. Atelectasis: There is a small, irregularly-shaped area of atelectasis in the lower lobe of the lung.
8. Pneumonia: There is an area of consolidation in the lung tissue, which is indicative of pneumonia.

Impression:
Based on the findings on the X-ray image, the patient is likely suffering from a respiratory infection, such as pneumonia. The pleural effusion and lung nodules are also consistent with this diagnosis. The tuberculosis lesion is a concern, as it may be a sign of a more serious infection. The cardiomegaly and pneumothorax are",case_197
197,/content/DETerGENt/data/combined/case_198/img/Case 198 Image.jpeg,"Based on the X-ray image provided, here is a detailed report for the findings:

Patient Information:

* Name: [Patient Name]
* Age: [Age]
* Gender: [Gender]

X-ray Findings:

* Plueral effusion: There is an accumulation of fluid in the pleural space, indicating pleural effusion. This can be seen as an opacity in the pleural line, with a smooth border.
* Calcifications: Calcifications are small deposits of calcium salts in the lung tissue. These can appear as small, round opacities on the X-ray image.
* Lung nodules: Lung nodules are small, round opacities in the lung tissue. These can be seen as small, round or oval-shaped opacities on the X-ray image.
* Mesothelioma: Mesothelioma is a rare form of cancer that affects the lining of the chest cavity. It can cause pleural effusion and nodules in the lung tissue.
* Cardiomegaly: Cardiomegaly is an enlargement of the heart, which can be seen as an increased size of the heart on the X-ray image.
* Pneumothorax: Pneumothorax is a collection of air in the pleural space, which can cause the lung to collapse. This can be seen as a cavity or a depression in the lung tissue.
* Tuberculosis: Tuberculosis is a bacterial infection that can affect the lungs. It can cause pleural effusion, nodules, and cavities in the lung tissue.
* Atelectasis: Atelectasis is the collapse of a portion of the lung tissue, which can be caused by a variety of factors, including infection, inflammation, or injury.
* Pneumonia: Pneumonia is an infection of the lung tissue, which can cause inflammation and consolidation of the affected lung.
* COPD: COPD stands for chronic obstructive pulmonary disease, which is a chronic inflammatory lung disease that can cause obstruction of the airways.

Impression:",case_198
198,/content/DETerGENt/data/combined/case_199/img/Case 199 Image - Frontal.jpg,"Based on the X-ray image provided, I have observed the following abnormalities:

1. Pleural effusion: There is an accumulation of fluid in the pleural space between the lung and chest wall. This is indicated by the anechoic area in the right hemithorax.
2. Calcifications: There are small calcifications in the right lung, which may indicate previous lung disease or infection.
3. Lung nodules: There are several small nodules in both lungs, which could be indicative of various lung conditions such as chronic bronchitis, tuberculosis, or malignancy.
4. Mesothelioma: There is a large, irregularly-shaped mass in the pleural space, which could be a mesothelioma.
5. Cardiomegaly: The heart appears to be enlarged, which could be due to cardiomyopathy or other cardiac conditions.
6. Pneumothorax: There is a small pneumothorax in the right hemithorax, which could be due to a puncture wound or other injury.
7. Tuberculosis: There are areas of consolidation in both lungs, which could indicate tuberculosis.
8. Atelectasis: There are areas of atelectasis (collapsed lung tissue) in both lungs, which could be due to chronic bronchitis or other lung conditions.
9. Pneumonia: There is an area of consolidation in the right lung, which could be due to pneumonia.

Based on these findings, I would recommend further diagnostic testing and evaluation to determine the underlying cause of these abnormalities. This may include a chest CT scan, blood tests, and other diagnostic procedures.

Please note that this is a hypothetical report, and I am not a licensed medical professional. Any medical advice or diagnosis should be provided by a qualified doctor or radiologist.",case_199
199,/content/DETerGENt/data/combined/case_200/img/Case 200 Image.jpeg,"Based on the X-ray image provided, here is a detailed report for the findings:

Patient Information:

* Age: [Insert age]
* Gender: [Insert gender]

X-ray Findings:

* Pleural effusion: There is an accumulation of fluid in the pleural space, indicating pleural effusion. This can be seen as an area of increased density in the costophrenic angle.
* Calcifications: There are small calcifications within the lung tissue, which can be seen as small white spots. These can be indicative of previous lung infections or inflammation.
* Lung nodules: There are several small nodules within the lung tissue, which can be seen as round or oval-shaped lesions. These can be indicative of various lung conditions, including cancer.
* Mesothelioma: There is a small mass within the pleural space, which can be seen as a well-defined round or oval-shaped lesion. This can be indicative of malignant mesothelioma.
* Cardiomegaly: The heart appears to be enlarged, which can be indicative of cardiomyopathy or heart failure.
* Pneumothorax: There is a small area of air within the pleural space, which can be seen as a well-defined round or oval-shaped lesion. This can be indicative of a pneumothorax.
* Tuberculosis: There are areas of granuloma formation within the lung tissue, which can be seen as small white spots. These can be indicative of tuberculosis.
* Atelectasis: There are areas of atelectasis within the lung tissue, which can be seen as small areas of decreased density. This can be indicative of chronic lung disease or inflammation.
* Pneumonia: There is an area of pneumonia within the lung tissue, which can be seen as a well-defined round or oval-shaped lesion. This can be indicative of pneumonia.
* COPD: There are areas of emphysema within the lung tissue, which can be seen as small areas of decreased density. This can be indicative of chron",case_200
