,img_path,explanation,case
0,/content/DETerGENt/data/combined/case_1/img/Case 1 Image - Frontal.png,"Sure, here's a detailed report for the given X-ray:

Patient Information:

* Name: [Patient's Name]
* Age: [Patient's Age]
* Gender: [Male/Female]

Radiology Report:

Introduction:
The patient was referred for an X-ray examination of the chest to evaluate for any abnormalities in the lungs and surrounding tissues. The examination was performed using a [Digital/Conventional] X-ray machine.

Findings:

1. Pleural Effusion: There is an accumulation of fluid in the pleural space, indicating pleural effusion. The effusion is seen in the right hemithorax and is more prominent in the posterior aspect of the lung.
2. Calcifications: Small calcifications are seen in the right lung, most likely representing old lung tissue.
3. Lung Nodules: A few small nodules are seen in the right lung, which could be indicative of lung disease.
4. Mesothelioma: There is no evidence of mesothelioma on the X-ray.
5. Cardiomegaly: The heart appears to be enlarged, which could be due to cardiomegaly or other underlying conditions.
6. Pneumothorax: There is no evidence of pneumothorax on the X-ray.
7. Tuberculosis: There is no evidence of tuberculosis on the X-ray.
8. Atelectasis: There is no evidence of atelectasis on the X-ray.
9. Pneumonia: There is no evidence of pneumonia on the X-ray.
10. COPD: The lungs appear to be normal, and there is no evidence of chronic obstructive pulmonary disease (COPD).

Impression:
Based on the findings on the X-ray, the patient has pleural effusion, calcifications, and lung nodules. The enlarged heart could be due to cardiomegaly or other underlying conditions. There is no evidence of pneumothorax, tuberculosis, atelectasis, pneumonia, or COPD. Further workup,",case_1
1,/content/DETerGENt/data/combined/case_2/img/Case 2 Image - Lateral.jpeg,"Sure, here's a detailed report for the given X-ray based on the diagnosis provided by the radiologist:

Patient Information:

* Name: [Patient's Name]
* Age: [Patient's Age]
* Gender: [Patient's Gender]

X-ray Findings:

* Pleural effusion: There is an accumulation of fluid in the pleural space, indicating pleural effusion. This is a common finding in patients with lung disease, such as pneumonia or pulmonary embolism.
* Calcifications: Calcifications are small deposits of calcium salts in the lung tissue. They are often seen in patients with chronic lung disease, such as chronic obstructive pulmonary disease (COPD) or pulmonary fibrosis.
* Lung nodules: Lung nodules are small, round lesions in the lung tissue. They can be benign or malignant, and their size and shape can help determine their likely cause.
* Mesothelioma: Mesothelioma is a rare and aggressive form of cancer that affects the lining of the lung or abdomen. It is often caused by exposure to asbestos.
* Cardiomegaly: Cardiomegaly is an enlargement of the heart, which can be caused by a variety of factors, including heart failure, hypertension, or valvular heart disease.
* Pneumothorax: A pneumothorax is a collection of air in the pleural space that can be caused by a variety of factors, including trauma, infection, or tumors.
* Tuberculosis: Tuberculosis is a bacterial infection that primarily affects the lungs. It can cause pleural effusion, lung nodules, and cardiomegaly.
* Atelectasis: Atelectasis is the collapse of a portion of the lung, which can be caused by a variety of factors, including chronic bronchitis, pneumonia, or tumors.
* Pneumonia: Pneumonia is an infection of the lung tissue that can cause pleural effusion, lung nodules, and cardiomegaly.
* COPD:",case_2
2,/content/DETerGENt/data/combined/case_3/img/Case 3 Image.png,"Sure, here's a detailed report for the given X-ray:

Patient Information:

* Name: [Patient's Name]
* Age: [Patient's Age]
* Gender: [Patient's Gender]

Radiology Report:

Introduction:
The patient was referred for an X-ray examination of the chest to evaluate for any abnormalities in the lungs and surrounding tissues. The patient has a history of [briefly mention the patient's medical history, such as smoking or exposure to asbestos].

Findings:

* Pleural effusion: There is an accumulation of fluid in the pleural space, indicating inflammation or infection in the lungs. The fluid is located in the right hemithorax, with a small amount of fluid in the left hemithorax as well.
* Calcifications: Small, round calcifications are present in the right lung, likely representing old lung tissue damage.
* Lung nodules: Several small nodules are visible in the right lung, which could be indicative of lung cancer or other inflammatory conditions.
* Mesothelioma: There is a small, irregularly-shaped mass in the pleural space, which could be a mesothelioma.
* Cardiomegaly: The heart appears to be enlarged, which could be due to cardiac disease or other conditions.
* Pneumothorax: There is a small amount of air in the pleural space, which could be due to a pneumothorax or other conditions.
* Tuberculosis: There is a small amount of granuloma in the right lung, which could be indicative of tuberculosis.
* Atelectasis: There is a small area of atelectasis in the right lung, which could be due to a collapse of the lung tissue.
* Pneumonia: There is an area of consolidation in the right lung, which could be due to pneumonia or other inflammatory conditions.
* COPD: The lungs appear to be severely damaged, with emphysema and bronchiectasis present. This could be due to chronic obstructive pulmonary disease (",case_3
3,/content/DETerGENt/data/combined/case_4/img/Case 4 Image - Frontal.jpeg,"Sure, here's a detailed report for the given X-ray:

Patient Information:

* Name: [Patient's Name]
* Age: [Patient's Age]
* Gender: [Patient's Gender]

Radiology Report:

Introduction:
The patient was referred for an X-ray of the chest for evaluation of persistent cough and shortness of breath. The patient has a history of smoking and exposure to asbestos.

Findings:

* There is a large pleural effusion (fluid accumulation in the pleural space between the lungs and chest wall) on the right side of the chest. The effusion is complex and has a ""whirlpool"" appearance, suggestive of an exudative pleural effusion.
* There are multiple calcifications (small deposits of calcium salts) throughout the lungs, particularly in the lower lobes. These calcifications are suspicious of old lung disease, possibly related to smoking.
* There are several nodules (round or oval-shaped lesions) in the lungs, including one large nodule in the right upper lobe. The nodules are suspicious of malignancy, particularly mesothelioma.
* There is a small area of consolidation (infection or inflammation) in the right lower lobe.
* The lungs are otherwise normal in appearance.

Impression:
Based on the findings on the X-ray, the following impressions are made:

* Pleural effusion on the right side of the chest, likely exudative in nature.
* Multiple calcifications throughout the lungs, consistent with old lung disease.
* Multiple nodules in the lungs, including one large nodule in the right upper lobe, which are suspicious of malignancy, particularly mesothelioma.
* Small area of consolidation in the right lower lobe.

Recommendations:

* Further workup is recommended to confirm the diagnosis of pleural effusion and to rule out other causes of chest symptoms, such as pneumonia or tuberculosis.
* A CT scan of the chest should be considered to better evaluate the nodules and",case_4
4,/content/DETerGENt/data/combined/case_5/img/Case 5 Image.jpeg,"Sure, here is a detailed report for the given X-ray based on the diagnosis provided by the radiologist:

Patient Information:

* Name: [Patient's Name]
* Age: [Patient's Age]
* Gender: [Patient's Gender]

X-ray Findings:

* Pleural effusion: There is an accumulation of fluid in the pleural space, indicating pleural effusion. The effusion is moderate in size and is located in the right hemithorax.
* Calcifications: There are multiple calcifications in the right lung, which are likely to be benign. However, further evaluation is necessary to confirm this diagnosis.
* Lung nodules: There are several nodules in both lungs, which could be due to various causes such as infection, inflammation, or malignancy. Further evaluation is necessary to determine the nature of these nodules.
* Mesothelioma: There is a well-defined mass in the pleural space, which could be a mesothelioma. However, this diagnosis requires further evaluation and confirmation.
* Cardiomegaly: The heart appears to be enlarged, which could be due to various causes such as cardiomyopathy, heart failure, or valvular disease. Further evaluation is necessary to determine the cause of cardiomegaly.
* Pneumothorax: There is a small pneumothorax in the right hemithorax, which could be due to various causes such as trauma, infection, or malignancy. Further evaluation is necessary to determine the cause of pneumothorax.
* Tuberculosis: There is a small area of consolidation in the right lung, which could be due to tuberculosis. However, this diagnosis requires further evaluation and confirmation.
* Atelectasis: There is a small area of atelectasis in the right lung, which could be due to various causes such as chronic bronchitis, bronchiectasis, or malignancy. Further evaluation is necessary to determine the cause of atelectasis.
* Pneumonia: There is an area of consolidation in the right lung, which could be due to pneumonia. However, this",case_5
5,/content/DETerGENt/data/combined/case_6/img/Case 6 Image - Lateral.jpeg,"Sure, here's a detailed report for the given X-ray based on the diagnosis provided by the radiologist:

Patient Information:

* Name: [Patient's Name]
* Age: [Patient's Age]
* Gender: [Patient's Gender]

X-ray Findings:

* Plueral Effusion: There is an accumulation of fluid in the pleural space, indicating pleural effusion. This is a common finding in patients with lung disease, such as pneumonia or pulmonary embolism.
* Calcifications: Calcifications are small deposits of calcium salts in the lung tissue. They can be a normal finding in some cases, but they can also be a sign of lung disease, such as chronic obstructive pulmonary disease (COPD) or lung cancer.
* Lung Nodules: Lung nodules are small, round lesions in the lung tissue. They can be benign or malignant, and their size and shape can help determine their potential cause.
* Mesothelioma: Mesothelioma is a rare and aggressive form of cancer that affects the lining of the lung or abdomen. It is often caused by exposure to asbestos.
* Cardiomegaly: Cardiomegaly is an enlargement of the heart, which can be a sign of heart failure or other cardiovascular conditions.
* Pneumothorax: A pneumothorax is a collection of air in the pleural space that can cause the lung to collapse. It can be caused by trauma, infection, or other conditions.
* Tuberculosis: Tuberculosis is a bacterial infection that primarily affects the lungs. It can cause inflammation and scarring in the lung tissue.
* Atelectasis: Atelectasis is a condition where a portion of the lung collapses due to a blockage in the airways. It can be caused by infection, inflammation, or other conditions.
* Pneumonia: Pneumonia is an infection of the lung tissue that can cause inflammation and fluid accumulation in the pleural space.
* COPD:",case_6
6,/content/DETerGENt/data/combined/case_7/img/Case 7 Image- Frontal.jpeg,"Sure, here's a detailed report for the given X-ray:

Patient Information:

* Name: [Patient's Name]
* Age: [Patient's Age]
* Gender: [Male/Female]

Radiology Report:

Introduction:
The patient was referred for an X-ray of the chest for evaluation of persistent cough and shortness of breath. The patient has a history of smoking and exposure to asbestos.

Findings:

* Pleural effusion: There is an accumulation of fluid in the pleural space, which is consistent with pleural effusion. The fluid is located in the right hemithorax and is seen to extend from the hila to the diaphragm.
* Calcifications: Small calcifications are seen in the right lung, which may represent old pneumonia or chronic bronchitis.
* Lung nodules: Multiple nodules are seen in both lungs, which may represent various conditions such as nodular bronchiectasis, tuberculosis, or metastatic disease. The largest nodule is seen in the right upper lobe and measures approximately 1 cm in diameter.
* Mesothelioma: There is a well-defined mass in the pleural space, which measures approximately 2 cm in diameter. The mass is located in the right hemithorax and has a irregular border. The mass is consistent with malignant pleural mesothelioma.
* Cardiomegaly: The heart appears to be enlarged, which may represent cardiomyopathy or heart failure.
* Pneumothorax: There is a small pneumothorax in the right hemithorax, which may represent a complication from the pleural effusion.
* Tuberculosis: The lung parenchyma appears normal, but there is a small area of consolidation in the right lower lobe, which may represent tuberculosis.
* Atelectasis: There is a small area of atelectasis in the right upper lobe, which may represent chronic bronchitis or bronchiectasis.
* Pneumonia: There is no evidence of active pneumonia on the X-ray.
* COP",case_7
7,/content/DETerGENt/data/combined/case_8/img/Case 8 Image - Follow up.jpeg,"Sure, here's a detailed report for the given X-ray based on the diagnosis provided by the radiologist:

Patient Information:

* Name: [Patient's Name]
* Age: [Patient's Age]
* Gender: [Patient's Gender]

X-ray Findings:

* Plueral Effusion: There is an accumulation of fluid in the pleural space, indicating pleural effusion. This is a common finding in patients with lung disease, such as pneumonia or pulmonary embolism.
* Calcifications: Calcifications are small deposits of calcium salts in the lung tissue. They can be a normal finding in some cases, but they can also be a sign of lung disease, such as chronic obstructive pulmonary disease (COPD) or lung cancer.
* Lung Nodules: Lung nodules are small, round lesions in the lung tissue. They can be benign or malignant, and their size and shape can help determine their potential cause.
* Mesothelioma: Mesothelioma is a rare and aggressive form of cancer that affects the lining of the lung or abdomen. It is often caused by exposure to asbestos.
* Cardiomegaly: Cardiomegaly is an enlargement of the heart, which can be caused by a variety of factors, including heart failure, hypertension, or valvular heart disease.
* Pneumothorax: A pneumothorax is a collection of air in the pleural space that can be caused by a variety of factors, including trauma, infection, or tumors.
* Tuberculosis: Tuberculosis is a bacterial infection that primarily affects the lungs. It can cause inflammation and scarring in the lung tissue, leading to respiratory problems.
* Atelectasis: Atelectasis is a condition where a portion of the lung collapses due to a blockage in the airways. It can be caused by a variety of factors, including infection, tumors, or chronic lung disease.
* Pneumonia: Pneumonia is an infection of the lung tissue that can",case_8
8,/content/DETerGENt/data/combined/case_9/img/Case 9 Image - After ETT Repositioning.jpeg,"Sure, here's a detailed report for the given X-ray:

Patient Information:

* Name: [Patient's Name]
* Age: [Patient's Age]
* Gender: [Patient's Gender]

Radiology Report:

Introduction:
The patient was referred for an X-ray examination of the chest to evaluate for any abnormalities in the lungs and surrounding tissues. The patient has a history of [briefly mention the patient's medical history, such as smoking or exposure to asbestos].

Findings:

* Plueral Effusion: There is an accumulation of fluid in the pleural space, indicating pleural effusion. The effusion is moderate in size and is seen in the right hemithorax.
* Calcifications: Small calcifications are seen in the right lung, which may represent old infections or inflammation.
* Lung Nodules: Multiple nodules are seen in both lungs, which may represent various conditions such as chronic obstructive pulmonary disease (COPD), tuberculosis, or lung cancer. The largest nodule is seen in the right upper lobe and measures approximately 1 cm in diameter.
* Mesothelioma: There is a small area of pleural thickening in the right hemithorax, which may represent mesothelioma.
* Cardiomegaly: The heart appears to be enlarged, which may indicate cardiomegaly.
* Pneumothorax: There is a small pneumothorax in the right hemithorax.
* Tuberculosis: The lung tissue appears to be affected by tuberculosis, with areas of consolidation and granuloma formation.
* Atelectasis: There is a small area of atelectasis in the right lower lobe.
* Pneumonia: There is evidence of pneumonia in the right lung, with areas of consolidation and inflammation.
* COPD: The lungs show signs of chronic obstructive pulmonary disease, with emphysema and bronchiectasis.

Impression:
Based on the findings above, the patient has a number",case_9
9,/content/DETerGENt/data/combined/case_10/img/Case 10 Image.jpeg,"Sure, here's a detailed report for the given X-ray based on the diagnosis provided by the radiologist:

Patient Information:

* Name: [Patient's Name]
* Age: [Patient's Age]
* Gender: [Male/Female]

Radiology Report:

Findings:

* Plural effusion: There is an effusion (fluid accumulation) in the pleural space, which is indicative of pleural effusion. The effusion is moderate in size and is located in the right hemithorax.
* Calcifications: There are calcifications in the right lung, which are consistent with old pneumonia or chronic bronchitis.
* Lung nodules: There are several nodules in both lungs, which could be due to various causes such as old tuberculosis, sarcoidosis, or metastatic disease. The largest nodule is located in the right upper lobe.
* Mesothelioma: There is a well-defined mass in the pleural space, which is consistent with malignant pleural mesothelioma.
* Cardiomegaly: The heart appears to be enlarged, which could be due to various causes such as heart failure, hypertension, or valvular disease.
* Pneumothorax: There is a small pneumothorax in the right hemithorax.
* Tuberculosis: There are areas of consolidation in both lungs, which could be due to tuberculosis.
* Atelectasis: There is atelectasis (collapsing of a portion of the lung) in the right lower lobe.
* Pneumonia: There is an area of consolidation in the right lung, which could be due to pneumonia.
* COPD: There is emphysema (enlargement of air spaces in the lung) and bronchiectasis (dilatation of the bronchi) in both lungs, which are consistent with chronic obstructive pulmonary disease (COPD).

Impression:

Based on the findings above, the following impressions can be made:

* Pleural effusion: Moderate right",case_10
10,/content/DETerGENt/data/combined/case_11/img/Case 11 Image.jpeg,"Sure, here's a detailed report for the given X-ray:

Patient Information:

* Name: [Patient's Name]
* Age: [Patient's Age]
* Gender: [Patient's Gender]

Radiology Report:

Introduction:
The patient was referred for an X-ray examination of the chest to evaluate the lung fields and surrounding tissues. The examination was performed using a [type of X-ray machine] machine.

Findings:

1. Pleural effusion: There is an area of pleural effusion in the right hemithorax, which is moderate in extent. The effusion is located posteriorly and laterally in the chest cavity.
2. Calcifications: Multiple small calcifications are noted in the right lung, which are scattered throughout the lung parenchyma. These calcifications are likely to be benign.
3. Lung nodules: A number of small nodules are seen in both lungs, with the largest nodule measuring approximately [size] in the right lung. These nodules are likely to be benign.
4. Mesothelioma: There is a small area of pleural thickening in the right hemithorax, which is consistent with mesothelioma. However, this finding is not diagnostic of mesothelioma as it can be seen in other conditions such as pleural effusion or pleural thickening.
5. Cardiomegaly: The heart appears to be enlarged, with an increased size of the cardiac silhouette. This finding is consistent with cardiomegaly.
6. Pneumothorax: There is a small pneumothorax in the right chest cavity, which is likely to be a result of a minor trauma.
7. Tuberculosis: There is no evidence of tuberculosis on the X-ray.
8. Atelectasis: There is a small area of atelectasis in the right lung, which is likely to be a result of a chronic respiratory condition.
9. Pneumonia: There is no evidence of pneumonia on the X-ray.
10. COPD: The lungs appear to be normal, with no",case_11
11,/content/DETerGENt/data/combined/case_12/img/Case 12 Image - Frontal.jpeg,"Sure, here's a detailed report for the given X-ray based on the diagnosis provided by the radiologist:

Patient Information:

* Name: [Patient's Name]
* Age: [Patient's Age]
* Gender: [Patient's Gender]

X-ray Findings:

* Plueral Effusion: There is an accumulation of fluid in the pleural space, indicating pleural effusion. This is a common finding in patients with lung disease, such as pneumonia or pulmonary embolism.
* Calcifications: Calcifications are small deposits of calcium salts in the lung tissue. They can be a normal finding in some cases, but they can also be a sign of lung disease, such as chronic obstructive pulmonary disease (COPD) or lung cancer.
* Lung Nodules: Lung nodules are small, round lesions in the lung tissue. They can be benign or malignant, and their size and shape can help determine their potential cause.
* Mesothelioma: Mesothelioma is a rare and aggressive form of cancer that affects the lining of the lungs or abdomen. It is often caused by exposure to asbestos.
* Cardiomegaly: Cardiomegaly is an enlargement of the heart, which can be caused by a variety of factors, including heart failure, cardiomyopathy, or valvular heart disease.
* Pneumothorax: A pneumothorax is a collection of air in the pleural space that can be caused by a variety of factors, including trauma, infection, or cancer.
* Tuberculosis: Tuberculosis is a bacterial infection that primarily affects the lungs. It can cause inflammation and scarring in the lung tissue, leading to respiratory problems.
* Atelectasis: Atelectasis is a condition where a portion of the lung collapses due to a blockage in the airways. It can be caused by a variety of factors, including infection, inflammation, or injury.
* Pneumonia: Pneumonia is an infection of the lung tissue that",case_12
12,/content/DETerGENt/data/combined/case_13/img/Case 13 Image.png,"Sure, here's a detailed report for the given X-ray based on the diagnosis provided by the radiologist:

Patient Information:

* Name: [Patient's Name]
* Age: [Patient's Age]
* Gender: [Patient's Gender]

X-ray Findings:

* Pleural effusion: There is an accumulation of fluid in the pleural space, indicating pleural effusion. The effusion is moderate in size and is located in the right hemithorax.
* Calcifications: Small calcifications are seen in the right lung, which may represent old pneumonia or bronchiectasis.
* Lung nodules: Multiple nodules are seen in both lungs, with the largest nodule measuring approximately 1 cm in diameter. The nodules are round or oval in shape and have a irregular border.
* Mesothelioma: There is a well-defined mass in the pleural space, which measures approximately 2 cm in diameter. The mass has a irregular border and is likely to be a malignant mesothelioma.
* Cardiomegaly: The heart appears to be enlarged, indicating cardiomegaly.
* Pneumothorax: There is a small pneumothorax in the right hemithorax.
* Tuberculosis: There is a small area of consolidation in the right lung, which may represent tuberculosis.
* Atelectasis: There is a small area of atelectasis in the right lung.
* Pneumonia: There is evidence of pneumonia in the right lung, with areas of consolidation and pleural effusion.
* COPD: The lungs show signs of chronic obstructive pulmonary disease (COPD), with emphysema and bronchiectasis.

Impression:

Based on the findings on the X-ray, the following impressions are made:

* Pleural effusion: Moderate right-sided pleural effusion is present, which may be caused by a variety of factors, including malignancy, infection, or heart failure.
* Lung nodules: Multiple lung nodules are seen, which may represent various",case_13
13,/content/DETerGENt/data/combined/case_14/img/Case 14 Image - Frontal.jpeg,"Sure, here's a detailed report for the given X-ray:

Patient Information:

* Name: [Patient's Name]
* Age: [Patient's Age]
* Gender: [Patient's Gender]

Radiology Report:

Findings:

* Plueral Effusion: There is an accumulation of fluid in the pleural space, indicating pleural effusion. This is a common finding in patients with various medical conditions, such as pneumonia, lung cancer, and heart failure.
* Lung Nodules: Multiple nodules are visible in both lungs, which could be indicative of various conditions such as lung cancer, tuberculosis, or sarcoidosis. The size and shape of the nodules can help narrow down the differential diagnosis.
* Cardiomegaly: The heart appears to be enlarged, which can be a sign of heart failure or other cardiac conditions.
* Tuberculosis: The presence of nodules in both lungs, particularly in the apical region, is consistent with tuberculosis. Tuberculosis is a common cause of lung disease in developing countries and can present with nodular opacities in the lungs.

Impression:

Based on the findings on the X-ray, the following diagnoses are possible:

1. Pleural effusion: This could be due to various causes such as pneumonia, lung cancer, heart failure, or other conditions.
2. Lung nodules: These could be benign or malignant, and the size and shape of the nodules can help narrow down the differential diagnosis.
3. Cardiomegaly: This could be due to heart failure, coronary artery disease, or other cardiac conditions.
4. Tuberculosis: The presence of nodules in both lungs, particularly in the apical region, is consistent with tuberculosis.

Recommendations:

* Further imaging studies such as a CT scan or MRI may be necessary to better evaluate the pleural effusion and lung nodules.
* A chest physician should be consulted to evaluate the patient for possible causes of pleural effusion and lung nodules.
* The patient should be",case_14
14,/content/DETerGENt/data/combined/case_15/img/Case 15 Image - Frontal 2.jpeg,"Sure, here's a detailed report for the given X-ray:

Patient Information:

* Name: [Patient's Name]
* Age: [Patient's Age]
* Gender: [Patient's Gender]

Radiology Report:

Introduction:
The patient was referred for an X-ray examination of the chest to evaluate for any abnormalities in the lungs and surrounding tissues. The patient has a history of [briefly mention the patient's medical history, such as smoking or exposure to asbestos].

Findings:

* Plueral Effusion: There is an accumulation of fluid in the pleural space, indicating pleural effusion. This is a common finding in patients with respiratory diseases such as pneumonia or chronic obstructive pulmonary disease (COPD).
* Calcifications: Calcifications are small deposits of calcium salts in the lung tissue. They are often seen in patients with chronic lung disease and can be a sign of chronic inflammation.
* Lung Nodules: Lung nodules are small, round lesions in the lung tissue. They can be benign or malignant and are often associated with smoking.
* Mesothelioma: Mesothelioma is a rare cancer that affects the lining of the lungs or abdomen. It is often associated with exposure to asbestos.
* Cardiomegaly: Cardiomegaly is an enlargement of the heart, which can be a sign of heart failure or other cardiovascular diseases.
* Pneumothorax: A pneumothorax is a collection of air in the pleural space that can cause the lung to collapse. It can be caused by trauma or disease.
* Tuberculosis: Tuberculosis is a bacterial infection that can affect the lungs and other parts of the body. It is often associated with poverty and malnutrition.
* Atelectasis: Atelectasis is a condition where a portion of the lung collapses due to a lack of air pressure. It can be caused by disease or injury.
* Pneumonia: Pneumonia",case_15
15,/content/DETerGENt/data/combined/case_16/img/Case 16 Image - 3 years later.jpg,"Sure, here's a detailed report for the given X-ray:

Patient Information:

* Name: John Doe
* Age: 65
* Gender: Male

Radiology Report:

Findings:

* Pleural effusion: There is an accumulation of fluid in the pleural space, indicating a pleural effusion. The effusion is moderate in size and is located in the right hemithorax.
* Calcifications: There are small calcifications in the right lung, which may represent old pneumonia or chronic bronchitis.
* Lung nodules: There are several small nodules scattered throughout both lungs, which may represent various conditions such as bronchiectasis, chronic obstructive pulmonary disease (COPD), or lung cancer.
* Cardiomegaly: The heart appears to be enlarged, which may indicate cardiac disease such as hypertension, coronary artery disease, or heart failure.
* Tuberculosis: There is a small area of consolidation in the right lung, which may represent tuberculosis.
* Atelectasis: There is a small area of atelectasis in the right lung, which may represent a collapsed lung segment.

Impression:

Based on the findings on the X-ray, the following impressions are made:

* Pleural effusion: Moderate right-sided pleural effusion is present, which may be caused by various conditions such as pneumonia, cancer, or heart failure.
* Lung nodules: Multiple small nodules are present in both lungs, which may represent various conditions such as bronchiectasis, COPD, or lung cancer.
* Cardiomegaly: The heart appears to be enlarged, which may indicate cardiac disease such as hypertension, coronary artery disease, or heart failure.
* Tuberculosis: A small area of consolidation is present in the right lung, which may represent tuberculosis.
* Atelectasis: A small area of atelectasis is present in the right lung, which may represent a collapsed lung segment.

Recommendations:

* Further workup is recommended to determine",case_16
16,/content/DETerGENt/data/combined/case_17/img/Case 17 Image - 1 day later.jpeg,"Sure, here's a detailed report for the given X-ray:

Patient Information:

* Name: [Patient's Name]
* Age: [Patient's Age]
* Gender: [Patient's Gender]

Radiology Report:

Introduction:
The patient was referred for an X-ray examination of the chest to evaluate for any abnormalities in the lungs and surrounding tissues. The patient has a history of [briefly mention the patient's medical history, such as smoking or exposure to asbestos].

Findings:

* Pleural effusion: There is an accumulation of fluid in the pleural space, indicating inflammation or infection in the lungs. The fluid is located in the right hemithorax, with a small amount of fluid in the left hemithorax as well.
* Calcifications: Small, round calcifications are present in the right lung, likely representing old lung tissue damage.
* Lung nodules: Several small nodules are visible in the right lung, which could be indicative of lung cancer or other inflammatory conditions.
* Mesothelioma: There is a small, irregularly-shaped mass in the pleural space, which could be a mesothelioma.
* Cardiomegaly: The heart appears to be enlarged, which could be due to cardiac disease or other conditions.
* Pneumothorax: There is a small amount of air in the pleural space, which could be due to a pneumothorax or other conditions.
* Tuberculosis: There is a small amount of granuloma in the right lung, which could be indicative of tuberculosis.
* Atelectasis: There is a small area of atelectasis in the right lung, which could be due to a collapse of the lung tissue.
* Pneumonia: There is an area of consolidation in the right lung, which could be due to pneumonia.
* COPD: The lungs appear to be severely damaged, with emphysema and small airways disease, consistent with chronic obstructive pulmonary disease (COPD).

Impression:
Based on",case_17
17,/content/DETerGENt/data/combined/case_18/img/Case 18 Image.jpeg,"Sure, here's a detailed report for the given X-ray based on the diagnosis provided by the radiologist:

Patient Information:

* Name: [Patient's Name]
* Age: [Patient's Age]
* Gender: [Male/Female]

X-ray Findings:

* Pleural effusion: There is an accumulation of fluid in the pleural space, indicating pleural effusion. This is a common finding in patients with lung disease, including pneumonia, pulmonary embolism, and lung cancer.
* Calcifications: Calcifications are small deposits of calcium salts in the lung tissue. They are often seen in patients with chronic lung disease, such as chronic obstructive pulmonary disease (COPD) and can be a sign of lung damage.
* Lung nodules: Lung nodules are small, round lesions in the lung tissue. They can be benign or malignant and are often seen in patients with lung cancer.
* Mesothelioma: Mesothelioma is a rare form of cancer that affects the lining of the lung or abdomen. It is often caused by exposure to asbestos and can be detected on X-ray through the presence of a mass in the pleural space.
* Cardiomegaly: Cardiomegaly is an enlargement of the heart, which can be caused by a variety of conditions, including heart failure, coronary artery disease, and valvular heart disease.
* Tuberculosis: Tuberculosis is a bacterial infection that primarily affects the lungs. It can cause inflammation and scarring in the lung tissue, which can be detected on X-ray.
* Atelectasis: Atelectasis is the collapse of a portion of the lung due to injury or inflammation. It can be caused by a variety of conditions, including pneumonia, lung cancer, and chronic obstructive pulmonary disease (COPD).
* Pneumonia: Pneumonia is an infection of the lung tissue that can cause inflammation and consolidation of the affected lung.
* COPD: Chronic obstructive pulmonary disease (",case_18
18,/content/DETerGENt/data/combined/case_19/img/Case 19 Image.jpeg,"Sure, here's a detailed report for the given X-ray based on the diagnosis provided by the radiologist:

Patient Information:

* Name: [Patient's Name]
* Age: [Patient's Age]
* Gender: [Patient's Gender]

X-ray Findings:

* Plueral Effusion: There is an accumulation of fluid in the pleural space, indicating pleural effusion. This is a common finding in patients with lung disease, such as pneumonia or pulmonary embolism.
* Calcifications: Calcifications are small deposits of calcium salts in the lung tissue. They are often seen in patients with chronic lung disease, such as chronic obstructive pulmonary disease (COPD) or pulmonary fibrosis.
* Lung Nodules: Lung nodules are small, round lesions in the lung tissue. They can be benign or malignant, and their size and shape can help determine their potential cause.
* Mesothelioma: Mesothelioma is a rare and aggressive form of cancer that affects the lining of the lung or abdomen. It is often caused by exposure to asbestos.
* Cardiomegaly: Cardiomegaly is an enlargement of the heart, which can be caused by a variety of factors, including heart failure, hypertension, or valvular heart disease.
* Pneumothorax: A pneumothorax is a collection of air in the pleural space that can be caused by a variety of factors, including trauma, infection, or tumors.
* Tuberculosis: Tuberculosis is a bacterial infection that primarily affects the lungs. It can cause inflammation and scarring in the lung tissue, leading to respiratory problems.
* Atelectasis: Atelectasis is a condition where a portion of the lung collapses due to a blockage in the airways. It can be caused by a variety of factors, including infection, tumors, or chronic lung disease.
* Pneumonia: Pneumonia is an infection of the lung tissue that can be caused by bacter",case_19
19,/content/DETerGENt/data/combined/case_20/img/Case 20 Image.png,"Sure, here's a detailed report for the given X-ray:

Patient Information:

* Name: [Patient's Name]
* Age: [Patient's Age]
* Gender: [Patient's Gender]

Radiology Report:

Introduction:
The patient was referred for an X-ray examination of the chest to evaluate for any abnormalities in the lungs and surrounding tissues. The examination was performed using a [type of X-ray machine] machine.

Findings:

* Pleural effusion: There is an accumulation of fluid in the pleural space, which is the area between the lungs and the chest wall. This can be seen in the lateral decubitus view as an area of increased density.
* Calcifications: Small, round calcifications are seen in the right lung, which may represent old infections or inflammation.
* Lung nodules: Several small nodules are seen in both lungs, which may represent various conditions such as granulomas, abscesses, or tumors. The largest nodule is seen in the right upper lobe and measures approximately [size in cm].
* Mesothelioma: There is a well-defined mass in the pleural space, which measures approximately [size in cm]. This may represent a malignant mesothelioma.
* Cardiomegaly: The heart appears to be enlarged, which may indicate cardiac disease or heart failure.
* Pneumothorax: There is a collection of air in the pleural space on the right side, which may represent a pneumothorax.
* Tuberculosis: There is a well-defined mass in the right lung, which may represent a tuberculous lesion.
* Atelectasis: There is a area of atelectasis in the right lung, which may represent a collapse of the lung tissue.
* Pneumonia: There is an area of consolidation in the right lung, which may represent pneumonia.
* COPD: The lungs appear to be severely scarred, which may indicate chronic obstructive pulmonary disease (COPD).

Impression:
Based on the findings above,",case_20
20,/content/DETerGENt/data/combined/case_21/img/Case 21 Image.jpeg,"Sure, here's a detailed report for the given X-ray:

Patient Information:

* Name: [Patient's Name]
* Age: [Patient's Age]
* Gender: [Male/Female]

Radiology Report:

Introduction:
The patient was referred for an X-ray examination of the chest to evaluate for any abnormalities in the lungs and surrounding tissues. The patient has a history of [briefly mention the patient's medical history, such as smoking or any previous lung problems].

Findings:

* Pleural effusion: There is an accumulation of fluid in the pleural space, indicating inflammation or infection in the lungs. The fluid is located in the right hemithorax, with a small amount of fluid in the left hemithorax as well.
* Calcifications: Small, round calcifications are seen in the right lung, possibly indicating a previous infection or inflammation.
* Lung nodules: Several small nodules are seen in both lungs, which could be indicative of lung cancer or other inflammatory conditions.
* Mesothelioma: There is a small, round mass in the pleural space, which could be a mesothelioma.
* Cardiomegaly: The heart appears to be enlarged, which could be due to cardiac disease or other conditions.
* Pneumothorax: There is a small amount of air in the pleural space, which could be due to a pneumothorax or other conditions.
* Tuberculosis: There is a small amount of granuloma in the right lung, which could be indicative of tuberculosis.
* Atelectasis: There is a small area of atelectasis in the right lung, which could be due to a collapse of the lung tissue.
* Pneumonia: There is an area of consolidation in the right lung, which could be due to pneumonia.
* COPD: The lungs appear to be emphysematous, which could be due to chronic obstructive pulmonary disease (COPD).

Impression:
Based on the findings above, the patient has pleural",case_21
21,/content/DETerGENt/data/combined/case_22/img/Case 22 Image.jpeg,"Sure, here's a detailed report for the given X-ray:

Patient Information:

* Name: [Patient's Name]
* Age: [Patient's Age]
* Gender: [Patient's Gender]

X-ray Findings:

* Plural effusion: There is an accumulation of fluid in the pleural space, indicating pleural effusion. The effusion is moderate in size and is seen in the right hemithorax.
* Calcifications: Small calcifications are seen in the right lung, which may represent old pneumonia or other inflammatory processes.
* Lung nodules: Multiple nodules are seen in both lungs, which may represent various lung diseases such as tuberculosis, asbestosis, or metastatic disease. The largest nodule is seen in the right upper lobe and measures approximately 1 cm in diameter.
* Mesothelioma: A well-defined mass is seen in the pleural space, which may represent malignant mesothelioma. The mass is large and extends from the diaphragm to the 6th rib.
* Cardiomegaly: The heart appears enlarged, which may indicate cardiomyopathy or other cardiac conditions.
* Pneumothorax: A small pneumothorax is seen in the right hemithorax, which may represent a recent lung injury or infection.
* Tuberculosis: The lung tissue appears nodular and there is a small area of consolidation, which may represent tuberculosis.
* Atelectasis: There is a small area of atelectasis in the right lower lobe, which may represent a chronic lung disease.
* Pneumonia: There is a small area of consolidation in the right lower lobe, which may represent pneumonia.

Impression:

Based on the findings on the X-ray, the following impressions are made:

* Pleural effusion: Moderate pleural effusion is present in the right hemithorax, which may represent various causes such as malignancy, infection, or autoimmune disorders.
* Lung nodules: Multiple lung nodules are seen",case_22
22,/content/DETerGENt/data/combined/case_23/img/Case 23 Image.jpeg,"Sure, here's a detailed report for the X-ray image provided:

Patient Information:

* Name: John Doe
* Age: 65
* Gender: Male

X-ray Image:

* Type of X-ray: Chest
* Date of X-ray: Today
* Time of X-ray: 10:00 AM

Findings:

* There is a large pleural effusion (fluid accumulation in the pleural space between the lungs and chest wall) on the right side of the chest. The effusion is moderate in size and appears to be homogeneous.
* There are calcifications (small deposits of calcium salts) in the right lung, which may indicate a history of smoking or chronic lung disease.
* A nodule (small round lesion) is seen in the right upper lobe of the lung, which may be indicative of a benign or malignant process such as a tumor or abscess.
* The heart appears to be enlarged (cardiomegaly), which may be due to heart failure or other cardiac conditions.
* There is a large pneumothorax (collapsed lung) on the right side of the chest, which may be due to a traumatic injury or a neoplastic process.
* There are no signs of tuberculosis or other infectious processes in the lungs.
* The lungs appear to be otherwise normal, with no evidence of atelectasis (collapse of lung tissue) or pneumonia.

Impression:

Based on the findings on the X-ray, the following impressions are made:

* Pleural effusion on the right side of the chest is present, which may be due to various causes such as heart failure, pneumonia, or malignancy.
* Calcifications in the lungs may indicate a history of smoking or chronic lung disease.
* The nodule in the right lung may be indicative of a benign or malignant process.
* Cardiomegaly may be due to heart failure or other cardiac conditions.
* Pneumothorax on the right side of the chest may be due to a",case_23
23,/content/DETerGENt/data/combined/case_24/img/Case 24 Image.jpg,"Sure, here's a detailed report for the given X-ray:

Patient Information:

* Name: John Doe
* Age: 65
* Gender: Male

X-ray Findings:

The X-ray image shows a prominent cardiac silhouette with an enlarged heart, indicating cardiomegaly. There is also evidence of pleural effusion, which is visible as an area of opacity in the right hemithorax. The lungs appear to be normal, with no evidence of pneumothorax or consolidation. The mediastinum is clear, and there is no evidence of any masses or abnormalities in the great vessels.

Impression:
Based on the X-ray findings, the following impressions can be made:

1. Cardiomegaly: The enlarged heart suggests that there may be an underlying cardiac condition, such as heart failure or coronary artery disease.
2. Pleural effusion: The presence of pleural effusion may indicate a respiratory or cardiac condition, such as pneumonia or congestive heart failure.
3. Normal lungs: The normal lungs suggest that there is no evidence of any pulmonary pathology, such as pneumonia or lung cancer.

Recommendations:

Based on the X-ray findings, the following recommendations can be made:

1. Further imaging: Given the findings of cardiomegaly and pleural effusion, further imaging studies such as a chest CT scan or MRI may be necessary to better evaluate the heart and lungs.
2. Laboratory tests: Laboratory tests such as complete blood count, electrolyte levels, and cardiac enzymes may be necessary to evaluate for any underlying cardiac or respiratory conditions.
3. Consultation: Consultation with a cardiologist or pulmonologist may be necessary to evaluate the cardiac and respiratory conditions, respectively.

Conclusion:
Based on the X-ray findings, it is likely that the patient has an underlying cardiac or respiratory condition that requires further evaluation and management. The patient should be referred to a cardiologist or pulmonologist for further evaluation and treatment.",case_24
24,/content/DETerGENt/data/combined/case_25/img/Case 25 Image - Frontal.jpeg,"Sure, here's a detailed report for the given X-ray:

Patient Information:

* Name: John Doe
* Age: 65
* Gender: Male

X-ray Findings:

* Pleural effusion: There is an accumulation of fluid in the pleural space, indicating a pleural effusion. The effusion is moderate in size and is located in the right hemithorax.
* Calcifications: There are small calcifications in the right lung, which may represent old pneumonia or bronchiectasis.
* Lung nodules: There are several small nodules scattered throughout both lungs, which may represent benign lung lesions or early lung cancer. The largest nodule is located in the right upper lobe.
* Cardiomegaly: The heart appears to be enlarged, which may indicate cardiac disease or heart failure.
* Pneumothorax: There is a small pneumothorax in the right hemithorax, which may indicate a recent lung injury or infection.
* Tuberculosis: There is a small area of consolidation in the right lower lobe, which may represent tuberculosis.
* Pneumonia: There is evidence of pneumonia in the right lung, with areas of consolidation and pleural effusion.

Impression:
Based on the findings on the X-ray, the patient has a number of significant abnormalities, including pleural effusion, lung nodules, cardiomegaly, and evidence of pneumonia. The patient should be further evaluated with a CT scan or other imaging studies to better define the nature and extent of these abnormalities. The patient's symptoms and medical history should also be taken into account when interpreting these findings.

Recommendations:
* The patient should be referred for further imaging studies, such as a CT scan, to better define the nature and extent of the pleural effusion, lung nodules, and other abnormalities.
* The patient should be evaluated for underlying cardiac disease or heart failure, given the enlargement of the heart on the X-ray.
* The patient should be treated for the pneumonia, which may involve antibiotics and other support",case_25
25,/content/DETerGENt/data/combined/case_26/img/Case 26 Image.jpeg,"Sure, here's a detailed report for the given X-ray based on the diagnosis provided by the radiologist:

Patient Information:

* Name: [Patient's Name]
* Age: [Patient's Age]
* Gender: [Patient's Gender]

X-ray Findings:

* Pleural effusion: There is an accumulation of fluid in the pleural space, indicating pleural effusion. This is a common finding in patients with lung disease, such as pneumonia or pulmonary embolism.
* Calcifications: Calcifications are small deposits of calcium salts in the lung tissue. They are often seen in patients with chronic lung disease, such as chronic obstructive pulmonary disease (COPD) or pulmonary fibrosis.
* Lung nodules: Lung nodules are small, round lesions in the lung tissue. They can be benign or malignant, and their size and shape can help determine their likely cause.
* Mesothelioma: Mesothelioma is a rare and aggressive form of cancer that affects the lining of the lung or abdomen. It is often caused by exposure to asbestos.
* Cardiomegaly: Cardiomegaly is an enlargement of the heart, which can be caused by a variety of factors, including heart failure, hypertension, or valvular heart disease.
* Pneumothorax: A pneumothorax is a collection of air in the pleural space that can be caused by a variety of factors, including trauma, infection, or tumors.
* Tuberculosis: Tuberculosis is a bacterial infection that primarily affects the lungs. It can cause pleural effusion, lung nodules, and cardiomegaly.
* Atelectasis: Atelectasis is a condition where a portion of the lung collapses due to a blockage in the airways. It can be caused by a variety of factors, including chronic bronchitis or asthma.
* Pneumonia: Pneumonia is an infection of the lung tissue that can cause pleural effusion, lung nodules, and cardiomeg",case_26
26,/content/DETerGENt/data/combined/case_27/img/Case 27 Image - Zoomed.jpeg,"Sure, here's a detailed report for the given X-ray:

Patient Information:

* Name: [Patient's Name]
* Age: [Patient's Age]
* Gender: [Patient's Gender]

X-ray Findings:

* Plural effusion: There is an effusion (fluid accumulation) in the pleural space between the lung and chest wall. The effusion is moderate in size and appears to be symmetrical.
* Calcifications: There are small calcifications within the lung tissue, which may represent old infections or inflammation.
* Lung nodules: There are several small nodules within the lung tissue, which may represent various conditions such as chronic inflammation, infection, or cancer.
* Mesothelioma: There is a small mass within the pleural space, which may represent a malignant mesothelioma.
* Cardiomegaly: The heart appears to be enlarged, which may indicate cardiomyopathy or heart failure.
* Pneumothorax: There is a small pneumothorax (air pocket) within the pleural space, which may indicate a collapsed lung or other respiratory compromise.
* Tuberculosis: There are signs of old tuberculosis infection within the lung tissue, including calcifications and granulomas.
* Atelectasis: There is a small area of atelectasis (collapsed lung tissue) within the right lung.
* Pneumonia: There is evidence of pneumonia within the lung tissue, including consolidation and pleural effusion.
* COPD: The lungs appear to be severely compromised, consistent with chronic obstructive pulmonary disease (COPD).

Impression:

Based on the findings on the X-ray, the following impressions are made:

* Pleural effusion and calcifications within the lung tissue are consistent with chronic inflammation or infection.
* The presence of lung nodules and a possible malignant mesothelioma suggests a potential for malignancy.
* Cardiomegaly and pneumothorax may indicate underlying cardiac or",case_27
27,/content/DETerGENt/data/combined/case_28/img/Case 28 Image - Lateral.jpeg,"Sure, here's a detailed report for the given X-ray:

Patient Information:

* Name: [Patient's Name]
* Age: [Patient's Age]
* Gender: [Male/Female]

Radiology Report:

Introduction:
The patient was referred for an X-ray examination of the chest to evaluate for any abnormalities in the lungs and surrounding tissues. The examination was performed using a [type of X-ray machine] machine.

Findings:

* Pleural effusion: There is an accumulation of fluid in the pleural space between the lung and chest wall. This is indicated by the presence of a large, well-defined area of opacity in the right hemithorax. The fluid is likely to be an exudate, as it is not clearly demarcated from the surrounding lung tissue.
* Calcifications: Small, round calcifications are present in the right lung, likely representing old infections or inflammation.
* Lung nodules: Multiple small nodules are present in both lungs, some of which are larger than 8mm in diameter. These nodules may represent various conditions such as granulomas, abscesses, or tumors.
* Mesothelioma: There is a large, irregularly-shaped mass in the pleural space, which is likely to be a malignant mesothelioma. This mass is associated with pleural effusion and is seen in the right hemithorax.
* Cardiomegaly: The heart appears to be enlarged, which may be due to cardiac disease or pulmonary hypertension.
* Pneumothorax: There is a small, round opacity in the right lung, which is likely to be a pneumothorax.
* Tuberculosis: There is a large, irregularly-shaped mass in the right lung, which is likely to be a tuberculous granuloma.
* Atelectasis: There is a small, irregularly-shaped area of atelectasis in the right lung, which may be due to chronic bronchitis or bronchiectasis.
* Pneumonia: There is a small, round opacity in the",case_28
28,/content/DETerGENt/data/combined/case_29/img/Case 29 Image.jpeg,"Sure, here's a detailed report for the given X-ray image:

Patient Information: [Patient's Name]
Date of Exam: [Date of Exam]
Radiologist's Name: [Radiologist's Name]

Findings:

The patient presents with an anterior-posterior chest X-ray, which reveals a number of abnormalities. The most notable finding is the presence of calcifications in the right lung field, which are scattered and irregular in shape. These calcifications are likely to be due to chronic inflammation or infection, and may represent a past lung infection or granuloma.

In the left lung field, there is a well-defined area of opacity, which appears to be consolidated. This may represent pneumonia or other inflammatory process. The mediastinum is clear, and there is no evidence of cardiomegaly or pleural effusion.

Impression:
Based on the findings on the X-ray, the following impressions are made:

1. Chronic bronchitis or emphysema with calcifications in the right lung field.
2. Pneumonia or other inflammatory process in the left lung field, with consolidation.
3. No evidence of cardiomegaly or pleural effusion.

Recommendations:
Given the findings on the X-ray, the following recommendations are made:

1. Further workup with a CT scan of the chest to better evaluate the lung parenchyma and to rule out any malignancy.
2. Antibiotics for the pneumonia in the left lung field, pending the results of further testing.
3. Monitoring for any changes in the patient's condition, including any worsening of symptoms or signs of complications.

Please note that this is a sample report and should not be used for actual patient care without proper interpretation and diagnosis by a qualified radiologist.",case_29
29,/content/DETerGENt/data/combined/case_30/img/Case 30 Image.jpg,"Sure, here's a detailed report for the given X-ray based on the diagnosis provided by the radiologist:

Patient Information:

* Name: [Patient's Name]
* Age: [Patient's Age]
* Gender: [Patient's Gender]

X-ray Findings:

* Plueral Effusion: There is an accumulation of fluid in the pleural space, indicating pleural effusion. This is a common finding in patients with lung disease, such as pneumonia or pulmonary embolism.
* Calcifications: Calcifications are small deposits of calcium salts in the lung tissue. They can be a normal finding in some cases, but they can also be a sign of lung disease, such as chronic obstructive pulmonary disease (COPD) or lung cancer.
* Lung Nodules: Lung nodules are small, round lesions in the lung tissue. They can be benign or malignant, and their size and shape can help determine their potential cause.
* Mesothelioma: Mesothelioma is a rare and aggressive form of cancer that affects the lining of the lungs or abdomen. It is often caused by exposure to asbestos, and the X-ray may show a large mass in the pleural space.
* Cardiomegaly: Cardiomegaly is an enlargement of the heart, which can be a sign of heart failure or other cardiovascular conditions.
* Pneumothorax: A pneumothorax is a collection of air in the pleural space that can be caused by a variety of factors, including trauma, infection, or cancer.
* Tuberculosis: Tuberculosis is a bacterial infection that can affect the lungs and other parts of the body. The X-ray may show a large mass or nodule in the lung tissue.
* Atelectasis: Atelectasis is a condition where the lung tissue collapses, which can be caused by a variety of factors, including chronic obstructive pulmonary disease (COPD), pneumonia, or lung cancer.
* Pneumonia: Pneumonia is an in",case_30
30,/content/DETerGENt/data/combined/case_31/img/Case 31 Image - Frontal.jpg,"Sure, here's a detailed report for the given X-ray:

Patient Information:

* Name: John Doe
* Age: 65
* Gender: Male

X-ray Findings:

* Pleural effusion: There is an accumulation of fluid in the pleural space, indicating pleural effusion. The effusion is moderate in size and is located in the right hemithorax.
* Calcifications: There are multiple calcifications in the right lung, which are likely to be benign. However, further evaluation is needed to confirm this diagnosis.
* Lung nodules: There are several nodules in both lungs, which could be due to various causes such as infection, inflammation, or malignancy. Further evaluation is needed to determine the nature of these nodules.
* Tuberculosis: There is a small area of consolidation in the right lung, which could be indicative of tuberculosis. However, this diagnosis needs to be confirmed through further evaluation.
* Atelectasis: There is a small area of atelectasis in the right lung, which could be due to various causes such as chronic bronchitis or pneumonia.
* Pneumonia: There is an area of consolidation in the right lung, which could be indicative of pneumonia. However, this diagnosis needs to be confirmed through further evaluation.

Impression:

Based on the findings on the X-ray, the following diagnoses are possible:

1. Pleural effusion: Moderate-sized effusion in the right hemithorax, likely due to cardiac failure or pneumonia.
2. Lung nodules: Multiple nodules in both lungs, which could be due to various causes such as infection, inflammation, or malignancy.
3. Tuberculosis: Small area of consolidation in the right lung, which could be indicative of tuberculosis.
4. Atelectasis: Small area of atelectasis in the right lung, which could be due to chronic bronchitis or pneumonia.
5. Pneumonia: Area of consolidation in the right lung, which could be indicative of p",case_31
31,/content/DETerGENt/data/combined/case_32/img/Case 32 Image - Lateral.jpg,"Sure, here's a detailed report for the given X-ray:

Patient Information:

* Name: [Patient's Name]
* Age: [Patient's Age]
* Gender: [Patient's Gender]

X-ray Findings:

* Plural effusion: There is an accumulation of fluid in the pleural space, indicating pleural effusion. This is a common finding in patients with lung disease, such as pneumonia or pulmonary embolism.
* Calcifications: Small calcifications are seen in the lung tissue, which can be a normal finding in some cases or can indicate a lung disease such as chronic obstructive pulmonary disease (COPD).
* Lung nodules: Multiple nodules are seen in both lungs, which can be indicative of lung disease such as mesothelioma or metastatic disease.
* Cardiomegaly: The heart appears to be enlarged, which can be a sign of heart failure or cardiomyopathy.
* Pneumothorax: There is a small area of air in the pleural space, which can be indicative of a pneumothorax.
* Tuberculosis: The lung tissue appears to be affected by tuberculosis, which can cause nodules or granulomas in the lung tissue.
* Atelectasis: There is a area of atelectasis in the lung tissue, which can be caused by a variety of factors such as chronic coughing or respiratory infections.
* Pneumonia: There is an area of pneumonia in the lung tissue, which can be caused by bacterial or viral infection.
* COPD: The lung tissue appears to be affected by chronic obstructive pulmonary disease (COPD), which can cause emphysema and chronic bronchitis.

Impression:

Based on the findings on the X-ray, the patient appears to have a number of lung diseases, including pleural effusion, lung nodules, cardiomegaly, pneumothorax, tuberculosis, atelectasis, pneumonia, and COPD. The patient should be further",case_32
32,/content/DETerGENt/data/combined/case_33/img/Case 33 Image.jpeg,"Sure, here's a detailed report for the given X-ray based on the diagnosis provided by the radiologist:

Patient Information:

* Name: [Patient's Name]
* Age: [Patient's Age]
* Gender: [Patient's Gender]

X-ray Findings:

* Plural effusion: There is an accumulation of fluid in the pleural space, indicating pleural effusion. This is a common finding in patients with lung disease, such as pneumonia or pulmonary embolism.
* Calcifications: Calcifications are small deposits of calcium salts in the lung tissue. They can be a normal finding in some cases, but they can also be a sign of lung disease, such as chronic obstructive pulmonary disease (COPD) or lung cancer.
* Lung nodules: Lung nodules are small, round lesions in the lung tissue. They can be benign or malignant, and their size and shape can help determine their likely cause.
* Mesothelioma: Mesothelioma is a rare and aggressive form of cancer that affects the lining of the lung or abdomen. It is often caused by exposure to asbestos.
* Cardiomegaly: Cardiomegaly is an enlargement of the heart, which can be caused by a variety of factors, including heart failure, hypertension, or valvular heart disease.
* Pneumothorax: A pneumothorax is a collection of air in the pleural space, which can be caused by a variety of factors, including trauma, infection, or tumors.
* Tuberculosis: Tuberculosis is a bacterial infection that primarily affects the lungs. It can cause inflammation and scarring in the lung tissue, leading to respiratory problems.
* Atelectasis: Atelectasis is a condition where a portion of the lung collapses due to a blockage in the airways. This can be caused by a variety of factors, including infection, tumors, or chronic lung disease.
* Pneumonia: Pneumonia is an infection of the lung tissue that can be caused",case_33
33,/content/DETerGENt/data/combined/case_34/img/Case 34 Image.jpeg,"Sure, here's a detailed report for the given X-ray based on the diagnosis provided by the radiologist:

Patient Information:

* Name: [Patient's Name]
* Age: [Patient's Age]
* Gender: [Patient's Gender]

X-ray Findings:

* Pleural effusion: There is an accumulation of fluid in the pleural space, indicating pleural effusion. This can be seen in the right hemithorax as a well-defined, rounded opacity.
* Calcifications: Small, irregularly-shaped calcifications are seen in the right lung, likely representing old lung disease.
* Lung nodules: A few small nodules are seen in the right lung, which could be indicative of lung cancer or other benign lung lesions.
* Mesothelioma: There is no obvious evidence of mesothelioma on the X-ray.
* Cardiomegaly: The heart appears to be enlarged, which could be due to various cardiac conditions such as heart failure or coronary artery disease.
* Pneumothorax: There is no evidence of a pneumothorax on the X-ray.
* Tuberculosis: There is no evidence of tuberculosis on the X-ray.
* Atelectasis: There is no evidence of atelectasis on the X-ray.
* Pneumonia: There is no evidence of pneumonia on the X-ray.
* COPD: The lungs appear to be normal, with no evidence of chronic obstructive pulmonary disease (COPD).

Impression:

Based on the findings on the X-ray, the following impressions can be made:

* Pleural effusion is present in the right hemithorax, likely due to a fluid overload or infection.
* There are small calcifications in the right lung, which could be indicative of old lung disease.
* A few small nodules are seen in the right lung, which could be indicative of lung cancer or other benign lung lesions.
* The heart appears to be enlarged, which could be due to various cardiac conditions such as heart failure or coronary ar",case_34
34,/content/DETerGENt/data/combined/case_35/img/Case 35 Image - Lateral.jpeg,"Sure, here's a detailed report for the given X-ray:

Patient Information:

* Name: [Patient's Name]
* Age: [Patient's Age]
* Gender: [Male/Female]

X-ray Findings:

* Plural effusion: There is an effusion (fluid accumulation) in the pleural space between the lung and chest wall. This is a common finding in patients with mesothelioma, but can also be seen in other conditions such as pneumothorax, tuberculosis, and cardiomyopathy.
* Lung nodules: There are several nodules (round or oval-shaped lesions) seen on the lung, which could be indicative of mesothelioma or other lung diseases such as tuberculosis or metastatic disease.
* Mesothelioma: The presence of a mass in the pleural space, which could be a mesothelioma, is seen. Mesothelioma is a rare cancer that affects the lining of the chest or abdominal cavity.
* Cardiomegaly: The heart appears to be enlarged, which could be due to cardiomyopathy or other cardiac conditions.
* Pneumothorax: There is a small amount of air in the pleural space, which could be indicative of a pneumothorax.
* Tuberculosis: The presence of a granuloma (a small nodule or lesion) in the lung, which could be indicative of tuberculosis.
* Atelectasis: There is a small area of atelectasis (collapsed lung tissue) seen in the right lung.
* Pneumonia: There is an area of consolidation (thickening) in the right lung, which could be indicative of pneumonia.
* COPD: The lungs appear to be emphysematous (overinflated), which could be due to chronic obstructive pulmonary disease (COPD).

Impression:
Based on the findings on the X-ray, the following impressions can be made:

* Mesothelioma: The presence of a mass in the pleural",case_35
35,/content/DETerGENt/data/combined/case_36/img/Case 36 Image - Lateral.jpeg,"Sure, here's a detailed report for the given X-ray:

Patient Information:

* Name: John Doe
* Age: 65
* Gender: Male

X-ray Findings:

* Lung Nodules: There are multiple nodules scattered throughout both lungs, with the largest measuring approximately 1 cm in diameter. The nodules appear to be round or oval in shape and have a slightly irregular border.
* Mesothelioma: There is a small, round mass in the right pleural space, near the mediastinum. The mass measures approximately 1 cm in diameter and has a slightly irregular border.
* Cardiomegaly: The heart appears to be enlarged, with an increased size of the left ventricle.
* Pneumothorax: There is a small, round opacity in the right lung field, consistent with a pneumothorax. The opacity measures approximately 1 cm in diameter.
* Tuberculosis: There is a small, round mass in the right lung field, consistent with a tuberculosis lesion. The mass measures approximately 1 cm in diameter.
* Atelectasis: There is a small, round opacity in the right lung field, consistent with an atelectasis. The opacity measures approximately 1 cm in diameter.

Impression:

Based on the findings on the X-ray, the following impressions are made:

* Lung Nodules: The nodules in both lungs are consistent with a possible lung cancer, and further workup is recommended to confirm the diagnosis.
* Mesothelioma: The mass in the right pleural space is consistent with a malignant mesothelioma, and further workup is recommended to confirm the diagnosis.
* Cardiomegaly: The enlarged heart is consistent with hypertension or cardiomyopathy, and further workup is recommended to confirm the diagnosis.
* Pneumothorax: The pneumothorax in the right lung is consistent with a possible pneumonia or other respiratory infection, and further workup is recommended to confirm the diagnosis.
* Tuberculosis: The tuberculosis lesion in the right lung is consistent with a possible active",case_36
36,/content/DETerGENt/data/combined/case_37/img/Case 37 Image.png,"Sure, here's a detailed report for the given X-ray:

Patient Information:

* Name: [Patient's Name]
* Age: [Patient's Age]
* Gender: [Patient's Gender]

Radiology Report:

Introduction:
The patient was referred for an X-ray examination of the chest to evaluate for any abnormalities in the lungs and surrounding tissues. The examination was performed using a [type of X-ray machine] machine.

Findings:

1. Pleural Effusion: There is an accumulation of fluid in the pleural space, which is the area between the lungs and the chest wall. This is a common finding in patients with pneumonia, pulmonary embolism, or other conditions that can cause inflammation in the pleural space.
2. Calcifications: Calcifications are small deposits of calcium salts in the lung tissue. They are usually benign but can sometimes be a sign of lung cancer. The presence of calcifications in the lung tissue is a common finding in older adults and can be caused by smoking, aging, or other factors.
3. Lung Nodules: Lung nodules are small, round lesions in the lung tissue. They can be benign or malignant and are often detected incidentally on chest X-rays. The presence of lung nodules in the lung tissue is a common finding in older adults and can be caused by smoking, aging, or other factors.
4. Mesothelioma: Mesothelioma is a rare form of cancer that affects the lining of the lungs or abdomen. It is often caused by exposure to asbestos and can present with symptoms such as chest pain, coughing, and difficulty breathing. The presence of a mass in the pleural space is a common finding in patients with mesothelioma.
5. Cardiomegaly: Cardiomegaly is an enlargement of the heart, which can be caused by a variety of factors including heart failure, coronary artery disease, or valvular heart disease. The enlargement of the heart can put pressure on the surrounding tissues and can",case_37
37,/content/DETerGENt/data/combined/case_38/img/Case 38 Image -.jpeg,"Sure, here's a detailed report for the given X-ray based on the diagnosis provided by the radiologist:

Patient Information:

* Name: [Patient's Name]
* Age: [Patient's Age]
* Gender: [Patient's Gender]

X-ray Findings:

* Plural effusion: There is an accumulation of fluid in the pleural space, indicating pleural effusion. This is a common finding in patients with lung disease, such as pneumonia or pulmonary embolism.
* Calcifications: Calcifications are small deposits of calcium salts in the lung tissue. They are often seen in patients with chronic lung disease, such as chronic obstructive pulmonary disease (COPD) or pulmonary fibrosis.
* Lung nodules: Lung nodules are small, round lesions in the lung tissue. They can be benign or malignant, and their size and shape can help determine their likely cause.
* Mesothelioma: Mesothelioma is a rare and aggressive form of cancer that affects the lining of the lung or abdomen. It is often caused by exposure to asbestos.
* Cardiomegaly: Cardiomegaly is an enlargement of the heart, which can be caused by a variety of factors, including heart failure, hypertension, or valvular heart disease.
* Pneumothorax: A pneumothorax is a collection of air in the pleural space, which can be caused by a variety of factors, including trauma, infection, or tumors.
* Tuberculosis: Tuberculosis is a bacterial infection that primarily affects the lungs. It can cause inflammation and scarring in the lung tissue, leading to respiratory problems.
* Atelectasis: Atelectasis is the collapse of a portion of the lung, which can be caused by a variety of factors, including chronic coughing, chronic bronchitis, or lung disease.
* Pneumonia: Pneumonia is an infection of the lung tissue, which can be caused by bacteria, viruses, or fungi.",case_38
38,/content/DETerGENt/data/combined/case_39/img/Case 39 - Frontal.jpeg,"Sure, here's a detailed report for the given X-ray:

Patient Information:

* Name: [Patient's Name]
* Age: [Patient's Age]
* Gender: [Patient's Gender]

X-ray Findings:

* Pleural effusion: There is an accumulation of fluid in the pleural space, indicating pleural effusion. The effusion is moderate in size and is seen in the right hemithorax.
* Calcifications: There are small calcifications seen in the right lung, which may represent old pneumonia or bronchiectasis.
* Lung nodules: Multiple nodules are seen in both lungs, with the largest nodule measuring approximately 1 cm in diameter. The nodules are round or oval in shape and have a irregular border.
* Mesothelioma: There is a well-defined mass lesion in the pleural space, which measures approximately 2 cm in diameter. The mass has a irregular border and is seen in the right hemithorax. The lesion is likely to be a malignant mesothelioma.
* Cardiomegaly: The heart appears to be enlarged, indicating cardiomegaly.
* Tuberculosis: There is a well-defined mass lesion in the right lung, which measures approximately 1 cm in diameter. The lesion has a irregular border and is likely to be a tuberculosis lesion.
* Atelectasis: There is a area of atelectasis in the right lung, which is seen in the posterior segment.
* Pneumonia: There is an area of consolidation in the right lung, which is likely to be a pneumonia.

Impression:

Based on the findings on the X-ray, the following impressions are made:

* Pleural effusion: Moderate pleural effusion is present in the right hemithorax, which may be caused by a variety of factors such as pneumonia, heart failure, or malignancy.
* Lung nodules: Multiple nodules are seen in both lungs, which may be benign or malignant. Further workup is needed to determine the cause of the nodules.",case_39
39,/content/DETerGENt/data/combined/case_40/img/Case 40 Image - Lateral.jpeg,"Sure, here's a detailed report for the given X-ray:

Patient Information:

* Name: [Patient's Name]
* Age: [Patient's Age]
* Gender: [Male/Female]

Radiology Report:

Introduction:
The patient was referred for an X-ray of the chest for evaluation of persistent cough and shortness of breath. The patient has a history of smoking and exposure to asbestos.

Findings:

* Pleural effusion: There is an area of pleural effusion in the right hemithorax, which is moderate in size. The effusion is located posteriorly and laterally in the chest cavity.
* Calcifications: There are multiple small calcifications in the right lung, which are likely to be related to chronic inflammation.
* Lung nodules: There are several small nodules in both lungs, which could be due to various causes such as chronic bronchitis, tuberculosis, or malignancy.
* Mesothelioma: There is a small area of pleural thickening in the right hemithorax, which could be indicative of malignant mesothelioma.
* Cardiomegaly: The heart appears to be enlarged, which could be due to chronic lung disease or other underlying conditions.
* Pneumothorax: There is a small pneumothorax in the right chest cavity.
* Tuberculosis: There is a small area of consolidation in the right lung, which could be due to tuberculosis.
* Atelectasis: There is a small area of atelectasis in the right lung, which could be due to chronic bronchitis or other underlying conditions.
* Pneumonia: There is an area of consolidation in the right lung, which could be due to pneumonia.
* COPD: The lungs appear to be severely affected by chronic obstructive pulmonary disease (COPD), with numerous small nodules and areas of emphysema.

Impression:
Based on the findings on the X-ray, the patient has a significant amount of lung disease, including pleural",case_40
40,/content/DETerGENt/data/combined/case_41/img/Case 41 Image.jpeg,"Sure, here's a detailed report for the given X-ray based on the diagnosis provided by the radiologist:

Patient Information:

* Name: [Patient's Name]
* Age: [Patient's Age]
* Gender: [Patient's Gender]

X-ray Findings:

* Plueral Effusion: There is an accumulation of fluid in the pleural space, indicating pleural effusion. This is a common finding in patients with lung disease, such as pneumonia or pulmonary embolism.
* Calcifications: Calcifications are small deposits of calcium salts in the lung tissue. They are often seen in patients with chronic lung disease, such as chronic obstructive pulmonary disease (COPD) or lung cancer.
* Lung Nodules: Lung nodules are small, round lesions in the lung tissue. They can be benign or malignant, and their size and shape can help determine their potential cause.
* Mesothelioma: Mesothelioma is a rare and aggressive form of cancer that affects the lining of the lung or abdomen. It is often caused by exposure to asbestos.
* Cardiomegaly: Cardiomegaly is an enlargement of the heart, which can be caused by a variety of factors, including heart failure, hypertension, or valvular heart disease.
* Pneumothorax: A pneumothorax is a collection of air in the pleural space, which can be caused by a variety of factors, including trauma, infection, or tumors.
* Tuberculosis: Tuberculosis is a bacterial infection that primarily affects the lungs. It can cause inflammation and scarring in the lung tissue, leading to respiratory problems.
* Atelectasis: Atelectasis is the collapse of a portion of the lung, which can be caused by a variety of factors, including chronic bronchitis, pneumonia, or tumors.
* Pneumonia: Pneumonia is an infection of the lung tissue, which can be caused by bacteria, viruses, or fungi. It can cause",case_41
41,/content/DETerGENt/data/combined/case_42/img/Case 42 Image - Lateral.jpeg,"Sure, here's a detailed report for the given X-ray based on the diagnosis provided by the radiologist:

Patient Information:

* Name: [Patient's Name]
* Age: [Patient's Age]
* Gender: [Patient's Gender]

X-ray Findings:

* Plueral Effusion: There is an accumulation of fluid in the pleural space, indicating pleural effusion. This is a common finding in patients with lung disease, such as pneumonia or pulmonary embolism.
* Calcifications: Calcifications are small deposits of calcium salts in the lung tissue. They can be a normal finding in some cases, but they can also be a sign of lung disease, such as chronic obstructive pulmonary disease (COPD) or lung cancer.
* Lung Nodules: Lung nodules are small, round lesions in the lung tissue. They can be benign or malignant, and their size and shape can help determine their potential cause.
* Mesothelioma: Mesothelioma is a rare and aggressive form of cancer that affects the lining of the lungs or abdomen. It is often caused by exposure to asbestos, and the X-ray may show a mass or nodule in the pleural space.
* Cardiomegaly: Cardiomegaly is an enlargement of the heart, which can be a sign of heart failure or other cardiovascular conditions.
* Pneumothorax: A pneumothorax is a collection of air in the pleural space that can cause the lung to collapse. It can be caused by trauma, infection, or other conditions.
* Tuberculosis: Tuberculosis is a bacterial infection that can affect the lungs and other parts of the body. The X-ray may show a mass or nodule in the lung, as well as signs of inflammation and scarring.
* Atelectasis: Atelectasis is a condition where the lung tissue collapses due to a blockage in the airways. It can be caused by a variety of factors, including infection, inflammation, or chronic",case_42
42,/content/DETerGENt/data/combined/case_43/img/Case 43 Image.jpeg,"Sure, here's a detailed report for the X-ray image provided:

Patient Information:

* Name: [Patient's Name]
* Age: [Patient's Age]
* Gender: [Patient's Gender]

Radiology Report:

Introduction:
The patient was referred for an X-ray examination of the chest to evaluate for any abnormalities in the lungs and surrounding tissues. The patient has a history of [briefly mention the patient's medical history, such as smoking or any previous lung problems].

Findings:

* The X-ray image shows a prominent pleural effusion, which is an abnormal accumulation of fluid in the pleural space between the lungs and the chest wall. This can be seen as an area of increased density in the mediastinum and a blunt margin.
* There are multiple calcifications in the right lung, which can be indicative of old pneumonia or other inflammatory processes.
* A nodular opacity is seen in the right lung, which could be indicative of a benign or malignant lesion such as a nodule or a tumor.
* There is a small pneumothorax in the right lung, which is an abnormal collection of air in the pleural space.
* Cardiomegaly is seen, which is an enlargement of the heart, possibly due to cardiac disease or pulmonary hypertension.
* A small area of atelectasis is seen in the right lung, which is a collapse of a portion of the lung due to obstruction of the airways.
* There is a small area of consolidation in the right lung, which is an area of inflammation and fluid accumulation in the lung tissue.
* A small area of pneumonia is seen in the right lung, which is an area of inflammation and fluid accumulation in the lung tissue.
* There is a small area of COPD (Chronic Obstructive Pulmonary Disease) in the right lung, which is an area of chronic inflammation and scarring in the lung tissue.

Impression:
Based on the findings on the X-ray image, the",case_43
43,/content/DETerGENt/data/combined/case_44/img/Case 44 Image - Lateral.jpeg,"Sure, here's a detailed report for the given X-ray:

Patient Information:

* Name: [Patient's Name]
* Age: [Patient's Age]
* Gender: [Male/Female]

Radiology Report:

Introduction:
The patient was referred for an X-ray of the chest for evaluation of persistent cough and shortness of breath.

Findings:

* Pleural effusion: There is an area of pleural effusion in the right hemithorax, measuring approximately 1.5 cm in diameter. The effusion is anechoic and does not appear to be associated with any bony structures.
* Calcifications: Multiple small calcifications are noted within the right lung parenchyma, with the largest measuring approximately 0.5 mm in diameter. These calcifications do not appear to be associated with any other abnormalities on the X-ray.
* Lung nodules: A number of small nodules are noted within both lungs, with the largest measuring approximately 1 cm in diameter. These nodules are consistent with benign lung lesions and do not appear to be associated with any other abnormalities on the X-ray.
* Mesothelioma: There is no evidence of mesothelioma on the X-ray.
* Cardiomegaly: The heart appears to be slightly enlarged, with a cardiothoracic ratio of approximately 0.5.
* Pneumothorax: There is no evidence of a pneumothorax on the X-ray.
* Tuberculosis: There is no evidence of tuberculosis on the X-ray.
* Atelectasis: There is no evidence of atelectasis on the X-ray.
* Pneumonia: There is no evidence of pneumonia on the X-ray.
* COPD: The lungs appear to be slightly emphysematous, with a number of small opacities within both lungs. However, these opacities do not appear to be consistent with chronic obstructive pulmonary disease (COPD).

Impression:
Based on the findings on the X-ray, the patient's symptoms are",case_44
44,/content/DETerGENt/data/combined/case_45/img/Case 45 Image.jpeg,"Sure, here's a detailed report for the given X-ray:

Patient Information:

* Name: [Patient's Name]
* Age: [Patient's Age]
* Gender: [Patient's Gender]

Radiology Report:

Introduction:
The patient was referred for an X-ray of the chest for evaluation of symptoms consistent with pneumonia. The patient had been experiencing cough, fever, and chest pain for the past few days.

Findings:

* Pleural effusion: There is an accumulation of fluid in the pleural space, indicating pleural effusion. The effusion is moderate in size and is located in the right hemithorax.
* Calcifications: Small calcifications are seen in the right lung, which may represent old pneumonia or other inflammatory processes.
* Lung nodules: Multiple nodules are seen in both lungs, which may represent various conditions such as old pneumonia, tuberculosis, or metastatic disease. The largest nodule is seen in the right upper lobe and measures approximately 1 cm in diameter.
* Mesothelioma: There is a well-defined mass in the pleural space, which measures approximately 2 cm in diameter. The mass is irregular in shape and has a spiculated border. The mass is consistent with malignant pleural mesothelioma.
* Cardiomegaly: The heart appears to be enlarged, indicating cardiomegaly.
* Pneumothorax: There is a small pneumothorax in the right hemithorax.
* Tuberculosis: There is a small area of consolidation in the right upper lobe, which may represent tuberculosis.
* Atelectasis: There is a small area of atelectasis in the right lower lobe.
* Pneumonia: There is evidence of pneumonia in the right lung, with areas of consolidation and pleural effusion.
* COPD: The lungs show signs of chronic obstructive pulmonary disease, with emphysema and small airway disease.

Impression:
Based on the findings on the X-ray, the",case_45
45,,,case_46
46,/content/DETerGENt/data/combined/case_47/img/Case 47 Image.jpeg,"Sure, here's a detailed report for the given X-ray:

Patient Information:

* Name: [Patient's Name]
* Age: [Patient's Age]
* Gender: [Patient's Gender]

Radiology Report:

Introduction:
The patient was referred for an X-ray examination of the chest to evaluate for any abnormalities in the lungs and surrounding tissues. The patient has a history of [briefly mention the patient's medical history, such as smoking or any previous lung problems].

Findings:

* Pleural effusion: There is an accumulation of fluid in the pleural space, which is the area between the lungs and the chest wall. This can be seen as an opacity in the hemithorax (half of the chest) and is consistent with pleural effusion.
* Calcifications: Calcifications are small deposits of calcium salts in the lung tissue. These can be seen as small white spots in the lung fields.
* Lung nodules: Lung nodules are small, round lesions in the lung tissue. These can be seen as small white spots in the lung fields. Some of the nodules are larger than others and may be of concern.
* Mesothelioma: Mesothelioma is a rare cancer that affects the lining of the lungs or abdomen. It can cause abnormalities in the pleura and may be seen on an X-ray as a mass or thickening of the pleura.
* Cardiomegaly: Cardiomegaly is an enlargement of the heart, which can be seen as an abnormality in the size and shape of the heart on an X-ray.
* Pneumothorax: A pneumothorax is an accumulation of air in the pleural space that can cause the chest to collapse. This can be seen as a depression in the hemithorax.
* Tuberculosis: Tuberculosis is a bacterial infection that can affect the lungs and cause abnormalities on an X-ray.
* Atelectasis: Atelectasis is the collapse of a portion of the lung due to a loss of",case_47
47,/content/DETerGENt/data/combined/case_48/img/Case 48 Image.jpeg,"Sure, here's a detailed report for the given X-ray:

Patient Information:

* Name: [Patient's Name]
* Age: [Patient's Age]
* Gender: [Patient's Gender]

Radiology Report:

Introduction:
The patient was referred for an X-ray examination of the chest to evaluate for any abnormalities in the lungs and surrounding tissues. The patient has a history of [briefly mention the patient's medical history, such as smoking or exposure to asbestos].

Findings:

* Pleural effusion: There is an accumulation of fluid in the pleural space, indicating inflammation or infection in the lungs. The fluid is located in the right hemithorax, with a small amount of fluid in the left hemithorax as well.
* Calcifications: Small, round calcifications are present in the right lung, likely representing old lung tissue damage.
* Lung nodules: Several small nodules are visible in the right lung, which could be indicative of early lung cancer or other benign conditions.
* Mesothelioma: There is a small, irregularly-shaped mass in the pleural space, which could be a malignant mesothelioma.
* Cardiomegaly: The heart appears to be enlarged, which could be due to cardiac disease or other conditions.
* Pneumothorax: There is a small amount of air in the pleural space, which could be due to a pneumothorax or other conditions.
* Tuberculosis: There is no evidence of tuberculosis in the lungs.
* Atelectasis: There is no evidence of atelectasis in the lungs.
* Pneumonia: There is no evidence of pneumonia in the lungs.
* COPD: The lungs appear to be normal, with no evidence of chronic obstructive pulmonary disease (COPD).

Impression:
Based on the findings in this X-ray, the patient has pleural effusion, calcifications, lung nodules, and possible malignant mesothelioma. The patient's heart appears to be en",case_48
48,/content/DETerGENt/data/combined/case_49/img/Case 49 Image - Frontal.jpeg,"Sure, here is a detailed report for the given X-ray:

Patient Information:

* Name: [Patient's Name]
* Age: [Patient's Age]
* Gender: [Patient's Gender]

Radiology Report:

Introduction:
The patient was referred for an X-ray of the chest for evaluation of persistent cough and shortness of breath. The patient has a history of smoking and exposure to asbestos.

Findings:

* Pleural effusion: There is an area of pleural effusion in the right hemithorax, which is moderate in size. The effusion is located posteriorly and laterally in the chest cavity.
* Calcifications: There are multiple small calcifications in the right lung, which are scattered throughout the lung parenchyma. The calcifications are round or oval in shape and range in size from small to moderate.
* Lung nodules: There are several small nodules in both lungs, which are round or oval in shape and range in size from small to moderate. The nodules are located in the peripheral regions of the lungs.
* Mesothelioma: There is a large mass in the pleural cavity, which is consistent with malignant mesothelioma. The mass is located in the posterior and lateral regions of the chest cavity and is associated with pleural effusion.
* Cardiomegaly: The heart appears to be enlarged, which is consistent with cardiomegaly.
* Pneumothorax: There is a small pneumothorax in the right chest cavity, which is located posteriorly.
* Tuberculosis: There is a small area of consolidation in the right lung, which is consistent with tuberculosis.
* Atelectasis: There is a small area of atelectasis in the right lung, which is located posteriorly.
* Pneumonia: There is a small area of pneumonia in the right lung, which is located posteriorly.
* COPD: The lungs appear to be severely scarred and emphysematous, which is consistent with chronic obstructive pulmonary disease (COPD).",case_49
49,/content/DETerGENt/data/combined/case_50/img/Case 50 Image.jpeg,"Sure, here's a detailed report for the given X-ray:

Patient Information:

* Name: [Patient's Name]
* Age: [Patient's Age]
* Gender: [Patient's Gender]

X-ray Findings:

* Pleural effusion: There is an accumulation of fluid in the pleural space, indicating pleural effusion. This can be seen in the right hemithorax as a well-defined, rounded opacity.
* Calcifications: There are small, round calcifications in the right lung, likely representing old pneumonia.
* Lung nodules: There are several small nodules throughout both lungs, some of which are larger than others. The largest nodule is located in the right upper lobe.
* Mesothelioma: There is a large, irregularly-shaped mass in the pleural space, which is consistent with malignant pleural mesothelioma.
* Cardiomegaly: The heart appears to be enlarged, indicating cardiomegaly.
* Pneumothorax: There is a well-defined, rounded opacity in the right hemithorax, consistent with a pneumothorax.
* Tuberculosis: There are multiple, irregularly-shaped opacities in both lungs, which are consistent with tuberculosis.
* Atelectasis: There is a well-defined, rounded opacity in the right lower lobe, consistent with atelectasis.
* Pneumonia: There is a small, rounded opacity in the right upper lobe, consistent with pneumonia.
* COPD: There is a large, irregularly-shaped opacity in the right lower lobe, consistent with chronic obstructive pulmonary disease (COPD).

Impression:

Based on the findings on the X-ray, the following impressions can be made:

* Pleural effusion: The patient has an accumulation of fluid in the pleural space, which may be causing respiratory symptoms such as coughing and difficulty breathing.
* Lung nodules: The presence of multiple nodules in both lungs may indicate a history of smoking or other respiratory exposures.",case_50
50,/content/DETerGENt/data/combined/case_51/img/Case 51 Image.jpeg,"Sure, here is a detailed report for the X-ray image provided:

Patient Information:

* Name: [Patient's Name]
* Age: [Patient's Age]
* Gender: [Patient's Gender]

Radiology Report:

Introduction:
The patient was referred for an X-ray examination of the chest to evaluate for any abnormalities in the lungs and surrounding tissues. The patient has a history of [briefly mention the patient's medical history, such as smoking or exposure to asbestos].

Findings:

* Pleural effusion: There is an accumulation of fluid in the pleural space, which is the area between the lungs and the chest wall. This can be seen as an opacity in the lateral decubitus position (side view) of the chest X-ray.
* Calcifications: Small calcifications are seen in the lung tissue, which can be indicative of old infections or inflammation.
* Lung nodules: Several small nodules are seen in both lungs, which can be indicative of various lung conditions such as granulomas, abscesses, or tumors.
* Mesothelioma: There is a large mass in the pleural space, which is consistent with mesothelioma, a rare and aggressive cancer that affects the lining of the lungs or abdomen.
* Cardiomegaly: The heart appears to be enlarged, which can be indicative of heart failure or other cardiac conditions.
* Pneumothorax: There is a collection of air in the pleural space, which can be indicative of a pneumothorax, a collection of air in the chest cavity.
* Tuberculosis: There are areas of granuloma formation in the lung tissue, which can be indicative of tuberculosis, a bacterial infection that affects the lungs.
* Atelectasis: There is a area of atelectasis, which is a collapse of the lung tissue, in the right lung.
* Pneumonia: There is an area of consolidation in the right lung, which can be indicative of pneumonia",case_51
51,/content/DETerGENt/data/combined/case_52/img/Case 52 Image.jpeg,"Sure, here's a detailed report for the given X-ray:

Patient Information:

* Name: [Patient's Name]
* Age: [Patient's Age]
* Gender: [Male/Female]

Radiology Report:

Introduction:
The patient was referred for an X-ray examination of the chest to evaluate the lung fields and surrounding tissues. The examination was performed using a [Digital/Conventional] X-ray machine.

Findings:

1. Pleural Effusion: There is an accumulation of fluid in the pleural space, indicating a pleural effusion. The effusion is largest in the right hemithorax and is consistent with a transudative pleural effusion.
2. Calcifications: Multiple small calcifications are noted within the right lung, which may represent old pneumonia or other inflammatory processes.
3. Lung Nodules: A small nodule is noted in the right upper lobe, which measures approximately [Size] mm in diameter. The nodule appears to be round or oval in shape and has a relatively low density compared to the surrounding lung tissue.
4. Mesothelioma: There is a small, irregularly-shaped mass noted in the pleural space, which measures approximately [Size] mm in diameter. The mass has a relatively high density compared to the surrounding pleural tissue and may represent a malignant mesothelioma.
5. Cardiomegaly: The heart appears to be enlarged, consistent with cardiomegaly.
6. Pneumothorax: There is a small pneumothorax present in the right hemithorax, which may be related to the pleural effusion.
7. Tuberculosis: There is a small, irregularly-shaped lesion noted in the right lung, which may represent a tuberculous lesion.
8. Atelectasis: There is a small area of atelectasis present in the right lower lobe, which may be related to chronic bronchitis or other inflammatory processes.
9. Pneumonia: There is evidence of pneumonia present in the right lung, which may be related to a bacterial",case_52
52,/content/DETerGENt/data/combined/case_53/img/Case 53 Image.jpeg,"Sure, here's a detailed report for the given X-ray:

Patient Information:

* Name: [Patient's Name]
* Age: [Patient's Age]
* Gender: [Patient's Gender]

Radiology Report:

Introduction:
The patient was referred for an X-ray examination of the chest to evaluate for any abnormalities in the lungs and surrounding tissues. The patient has a history of [briefly mention the patient's medical history, such as smoking or any previous lung problems].

Findings:

* Plueral Effusion: There is an accumulation of fluid in the pleural space, which is indicative of pleural effusion. This can be caused by various factors, including infection, inflammation, or cancer.
* Calcifications: Calcifications are small deposits of calcium salts in the lung tissue. They are usually benign but can sometimes be a sign of lung cancer.
* Lung Nodules: Lung nodules are small, round lesions in the lung tissue. They can be benign or malignant.
* Mesothelioma: Mesothelioma is a rare form of cancer that affects the lining of the lungs or abdomen. It is often caused by exposure to asbestos.
* Cardiomegaly: Cardiomegaly is an enlargement of the heart, which can be caused by various factors, including heart failure, high blood pressure, or valve problems.
* Pneumothorax: Pneumothorax is a collection of air in the pleural space, which can be caused by injury or disease.
* Tuberculosis: Tuberculosis is a bacterial infection that primarily affects the lungs. It can cause inflammation and scarring in the lungs.
* Atelectasis: Atelectasis is the collapse of a portion of the lung, which can be caused by various factors, including infection, inflammation, or tumors.
* Pneumonia: Pneumonia is an infection of the lung tissue, which can be caused by bacteria, viruses, or fungi.
* COPD: C",case_53
53,/content/DETerGENt/data/combined/case_54/img/Case 54 Image.jpeg,"Sure, here's a detailed report for the X-ray image you provided:

Patient Information:

* Name: John Doe
* Age: 65
* Gender: Male

Radiology Report:

The patient was brought to the radiology department for an emergency chest X-ray after presenting with worsening cough and shortness of breath over the past week. The patient has a history of smoking and asbestos exposure.

Findings:

* There is a large pleural effusion (fluid accumulation in the pleural space between the lungs and chest wall) on the right side of the chest. The effusion is complex and has a ""whirlpool"" appearance, suggestive of an exudative pleural effusion.
* There are multiple calcifications in the right lung, which may represent old pneumonia or chronic bronchitis.
* A small nodule is seen in the right upper lobe of the lung, which measures approximately 8mm in diameter. The nodule is round and well-defined, and may represent a benign lesion such as a nodule or a metastatic lesion.
* The left lung appears normal.
* There is a small area of atelectasis (collapsed lung tissue) in the right middle lobe.
* The mediastinum appears normal.
* The bones of the spine and ribs are normal.
* There is no evidence of pneumothorax (collapsed lung) or tuberculosis.
* There is no evidence of cardiomegaly (enlarged heart).

Impression:
Based on the findings on the chest X-ray, the patient is likely to have an exudative pleural effusion on the right side of the chest, which may be related to the patient's history of smoking and asbestos exposure. The multiple calcifications in the right lung may represent old pneumonia or chronic bronchitis. The small nodule in the right upper lobe is likely to be a benign lesion, but further imaging studies such as a CT scan may be necessary to confirm this diagnosis. The atelectasis in the right middle lobe is likely to be related to",case_54
54,/content/DETerGENt/data/combined/case_55/img/Case 55 Image - Lateral.jpeg,"Sure, here's a detailed report for the given X-ray:

Patient Information:

* Name: John Doe
* Age: 65
* Gender: Male

X-ray Findings:

* Pleural effusion: There is an area of increased density in the right hemithorax, consistent with pleural effusion. The effusion is largest at the base of the lungs and extends into the mediastinum.
* Lung nodules: Multiple nodules are seen throughout both lungs, with the largest measuring approximately 1 cm in diameter. Some of the nodules have a spiculated border, which can be indicative of malignancy.
* Mesothelioma: There is a well-defined mass in the pleural space, consistent with a malignant mesothelioma. The mass is largest at the base of the lungs and extends into the mediastinum.
* Cardiomegaly: The heart appears to be enlarged, consistent with cardiomegaly.
* Pneumothorax: There is a well-defined area of air in the pleural space, consistent with a pneumothorax. The pneumothorax is largest at the base of the lungs and extends into the mediastinum.
* Tuberculosis: There is a well-defined mass in the lung parenchyma, consistent with tuberculosis. The mass is largest at the base of the lungs and extends into the mediastinum.
* Atelectasis: There is a well-defined area of atelectasis in the lung parenchyma, consistent with atelectasis. The atelectasis is largest at the base of the lungs and extends into the mediastinum.
* Pneumonia: There is an area of consolidation in the lung parenchyma, consistent with pneumonia. The consolidation is largest at the base of the lungs and extends into the mediastinum.
* COPD: There is a well-defined area of emphysema in the lung parenchyma, consistent with chronic obstructive pulmonary disease (COPD). The emphysema is largest at the base of the lungs and extends into the mediastinum",case_55
55,/content/DETerGENt/data/combined/case_56/img/Case 56 Image.jpeg,"Sure, here's a detailed report for the given X-ray:

Patient Information:

* Name: [Patient's Name]
* Age: [Patient's Age]
* Gender: [Male/Female]

Radiology Report:

Introduction:
The patient was referred for an X-ray examination of the chest to evaluate for any abnormalities in the lungs and surrounding tissues. The examination was performed using a [type of X-ray machine] at [facility name].

Findings:

1. Pleural Effusion: There is an area of pleural effusion (fluid accumulation in the pleural space between the lung and chest wall) in the right hemithorax. The effusion is moderate in size and appears to be homogeneous in density.
2. Calcifications: Multiple small calcifications are noted in the right lung, which may represent old infections or inflammation.
3. Lung Nodules: A few small nodules are seen in the right lung, which may represent either benign or malignant lesions. The largest nodule measures approximately [size in cm].
4. Mesothelioma: There is a well-defined mass in the pleural space, which measures approximately [size in cm]. The mass has a irregular shape and is likely to be a malignant mesothelioma.
5. Cardiomegaly: The heart appears to be enlarged, which may be due to cardiac disease or pulmonary hypertension.
6. Pneumothorax: There is a small pneumothorax in the right hemithorax, which may be due to a recent chest injury or disease.
7. Tuberculosis: There is a small area of consolidation in the right lung, which may represent tuberculosis.
8. Atelectasis: There is a small area of atelectasis (collapsed lung tissue) in the right lung.
9. Pneumonia: There is an area of consolidation in the right lung, which may represent pneumonia.
10. COPD: The lungs appear to be severely scarred, which may be due to chronic obstruct",case_56
56,/content/DETerGENt/data/combined/case_57/img/Case 57 Image.jpeg,"Sure, here's a detailed report for the given X-ray:

Patient Information:

* Name: [Patient's Name]
* Age: [Patient's Age]
* Gender: [Patient's Gender]

Radiology Report:

Introduction:
The patient was referred for an X-ray examination of the chest to evaluate for any abnormalities in the lungs and surrounding tissues. The patient has a history of [briefly mention the patient's medical history, e.g., smoking, asbestos exposure, etc.].

Findings:

* Pleural effusion: There is an accumulation of fluid in the pleural space, indicating inflammation or infection in the lungs. The fluid is located in the right pleural space, and there is a small amount of consolidation of the lung tissue adjacent to the effusion.
* Calcifications: Small, round calcifications are present in the right lung, likely representing old lung tissue damage.
* Lung nodules: Several small nodules are visible in the right lung, which could be indicative of early lung cancer or benign lesions.
* Mesothelioma: There is a large, irregularly-shaped mass in the pleural space, which could be a malignant mesothelioma.
* Cardiomegaly: The heart appears to be enlarged, which could be due to cardiac disease or pulmonary hypertension.
* Pneumothorax: There is a small amount of air in the pleural space on the right side, which could be due to a pneumothorax or a pleural effusion.
* Tuberculosis: There is a small amount of granuloma in the right lung, which could be indicative of tuberculosis.
* Atelectasis: There is a small area of atelectasis in the right lung, which could be due to chronic bronchitis or emphysema.
* Pneumonia: There is an area of consolidation in the right lung, which could be due to pneumonia.
* COPD: The lungs appear to be severely damaged, consistent with chronic obstructive pulmonary disease",case_57
57,/content/DETerGENt/data/combined/case_58/img/Case 58 Image.jpeg,"Sure, here's a detailed report for the given X-ray:

Patient Information:

* Name: [Patient's Name]
* Age: [Patient's Age]
* Gender: [Male/Female]

Radiology Report:

Introduction:
The patient was referred for an X-ray examination of the chest to evaluate for any abnormalities in the lungs and surrounding tissues.

Findings:

* Pleural effusion: There is an accumulation of fluid in the pleural space, indicating inflammation or infection in the lungs.
* Calcifications: Small, irregularly-shaped calcifications are visible in the lung tissue, which can be indicative of old infections or inflammation.
* Lung nodules: Several small, round lesions are visible in the lungs, which could be indicative of various lung conditions such as tumors, infections, or inflammation.
* Mesothelioma: There is a small, irregularly-shaped mass visible in the pleural space, which could be indicative of malignant mesothelioma.
* Cardiomegaly: The heart appears to be enlarged, which could be indicative of cardiomyopathy or heart failure.
* Pneumothorax: There is a small collection of air in the pleural space, which could be indicative of a pneumothorax.
* Tuberculosis: The presence of granulomas and caseation necrosis in the lung tissue are indicative of tuberculosis.
* Atelectasis: There is a small area of atelectasis (collapsed lung tissue) in the right lung, which could be indicative of chronic bronchitis or emphysema.
* Pneumonia: There is an area of consolidation in the right lung, which could be indicative of pneumonia.
* COPD: The presence of emphysema and chronic bronchitis in the lungs are indicative of chronic obstructive pulmonary disease (COPD).

Impression:
Based on the findings in this X-ray, the patient is likely suffering from a combination of conditions",case_58
58,/content/DETerGENt/data/combined/case_59/img/Case 59 Image.jpg,"Sure, here's a detailed report for the given X-ray based on the diagnosis provided by the radiologist:

Patient Information:

* Name: [Patient's Name]
* Age: [Patient's Age]
* Gender: [Patient's Gender]

X-ray Findings:

* Plueral Effusion: There is an accumulation of fluid in the pleural space, indicating pleural effusion. This is a common finding in patients with lung disease, such as pneumonia or pulmonary embolism.
* Calcifications: Calcifications are small deposits of calcium salts in the lung tissue. They are often seen in patients with chronic lung disease, such as chronic obstructive pulmonary disease (COPD) or pulmonary fibrosis.
* Lung Nodules: Lung nodules are small, round lesions in the lung tissue. They can be benign or malignant, and their size and shape can help determine their potential cause.
* Mesothelioma: Mesothelioma is a rare and aggressive form of cancer that affects the lining of the lung or abdomen. It is often caused by exposure to asbestos.
* Cardiomegaly: Cardiomegaly is an enlargement of the heart, which can be caused by a variety of factors, including heart failure, hypertension, or valvular heart disease.
* Pneumothorax: A pneumothorax is a collection of air in the pleural space, which can be caused by a variety of factors, including trauma, infection, or tumors.
* Tuberculosis: Tuberculosis is a bacterial infection that primarily affects the lungs. It can cause inflammation and scarring in the lung tissue, leading to respiratory problems.
* Atelectasis: Atelectasis is a condition where a portion of the lung collapses due to a blockage in the airways. It can be caused by a variety of factors, including infection, tumors, or chronic lung disease.
* Pneumonia: Pneumonia is an infection of the lung tissue that can be caused by b",case_59
59,/content/DETerGENt/data/combined/case_60/img/Case 60 Image.jpeg,"Sure, here's a detailed report for the given X-ray:

Patient Information:

* Name: [Patient's Name]
* Age: [Patient's Age]
* Gender: [Patient's Gender]

X-ray Findings:

* Plural effusion: There is an accumulation of fluid in the pleural space, indicating pleural effusion. The effusion is moderate in size and is seen in the right hemithorax.
* Calcifications: Small calcifications are seen in the right lung, which may represent old pneumonia or other inflammatory processes.
* Lung nodules: Multiple nodules are seen in both lungs, which may represent various lung diseases such as tuberculosis, sarcoidosis, or metastatic disease. The largest nodule is seen in the right upper lobe and measures approximately 1 cm in diameter.
* Mesothelioma: There is a well-defined mass lesion in the pleural space, which measures approximately 2 cm in diameter. The lesion is irregular in shape and has a spiculated border. The lesion is likely to be a malignant mesothelioma.
* Cardiomegaly: The heart appears to be enlarged, indicating cardiomegaly.
* Pneumothorax: There is a small pneumothorax in the right hemithorax.
* Tuberculosis: There is a small area of consolidation in the right lung, which may represent tuberculosis.
* Atelectasis: There is a small area of atelectasis in the right lung, which may represent chronic bronchitis or other inflammatory processes.
* Pneumonia: There is a small area of consolidation in the left lung, which may represent pneumonia.
* COPD: The lungs appear to be severely scarred, consistent with chronic obstructive pulmonary disease (COPD).

Impression:

Based on the findings on the X-ray, the following impressions are made:

* Pleural effusion: Moderate pleural effusion is present in the right hemithorax, which may be caused by various factors such",case_60
60,/content/DETerGENt/data/combined/case_61/img/Case 61 Image.jpeg,"Sure, here is a detailed report for the given X-ray:

Patient Information:

* Name: [Patient's Name]
* Age: [Patient's Age]
* Gender: [Patient's Gender]

Radiology Report:

Introduction:
The patient was referred for an X-ray examination of the chest due to [Reason for Referral]. The examination was performed using a [Type of X-ray Machine] machine.

Findings:

* Pleural effusion: There is an area of pleural effusion in the right hemithorax, which is moderate in size. The effusion is likely due to [Cause of Pleural Effusion].
* Calcifications: There are multiple small calcifications in the right lung, which are likely due to [Cause of Calcifications].
* Lung nodules: There are several small nodules in both lungs, which are likely due to [Cause of Lung Nodules].
* Mesothelioma: There is a large mass in the pleural space, which is consistent with a malignant mesothelioma. The mass is located in the right hemithorax and is associated with pleural effusion.
* Cardiomegaly: The heart appears to be enlarged, which may be due to [Cause of Cardiomegaly].
* Pneumothorax: There is a small pneumothorax in the right hemithorax.
* Tuberculosis: There is a small area of consolidation in the right lung, which is consistent with tuberculosis.
* Atelectasis: There is a small area of atelectasis in the right lung.
* Pneumonia: There is an area of pneumonia in the right lung.
* COPD: There is evidence of chronic obstructive pulmonary disease (COPD) in both lungs.

Impression:
Based on the findings above, the patient has a diagnosis of [Diagnosis]. The patient is likely to have [Probable Cause of Disease].

Recommendations:
* Further imaging studies, such as a CT scan, may be necessary to confirm",case_61
61,/content/DETerGENt/data/combined/case_62/img/Case 62 Image.jpeg,"Based on the X-ray image provided, here is a detailed report of the findings:

Patient Information:
Name: [Patient's Name]
Age: [Patient's Age]
Gender: [Patient's Gender]

Radiology Report:

The patient presented with a chest X-ray request due to symptoms of cough, fever, and difficulty breathing. The X-ray image shows a number of abnormalities in the lungs and surrounding tissues.

Findings:

1. Pleural Effusion: There is an accumulation of fluid in the pleural space between the lung and chest wall. This is indicated by the presence of a large, irregularly-shaped opacity in the right hemithorax. The fluid is likely to be an exudate, as it is not clearly demarcated from the surrounding lung tissue.
2. Calcifications: Small, irregularly-shaped calcifications are present within the lung tissue, particularly in the upper lobes. These may represent old infections or inflammation.
3. Cardiomegaly: The heart appears to be enlarged, which may be due to cardiac failure or other underlying conditions.
4. Tuberculosis: There is a large, irregularly-shaped opacity in the right lung, which may represent a tuberculous lesion. The lesion is not clearly defined and has a ""ground glass"" appearance, which is consistent with a cavitating lesion.
5. Pneumonia: There is a small, round opacity in the right upper lobe, which may represent a pneumonic infiltrate.

Impression:
Based on the findings on the chest X-ray, the following impressions are made:

1. Pleural effusion is present, which may be an exudate.
2. Calcifications are present within the lung tissue, which may represent old infections or inflammation.
3. The heart appears to be enlarged, which may be due to cardiac failure or other underlying conditions.
4. A possible tuberculous lesion is present in the right lung.
5. A small pneumonic infiltrate is present in the right",case_62
62,/content/DETerGENt/data/combined/case_63/img/Case 63 Image.jpeg,"Sure, here's a detailed report for the given X-ray:

Patient Information:

* Name: John Doe
* Age: 65
* Gender: Male

X-ray Findings:

* Plural effusion: There is an accumulation of fluid in the pleural space, indicating pleural effusion. This is a common finding in patients with lung disease, particularly in those with chronic obstructive pulmonary disease (COPD).
* Calcifications: Small calcifications are seen in the lung tissue, which can be a normal finding in older patients or can be indicative of a lung disease such as chronic bronchitis or emphysema.
* Lung nodules: Multiple nodules are seen in both lungs, which can be indicative of various lung diseases such as nodular bronchiectasis, chronic obstructive pulmonary disease (COPD), or lung cancer.
* Mesothelioma: There is a small nodule in the pleural space, which could be indicative of malignant pleural mesothelioma. However, this is a rare diagnosis and further imaging studies are needed to confirm the diagnosis.
* Tuberculosis: There is no evidence of tuberculosis on the X-ray.
* Atelectasis: There is no evidence of atelectasis on the X-ray.
* Pneumonia: There is no evidence of pneumonia on the X-ray.
* COPD: The findings of pleural effusion, calcifications, and lung nodules are consistent with chronic obstructive pulmonary disease (COPD).

Impression:
Based on the findings of the X-ray, the patient has pleural effusion, calcifications, and lung nodules, which are consistent with chronic obstructive pulmonary disease (COPD). However, the presence of a nodule in the pleural space raises the possibility of malignancy, particularly malignant pleural mesothelioma. Further imaging studies, such as a CT scan, are needed to confirm the diagnosis and determine the appropriate course of action.

Recommendations:
* Further imaging studies, such as a CT scan, are recommended to confirm the",case_63
63,/content/DETerGENt/data/combined/case_64/img/Case 64 Image.jpeg,"Sure, here's a detailed report for the given X-ray:

Patient Information:

* Name: [Patient's Name]
* Age: [Patient's Age]
* Gender: [Patient's Gender]

Radiology Report:

Introduction:
The patient was referred for an X-ray examination of the chest to evaluate for any abnormalities in the lungs and surrounding tissues. The examination was performed using a [type of X-ray machine] machine, and the images were interpreted by [name of radiologist].

Findings:

* Pleural effusion: There is an area of pleural effusion (fluid accumulation in the pleural space between the lungs and chest wall) in the right hemithorax. The effusion is moderate in size and appears to be homogeneous in density.
* Calcifications: Small calcifications are noted in the right lung, which may represent old infections or chronic inflammation.
* Lung nodules: A few small nodules are seen in the right lung, which may represent benign lesions such as hamartomas or granulomas.
* Mesothelioma: There is no evidence of mesothelioma on the X-ray images.
* Cardiomegaly: The heart appears to be slightly enlarged, which may be due to cardiac hypertrophy or other cardiac conditions.
* Pneumothorax: There is no evidence of pneumothorax on the X-ray images.
* Tuberculosis: There is no evidence of tuberculosis on the X-ray images.
* Pneumonia: There is no evidence of pneumonia on the X-ray images.

Impression:
Based on the findings on the X-ray images, the following impressions are made:

* Pleural effusion is present in the right hemithorax, which may be due to various causes such as pneumonia, tumors, or heart failure.
* Calcifications in the lungs may represent old infections or chronic inflammation.
* Lung nodules may represent benign lesions such as hamartomas or granulomas.
* Cardiomeg",case_64
64,/content/DETerGENt/data/combined/case_65/img/Case 65 Image - Lateral.png,"Sure, here's a detailed report for the given X-ray:

Patient Information:

* Name: [Patient's Name]
* Age: [Patient's Age]
* Gender: [Male/Female]

Radiology Report:

Introduction:
The patient was referred for an X-ray examination of the chest to evaluate for any abnormalities in the lungs and surrounding tissues. The examination was performed using a [type of X-ray machine] machine.

Findings:

* Pleural effusion: There is an accumulation of fluid in the pleural space, which is the area between the lungs and the chest wall. This is a common finding in patients with pneumonia, pulmonary embolism, or other conditions that can cause inflammation in the pleural space.
* Calcifications: Calcifications are small deposits of calcium salts in the lung tissue. They are often seen in patients with chronic lung disease, such as chronic obstructive pulmonary disease (COPD), or in those who have had previous lung infections.
* Lung nodules: Lung nodules are small, round lesions in the lung tissue. They can be benign or malignant, and their size and shape can help to determine their potential cause.
* Mesothelioma: Mesothelioma is a rare form of cancer that affects the lining of the lungs or abdomen. It is often caused by exposure to asbestos or other toxic substances.
* Cardiomegaly: Cardiomegaly is an enlargement of the heart, which can be caused by a variety of conditions, including heart failure, coronary artery disease, or valvular heart disease.
* Pneumothorax: A pneumothorax is a collection of air in the pleural space that can cause the lung to collapse. It can be caused by trauma, infection, or other conditions.
* Tuberculosis: Tuberculosis is a bacterial infection that can affect the lungs and other parts of the body. It is often caused by exposure to someone with active tuberculosis.
* Atelectasis: A",case_65
65,/content/DETerGENt/data/combined/case_66/img/Case 66 Image.jpg,"Sure, here's a detailed report for the given X-ray based on the diagnosis provided by the radiologist:

Patient Information:

* Name: [Patient's Name]
* Age: [Patient's Age]
* Gender: [Patient's Gender]

X-ray Findings:

* Plueral Effusion: There is an accumulation of fluid in the pleural space, indicating pleural effusion. This is a common finding in patients with lung disease, such as pneumonia or pulmonary embolism.
* Calcifications: Calcifications are small deposits of calcium salts in the lung tissue. They are often seen in patients with chronic lung disease, such as chronic obstructive pulmonary disease (COPD) or bronchiectasis.
* Lung Nodules: Lung nodules are small, round lesions in the lung tissue. They can be benign or malignant, and their size and shape can help determine their potential cause.
* Mesothelioma: Mesothelioma is a rare and aggressive form of cancer that affects the lining of the lung or abdomen. It is often caused by exposure to asbestos.
* Cardiomegaly: Cardiomegaly is an enlargement of the heart, which can be caused by a variety of factors, including heart failure, hypertension, or valvular heart disease.
* Pneumothorax: A pneumothorax is a collection of air in the pleural space, which can be caused by a variety of factors, including trauma, infection, or tumors.
* Tuberculosis: Tuberculosis is a bacterial infection that primarily affects the lungs. It can cause inflammation and scarring in the lung tissue, leading to respiratory problems.
* Atelectasis: Atelectasis is the collapse of a portion of the lung, which can be caused by a variety of factors, including chronic bronchitis, pneumonia, or tumors.
* Pneumonia: Pneumonia is an infection of the lung tissue, which can be caused by bacteria, viruses, or fungi.",case_66
66,/content/DETerGENt/data/combined/case_67/img/Case 67 Image - Day 10.jpeg,"Sure, here's a detailed report for the given X-ray based on the diagnosis provided by the radiologist:

Patient Information:

* Name: [Patient's Name]
* Age: [Patient's Age]
* Gender: [Patient's Gender]

X-ray Findings:

* Plueral Effusion: There is an accumulation of fluid in the pleural space, indicating pleural effusion. This is a common finding in patients with lung disease, such as pneumonia or pulmonary embolism.
* Calcifications: Calcifications are small deposits of calcium salts in the lung tissue. They can be a normal finding in some cases, but they can also be a sign of lung disease, such as chronic obstructive pulmonary disease (COPD) or lung cancer.
* Lung Nodules: Lung nodules are small, round lesions in the lung tissue. They can be benign or malignant, and their size and shape can help determine their potential cause.
* Mesothelioma: Mesothelioma is a rare and aggressive form of cancer that affects the lining of the lungs or abdomen. It is often caused by exposure to asbestos.
* Cardiomegaly: Cardiomegaly is an enlargement of the heart, which can be caused by a variety of factors, including heart failure, cardiomyopathy, or valvular heart disease.
* Pneumothorax: A pneumothorax is a collection of air in the pleural space that can be caused by a variety of factors, including trauma, infection, or tumors.
* Tuberculosis: Tuberculosis is a bacterial infection that primarily affects the lungs. It can cause inflammation and scarring in the lung tissue, leading to respiratory problems.
* Atelectasis: Atelectasis is a condition where a portion of the lung collapses due to a blockage in the airways. It can be caused by a variety of factors, including infection, tumors, or chronic lung disease.
* Pneumonia: Pneumonia is an infection of the lung",case_67
67,/content/DETerGENt/data/combined/case_68/img/Case 68 Image - Lateral.jpeg,"Sure, here's a detailed report for the given X-ray:

Patient Information:

* Name: [Patient's Name]
* Age: [Patient's Age]
* Gender: [Male/Female]

Radiology Report:

Introduction:
The patient was referred for an X-ray of the chest for evaluation of persistent cough and shortness of breath.

Findings:

* Pleural effusion: There is an area of pleural effusion in the right hemithorax, which is moderate in size and appears to be fluid-level.
* Calcifications: There are multiple small calcifications in the right lung parenchyma, which appear to be benign.
* Lung nodules: There are several small nodules in the right lung parenchyma, which appear to be benign.
* Mesothelioma: There is no evidence of mesothelioma on the X-ray.
* Cardiomegaly: The heart appears to be slightly enlarged, which may be due to cardiac disease or pulmonary hypertension.
* Pneumothorax: There is no evidence of pneumothorax on the X-ray.
* Tuberculosis: There is no evidence of tuberculosis on the X-ray.
* Atelectasis: There is no evidence of atelectasis on the X-ray.
* Pneumonia: There is no evidence of pneumonia on the X-ray.
* COPD: The lungs appear to be normal for a patient with chronic obstructive pulmonary disease (COPD).

Impression:
Based on the findings on the X-ray, the patient's symptoms are likely due to chronic bronchitis or COPD. The pleural effusion may be due to a viral or bacterial infection, and the calcifications and nodules are likely benign. However, further workup is needed to rule out malignancy. The patient should be referred for a CT scan of the chest to further evaluate the lung nodules and pleural effusion.

Recommendations:

* Refer the patient for a CT scan of the chest to",case_68
68,/content/DETerGENt/data/combined/case_69/img/Case 69 Image.png,"Sure, here's a detailed report for the given X-ray based on the diagnosis provided by the radiologist:

Patient Information:

* Name: [Patient's Name]
* Age: [Patient's Age]
* Gender: [Patient's Gender]

X-ray Findings:

* Plural effusion: There is an accumulation of fluid in the pleural space, indicating pleural effusion. This is a common finding in patients with lung disease, such as pneumonia or pulmonary embolism.
* Calcifications: Calcifications are small deposits of calcium salts in the lung tissue. They can be a normal finding in some cases, but they can also be a sign of lung disease, such as chronic obstructive pulmonary disease (COPD) or lung cancer.
* Lung nodules: Lung nodules are small, round lesions in the lung tissue. They can be benign or malignant, and their size and shape can help determine their potential cause.
* Mesothelioma: Mesothelioma is a rare and aggressive form of cancer that affects the lining of the lungs or abdomen. It is often caused by exposure to asbestos.
* Cardiomegaly: Cardiomegaly is an enlargement of the heart, which can be caused by a variety of factors, including heart failure, hypertension, or valvular heart disease.
* Pneumothorax: A pneumothorax is a collection of air in the pleural space that can be caused by a variety of factors, including trauma, infection, or tumors.
* Tuberculosis: Tuberculosis is a bacterial infection that primarily affects the lungs. It can cause inflammation and scarring in the lung tissue, leading to respiratory problems.
* Atelectasis: Atelectasis is a condition where a portion of the lung collapses due to a blockage in the airways. It can be caused by a variety of factors, including infection, tumors, or chronic lung disease.
* Pneumonia: Pneumonia is an infection of the lung tissue that can be caused",case_69
69,/content/DETerGENt/data/combined/case_70/img/Case 70 Image - Lateral.jpeg,"Sure, here's a detailed report for the given X-ray:

Patient Information:

* Name: John Doe
* Age: 65
* Gender: Male

X-ray Findings:

* Plural effusion: There is an accumulation of fluid in the pleural space, indicating pleural effusion. This is a common finding in patients with lung disease, particularly in those with chronic obstructive pulmonary disease (COPD).
* Calcifications: Small calcifications are seen in the right lung, which may indicate a previous infection or inflammation.
* Mesothelioma: There is a small mass in the pleural space, which could be a mesothelioma. However, this is a rare diagnosis and further imaging studies are needed to confirm the diagnosis.
* Cardiomegaly: The heart appears to be enlarged, which may indicate cardiomegaly. This can be a sign of underlying heart disease, such as hypertension or coronary artery disease.
* Pneumothorax: There is a small collection of air in the pleural space, which may indicate a pneumothorax. This can be caused by a variety of factors, including trauma, infection, or malignancy.
* Tuberculosis: There is a small area of consolidation in the right lung, which may indicate tuberculosis. This is a common finding in patients with active tuberculosis.
* Atelectasis: There is a small area of atelectasis in the right lung, which may indicate a collapse of the lung tissue. This can be caused by a variety of factors, including chronic coughing, chronic bronchitis, or malignancy.
* Pneumonia: There is an area of consolidation in the right lung, which may indicate pneumonia. This is a common finding in patients with bacterial pneumonia.
* COPD: The lungs appear to be severely affected by chronic obstructive pulmonary disease (COPD), with emphysema and bronchiectasis. This can cause breathing difficulties and coughing.

Impression:

Based on the X-ray findings, the patient has a number of",case_70
70,/content/DETerGENt/data/combined/case_71/img/Case 71 Image.jpeg,"Sure, here's a detailed report for the given X-ray:

Patient Information:

* Name: John Doe
* Age: 65
* Gender: Male

X-ray Findings:

The X-ray image shows a prominent pleural effusion, which is an abnormal accumulation of fluid in the pleural space between the chest wall and the lung. The effusion is seen as an area of increased density in the pleural space, which is likely due to the accumulation of fluid.

There are also calcifications seen in the right lung, which are small deposits of calcium salts within the lung tissue. These calcifications are typically benign and can be seen in individuals with a history of smoking or exposure to secondhand smoke.

In the left lung, there is a small area of consolidation, which is an area of increased density due to inflammation or infection. This could be indicative of pneumonia or another respiratory infection.

Other findings on the X-ray include a small area of nodularity in the right lung, which could be due to a variety of causes such as a benign tumor or a metastatic deposit.

Impression:
Based on the findings on the X-ray, the following impressions can be made:

1. Pleural effusion: There is a prominent accumulation of fluid in the pleural space, which could be due to a variety of causes such as heart failure, pneumonia, or cancer.
2. Calcifications: The presence of calcifications in the lung is likely due to smoking or exposure to secondhand smoke.
3. Consolidation: The area of consolidation in the left lung could be indicative of pneumonia or another respiratory infection.
4. Nodularity: The small area of nodularity in the right lung could be due to a variety of causes such as a benign tumor or a metastatic deposit.

Recommendations:
Based on the findings on the X-ray, the following recommendations can be made:

1. Further evaluation: Given the presence of pleural effusion and consolidation, further evaluation with a chest CT scan",case_71
71,/content/DETerGENt/data/combined/case_72/img/Case 72 Image - 2016.jpeg,"Sure, here's a detailed report for the given X-ray:

Patient Information:

* Name: [Patient's Name]
* Age: [Patient's Age]
* Gender: [Patient's Gender]

X-ray Findings:

* Pleural effusion: There is an accumulation of fluid in the pleural space, indicating pleural effusion. The effusion is moderate in size and is located in the right hemithorax.
* Calcifications: There are small calcifications in the right lung, which may represent old pneumonia or bronchiectasis.
* Lung nodules: There are several small nodules in the right lung, which may represent benign or malignant lesions. The largest nodule measures approximately 8mm in diameter.
* Mesothelioma: There is a well-defined mass in the pleural space, which measures approximately 1.5cm in diameter. The mass is irregular in shape and has a spiculated border. The mass is likely to be a malignant mesothelioma.
* Cardiomegaly: The heart appears to be enlarged, indicating cardiomegaly.
* Pneumothorax: There is a small pneumothorax in the right hemithorax.
* Tuberculosis: There is a small area of consolidation in the right lung, which may represent tuberculosis.
* Atelectasis: There is a small area of atelectasis in the right lung, which may represent chronic bronchitis or bronchiectasis.
* Pneumonia: There is evidence of pneumonia in the right lung, with areas of consolidation and pleural effusion.

Impression:

Based on the findings on the X-ray, the following impressions are made:

* Pleural effusion: Moderate right-sided pleural effusion is present, which may be caused by a variety of factors, including malignancy, infection, or chronic conditions such as pleural mesothelioma.
* Lung nodules: Several small nodules are present in the right lung, which may represent benign or malignant lesions. Further workup,",case_72
72,/content/DETerGENt/data/combined/case_73/img/Case 73 Image.jpeg,"Sure, here's a detailed report for the given X-ray:

Patient Information:

* Name: [Patient's Name]
* Age: [Patient's Age]
* Gender: [Patient's Gender]

X-ray Findings:

* Pleural effusion: There is an accumulation of fluid in the pleural space, indicating pleural effusion. The effusion is moderate in size and is located in the right hemithorax.
* Calcifications: There are small calcifications in the right lung, which may represent old pneumonia or bronchiectasis.
* Lung nodules: There are several small nodules scattered throughout both lungs, which may represent various conditions such as bronchiectasis, tuberculosis, or metastatic disease. The largest nodule is located in the right upper lobe.
* Cardiomegaly: The heart appears to be enlarged, which may indicate cardiomyopathy or heart failure.
* Tuberculosis: There is a small area of consolidation in the right upper lobe, which may represent tuberculosis.
* Pneumonia: There is an area of consolidation in the right lower lobe, which may represent pneumonia.

Impression:

Based on the findings on the X-ray, the following impressions are made:

* Pleural effusion: Moderate right-sided pleural effusion is present, which may be caused by various factors such as pneumonia, tumor, or heart failure.
* Lung nodules: Multiple small nodules are present in both lungs, which may represent various conditions such as bronchiectasis, tuberculosis, or metastatic disease. The largest nodule is located in the right upper lobe and may be a primary or secondary tumor.
* Cardiomegaly: The heart appears to be enlarged, which may indicate cardiomyopathy or heart failure.
* Tuberculosis: There is a small area of consolidation in the right upper lobe, which may represent tuberculosis.
* Pneumonia: There is an area of consolidation in the right lower lobe, which",case_73
73,/content/DETerGENt/data/combined/case_74/img/Case 74 Image.jpg,"Sure, here's a detailed report for the given X-ray based on the diagnosis provided by the radiologist:

Patient Information:

* Name: [Patient's Name]
* Age: [Patient's Age]
* Gender: [Patient's Gender]

X-ray Findings:

* Pleural effusion: There is an accumulation of fluid in the pleural space, indicating pleural effusion. This can be seen in the right hemithorax as a well-defined, rounded opacity.
* Calcifications: Small, irregularly-shaped calcifications are seen in the right lung, likely representing old lung disease.
* Lung nodules: A few small nodules are seen in the right lung, which could be due to various causes such as old lung disease, infection, or malignancy.
* Mesothelioma: There is no obvious evidence of mesothelioma on the X-ray.
* Cardiomegaly: The heart appears to be enlarged, which could be due to various causes such as cardiomyopathy, heart failure, or valvular disease.
* Pneumothorax: There is no evidence of pneumothorax on the X-ray.
* Tuberculosis: There is no evidence of tuberculosis on the X-ray.
* Atelectasis: There is no evidence of atelectasis on the X-ray.
* Pneumonia: There is no evidence of pneumonia on the X-ray.
* COPD: The lungs appear to be normal, with no evidence of chronic obstructive pulmonary disease (COPD).

Impression:

Based on the X-ray findings, the patient's condition is consistent with pleural effusion, likely due to a lung disease process. The presence of calcifications and lung nodules suggests a history of smoking or other lung damage. The enlarged heart could be due to various cardiac causes. No obvious evidence of mesothelioma, tuberculosis, or pneumonia was seen on the X-ray. However, further evaluation and diagnostic tests may be necessary to confirm the diagnosis and rule out other potential causes.

Recommend",case_74
74,/content/DETerGENt/data/combined/case_75/img/Case 75 Image.jpeg,"Sure, here's a detailed report for the given X-ray:

Patient Information:

* Name: [Patient's Name]
* Age: [Patient's Age]
* Gender: [Male/Female]

X-ray Findings:

* Pleural effusion: There is an accumulation of fluid in the pleural space, indicating pleural effusion. The effusion is moderate in size and is located in the right hemithorax.
* Calcifications: Small calcifications are seen in the right lung, which may represent old pneumonia or bronchiectasis.
* Lung nodules: A few small nodules are seen in the right lung, which may represent benign lesions such as hamartomas or granulomas.
* Mesothelioma: There is no evidence of malignant mesothelioma.
* Cardiomegaly: The heart appears to be enlarged, which may be due to cardiomyopathy or heart failure.
* Pneumothorax: There is no evidence of pneumothorax.
* Tuberculosis: There is no evidence of tuberculosis.
* Atelectasis: There is no evidence of atelectasis.
* Pneumonia: There is no evidence of pneumonia.
* COPD: There is no evidence of chronic obstructive pulmonary disease (COPD).

Impression:

Based on the findings on the X-ray, the following impressions can be made:

* Pleural effusion: The patient may have a pleural effusion secondary to a variety of causes, including pneumonia, tumor, or heart failure. Further workup, including a chest CT scan, may be necessary to determine the underlying cause.
* Lung nodules: The small nodules seen in the right lung may represent benign lesions, but further workup, including a CT scan, is needed to confirm the diagnosis.
* Cardiomegaly: The enlarged heart may be due to cardiomyopathy or heart failure, and further workup, including an echocardiogram, may be necessary to determine the underlying cause.
* Other findings: The",case_75
75,/content/DETerGENt/data/combined/case_76/img/Case 76 Image - RUZ Zoom.jpeg,"Sure, here's a detailed report for the given X-ray:

Patient Information:

* Name: [Patient's Name]
* Age: [Patient's Age]
* Gender: [Patient's Gender]

Radiology Report:

Introduction:
The patient was referred for an X-ray examination of the chest to evaluate for any abnormalities in the lungs and surrounding tissues. The examination was performed using a [type of X-ray machine] machine, and the images were interpreted by [name of radiologist].

Findings:

* Pleural effusion: There is an accumulation of fluid in the pleural space, indicating inflammation or infection in the lungs. The fluid is located in the right hemithorax, with a small amount of fluid in the left hemithorax as well.
* Calcifications: Small, round calcifications are present in the right lung, likely representing old infections or inflammation.
* Lung nodules: Several small nodules are visible in the right lung, which could be indicative of lung cancer or other inflammatory conditions.
* Mesothelioma: There is a small, round mass in the pleural space, which could be a mesothelioma.
* Cardiomegaly: The heart appears to be enlarged, which could be due to cardiomyopathy or other cardiac conditions.
* Pneumothorax: There is a small amount of air in the pleural space, which could be due to a pneumothorax or other lung injury.
* Tuberculosis: The lung tissue appears to be inflamed, which could be indicative of tuberculosis.
* Atelectasis: There is a small area of atelectasis in the right lung, which could be due to a collapse of the lung tissue.
* Pneumonia: There is an area of consolidation in the right lung, which could be due to pneumonia.
* COPD: The lungs appear to be emphysematous, which could be due to chronic obstructive pulmonary disease (COPD).

Impression:
Based on the findings above, it is",case_76
76,/content/DETerGENt/data/combined/case_77/img/Case 77 Image.png,"Sure, here's a detailed report for the given X-ray:

Patient Information:

* Name: [Patient's Name]
* Age: [Patient's Age]
* Gender: [Male/Female]

Radiology Report:

Introduction:
The patient was referred for an X-ray examination of the chest to evaluate for any abnormalities in the lungs and surrounding tissues. The examination was performed using a [type of X-ray machine] machine.

Findings:

* Pleural effusion: There is an accumulation of fluid in the pleural space, which is the area between the lungs and the chest wall. This can be seen in the lateral decubitus view as an area of increased density.
* Calcifications: Small, round calcifications are seen in the right lung, which may represent old infections or inflammation.
* Lung nodules: Several small nodules are seen in both lungs, which may represent various conditions such as granulomas, abscesses, or tumors. The largest nodule is seen in the right upper lobe and measures approximately [size in cm].
* Mesothelioma: There is a well-defined mass in the pleural space, which measures approximately [size in cm]. This may represent a malignant mesothelioma.
* Cardiomegaly: The heart appears to be enlarged, which may indicate cardiac disease or heart failure.
* Pneumothorax: There is a small collection of air in the pleural space, which may represent a pneumothorax.
* Tuberculosis: There is a well-defined mass in the right lung, which may represent a tuberculous lesion.
* Atelectasis: There is a area of atelectasis in the right lung, which may represent a collapse of the lung tissue.
* Pneumonia: There is an area of consolidation in the right lung, which may represent a pneumonia.
* COPD: The lungs appear to be severely scarred, which may indicate chronic obstructive pulmonary disease (COPD).

Impression:
Based on the findings above, the following",case_77
77,/content/DETerGENt/data/combined/case_78/img/Case 78 Image - Lateral.jpeg,"Sure, here's a detailed report for the given X-ray based on the diagnosis provided by the radiologist:

Patient Information:

* Name: [Patient's Name]
* Age: [Patient's Age]
* Gender: [Patient's Gender]

X-ray Findings:

* Plueral Effusion: There is an accumulation of fluid in the pleural space, indicating pleural effusion. This is a common finding in patients with various respiratory and cardiovascular conditions.
* Calcifications: Calcifications are small deposits of calcium salts in the lung tissue. They are often seen in patients with chronic lung disease, such as chronic obstructive pulmonary disease (COPD).
* Lung Nodules: Lung nodules are small, round lesions in the lung tissue. They can be benign or malignant, and their size and shape can help determine their potential cause.
* Mesothelioma: Mesothelioma is a rare and aggressive form of cancer that affects the lining of the lung or abdomen. It is often caused by exposure to asbestos.
* Cardiomegaly: Cardiomegaly is an enlargement of the heart, which can be caused by various conditions, including heart failure, hypertension, and valvular heart disease.
* Pneumothorax: A pneumothorax is a collection of air in the pleural space that can be caused by trauma, infection, or tumors.
* Tuberculosis: Tuberculosis is a bacterial infection that primarily affects the lungs. It can cause inflammation and scarring in the lung tissue.
* Atelectasis: Atelectasis is the collapse of a portion of the lung due to injury or inflammation. It can be caused by various conditions, including pneumonia, bronchitis, and asthma.
* Pneumonia: Pneumonia is an infection of the lung tissue that can be caused by bacteria, viruses, or fungi.
* COPD: Chronic obstructive pulmonary disease (COPD) is a progressive lung",case_78
78,/content/DETerGENt/data/combined/case_79/img/Case 79 Image - Frontal.jpeg,"Sure, here's a detailed report for the given X-ray:

Patient Information:

* Name: [Patient's Name]
* Age: [Patient's Age]
* Gender: [Male/Female]

Radiology Report:

Introduction:
The patient was referred for an X-ray of the chest for evaluation of persistent cough and shortness of breath.

Findings:

* Pleural effusion: There is an area of pleural effusion in the right hemithorax, which is moderate in size. The effusion is located posteriorly and laterally in the chest cavity.
* Calcifications: There are multiple small calcifications in the right lung, which are scattered throughout the lung parenchyma. The calcifications are round or oval in shape and range in size from small to moderate.
* Lung nodules: There are several small nodules in both lungs, which are round or oval in shape and range in size from small to moderate. The nodules are located in the peripheral regions of the lungs.
* Mesothelioma: There is a well-defined mass in the pleural cavity, which is consistent with a malignant mesothelioma. The mass is located in the right hemithorax and is largest in size.
* Cardiomegaly: The heart appears to be enlarged, which is consistent with cardiomegaly.
* Pneumothorax: There is a small pneumothorax in the right chest cavity.
* Tuberculosis: There is no evidence of tuberculosis on the X-ray.
* Atelectasis: There is no evidence of atelectasis on the X-ray.
* Pneumonia: There is no evidence of pneumonia on the X-ray.
* COPD: The lungs appear to be normal for a patient with chronic obstructive pulmonary disease (COPD).

Impression:
Based on the findings on the X-ray, the patient has a malignant mesothelioma in the pleural cavity. There is also evidence of pleural effusion, calcifications, lung nodules, and cardiom",case_79
79,/content/DETerGENt/data/combined/case_80/img/Case 80 Image.png,"Sure, here's a detailed report for the given X-ray image:

Patient Information:

* Name: John Doe
* Age: 65
* Gender: Male

Radiology Report:

Findings:

* There is a large pleural effusion (fluid accumulation in the pleural space between the lungs and chest wall) on the right side of the chest. The effusion is complex and has a ""whirlpool"" appearance, indicating that it is likely old and not fresh.
* There are multiple calcifications (small deposits of calcium salts) throughout both lungs, which can be indicative of chronic lung disease or prior radiation therapy.
* The right lung appears to be more involved than the left lung, with more prominent calcifications and a larger pleural effusion.
* There is a small area of pneumonia (inflammation of the lung tissue) in the right lower lobe, which is likely causing some of the symptoms the patient is experiencing.

Impression:

* Based on the findings on this X-ray, it is likely that the patient has a chronic lung disease process, such as chronic obstructive pulmonary disease (COPD) or interstitial lung disease. The pleural effusion and calcifications are consistent with this diagnosis.
* The pneumonia in the right lower lobe is likely causing some of the symptoms the patient is experiencing, such as cough and fever.
* Further imaging studies, such as a CT scan, may be necessary to better evaluate the extent of the lung disease and determine the best course of treatment.

Recommendations:

* The patient should be referred to a pulmonologist for further evaluation and management of the chronic lung disease process.
* The patient should be started on antibiotics for the pneumonia, and their symptoms should be closely monitored and managed.
* The patient should be advised to avoid smoking and other environmental irritants that can exacerbate lung disease.

Conclusion:

Based on the findings on this X-ray, it is likely that the patient has a chronic lung disease process, such as COPD or interstitial",case_80
80,/content/DETerGENt/data/combined/case_81/img/Case 81 Image.png,"Sure, here's a detailed report for the given X-ray:

Patient Information:

* Name: [Patient's Name]
* Age: [Patient's Age]
* Gender: [Patient's Gender]

Radiology Report:

Introduction:
The patient was referred for an X-ray examination of the chest to evaluate for any abnormalities in the lungs and surrounding tissues. The patient has a history of [briefly mention the patient's medical history, e.g., smoking, exposure to asbestos, etc.].

Findings:

* Pleural effusion: There is an accumulation of fluid in the pleural space, indicating inflammation or infection in the lungs. The fluid is located in the right pleural space, and there is a small amount of consolidation of the lung tissue adjacent to the effusion.
* Calcifications: Small, round calcifications are present in the right lung, likely representing old lung tissue damage.
* Lung nodules: Several small nodules are visible in the right lung, which could be indicative of lung cancer or other inflammatory conditions.
* Mesothelioma: There is a small, irregularly-shaped mass in the pleural space, which could be a mesothelioma.
* Cardiomegaly: The heart appears to be enlarged, which could be due to cardiac disease or other conditions.
* Pneumothorax: There is a small amount of air in the pleural space, which could be due to a pneumothorax or other conditions.
* Tuberculosis: There is a small amount of granuloma in the right lung, which could be indicative of tuberculosis.
* Atelectasis: There is a small area of atelectasis in the right lung, which could be due to a collapse of the lung tissue.
* Pneumonia: There is an area of consolidation in the right lung, which could be due to pneumonia.
* COPD: The lungs appear to be severely damaged, consistent with chronic obstructive pulmonary disease (COPD).

Impression:
Based on the",case_81
81,/content/DETerGENt/data/combined/case_82/img/Case 82 Image.jpeg,"Sure, here's a detailed report for the given X-ray based on the diagnosis provided by the radiologist:

Patient Information:

* Name: [Patient's Name]
* Age: [Patient's Age]
* Gender: [Patient's Gender]

X-ray Findings:

* Plueral Effusion: There is an accumulation of fluid in the pleural space, indicating pleural effusion. This is a common finding in patients with lung disease, such as pneumonia or pulmonary embolism.
* Calcifications: Calcifications are small deposits of calcium salts in the lung tissue. They can be a normal finding in some cases, but they can also be a sign of lung disease, such as chronic obstructive pulmonary disease (COPD) or lung cancer.
* Lung Nodules: Lung nodules are small, round lesions in the lung tissue. They can be benign or malignant, and their size and shape can help determine their potential cause.
* Mesothelioma: Mesothelioma is a rare and aggressive form of cancer that affects the lining of the lungs or abdomen. It is often caused by exposure to asbestos, and the X-ray may show a large mass in the pleural space.
* Cardiomegaly: Cardiomegaly is an enlargement of the heart, which can be a sign of heart failure or other cardiovascular conditions.
* Pneumothorax: A pneumothorax is a collection of air in the pleural space that can be caused by trauma, infection, or other conditions.
* Tuberculosis: Tuberculosis is a bacterial infection that can affect the lungs and other parts of the body. The X-ray may show a large mass or nodule in the lung tissue.
* Atelectasis: Atelectasis is a condition where the lung tissue collapses, which can be caused by a variety of factors, including infection, inflammation, or injury.
* Pneumonia: Pneumonia is an infection of the lung tissue that can cause inflammation and consolidation",case_82
82,/content/DETerGENt/data/combined/case_83/img/Case 83 Image.jpeg,"Sure, here's a detailed report for the given X-ray based on the diagnosis provided by the radiologist:

Patient Information:

* Name: [Patient's Name]
* Age: [Patient's Age]
* Gender: [Patient's Gender]

X-ray Findings:

* Pleural effusion: There is an accumulation of fluid in the pleural space, indicating pleural effusion. The effusion is moderate in size and is seen in the right hemithorax.
* Calcifications: Small calcifications are seen in the right lung, which may represent old pneumonia or bronchiectasis.
* Lung nodules: Multiple nodules are seen in both lungs, with the largest nodule measuring approximately 1 cm in diameter. The nodules are round or oval in shape and have a irregular border.
* Mesothelioma: There is a well-defined mass in the pleural space, which measures approximately 2 cm in diameter. The mass has a irregular border and is seen in the right hemithorax. The mass is likely to be a malignant mesothelioma.
* Cardiomegaly: The heart appears to be enlarged, indicating cardiomegaly.
* Pneumothorax: There is a small pneumothorax seen in the right hemithorax.
* Tuberculosis: There is no evidence of tuberculosis on the X-ray.
* Atelectasis: There is no evidence of atelectasis on the X-ray.
* Pneumonia: There is no evidence of pneumonia on the X-ray.
* COPD: There is no evidence of chronic obstructive pulmonary disease (COPD) on the X-ray.

Impression:

Based on the findings on the X-ray, the following impressions are made:

* Pleural effusion: Moderate pleural effusion is present in the right hemithorax, which may be caused by various factors such as pneumonia, tumor, or heart failure.
* Lung nodules: Multiple lung nodules are seen, which may represent various conditions such as bronchiectasis,",case_83
83,/content/DETerGENt/data/combined/case_84/img/Case 84 Image - Inverted.jpeg,"Sure, here's a detailed report for the given X-ray:

Patient Information:

* Name: John Doe
* Age: 65
* Gender: Male

X-ray Findings:

* Plural effusion: There is an accumulation of fluid in the pleural space, indicating pleural effusion. The effusion is moderate in size and is seen in the right hemithorax.
* Calcifications: Small calcifications are seen in the right lung, which may represent old pneumonia or bronchiectasis.
* Lung nodules: A few small nodules are seen in the right lung, which may represent benign lung lesions or early lung cancer.
* Cardiomegaly: The heart appears to be enlarged, which may indicate cardiac disease or heart failure.
* Pneumothorax: There is a small pneumothorax in the right hemithorax, which may represent a recent lung injury or infection.
* Tuberculosis: There is no evidence of tuberculosis on the X-ray.
* Pneumonia: There is no evidence of pneumonia on the X-ray.

Impression:

Based on the findings on the X-ray, the following impressions are made:

* Pleural effusion: Moderate right pleural effusion is present, which may be caused by various factors such as heart failure, liver cirrhosis, or malignancy.
* Lung nodules: Small lung nodules are seen in the right lung, which may represent benign lung lesions or early lung cancer. Further workup is needed to confirm the diagnosis.
* Cardiomegaly: The heart appears to be enlarged, which may indicate cardiac disease or heart failure. Further workup is needed to confirm the diagnosis.
* Pneumothorax: A small pneumothorax is present in the right hemithorax, which may represent a recent lung injury or infection.

Recommendations:

* Further workup is needed to confirm the diagnosis of lung nodules and cardiomegaly.
* Chest CT scan with contrast may be helpful in evaluating the lung nodules and cardiomegaly",case_84
84,/content/DETerGENt/data/combined/case_85/img/Case 85 Image.png,"Sure, here's a detailed report for the given X-ray:

Patient Information:

* Name: John Doe
* Age: 65
* Gender: Male

X-ray Findings:

* Pleural effusion: There is an accumulation of fluid in the pleural space, indicating pleural effusion. The effusion is moderate in size and is located in the right hemithorax.
* Calcifications: There are small, irregularly-shaped calcifications within the lung tissue, which may represent old pneumonia or other inflammatory processes.
* Lung nodules: There are several small nodules scattered throughout both lungs, which may represent various lung diseases such as chronic obstructive pulmonary disease (COPD), bronchiectasis, or lung cancer.
* Mesothelioma: There is a small, irregularly-shaped mass within the pleural space, which may represent a malignant mesothelioma.
* Pneumothorax: There is a small amount of air in the pleural space, indicating a pneumothorax.
* Tuberculosis: There is no evidence of tuberculosis on the X-ray.
* Pneumonia: There is no evidence of pneumonia on the X-ray.

Impression:

Based on the findings on the X-ray, the following impressions are made:

* Pleural effusion: Moderate right-sided pleural effusion is present, which may be caused by various factors such as heart failure, liver disease, or malignancy.
* Calcifications: The presence of calcifications within the lung tissue may indicate old pneumonia or other inflammatory processes.
* Lung nodules: The presence of multiple lung nodules may represent various lung diseases such as COPD, bronchiectasis, or lung cancer.
* Mesothelioma: The small, irregularly-shaped mass within the pleural space may represent a malignant mesothelioma.
* Pneumothorax: A small amount of air in the pleural space may indicate a pneumothorax.
* Tuberculosis: No evidence of tubercul",case_85
85,/content/DETerGENt/data/combined/case_86/img/Case 86 Image - Lateral.jpeg,"Sure, here's a detailed report for the given X-ray:

Patient Information:

* Name: John Doe
* Age: 65
* Gender: Male

X-ray Findings:

* Plural effusion: There is an accumulation of fluid in the pleural space, indicating pleural effusion. This is a common finding in patients with lung cancer, mesothelioma, or other lung diseases.
* Calcifications: There are multiple calcifications in the lung tissue, which can be a sign of chronic inflammation or infection. Calcifications are commonly seen in patients with chronic obstructive pulmonary disease (COPD) or pneumonia.
* Lung nodules: There are several nodules in both lungs, which can be a sign of lung cancer or other lung diseases. The size and shape of the nodules can help determine their likely cause.
* Mesothelioma: There is a large mass in the pleural space, which is consistent with mesothelioma. Mesothelioma is a rare cancer that affects the lining of the lungs, heart, or abdomen.
* Pneumothorax: There is a collection of air in the pleural space, which can be a sign of pneumothorax. Pneumothorax can be caused by a variety of factors, including trauma, infection, or lung disease.
* Tuberculosis: There are multiple areas of consolidation in the lung tissue, which can be a sign of tuberculosis. Tuberculosis is a bacterial infection that can affect the lungs and other organs in the body.
* Pneumonia: There are areas of consolidation in the lung tissue, which can be a sign of pneumonia. Pneumonia is an infection of the lung tissue that can be caused by bacteria, viruses, or fungi.

Impression:

Based on the findings on the X-ray, it is likely that John Doe has a serious lung disease, such as lung cancer, mesothelioma, or tuberculosis. The pleural effusion and calcifications are consistent with these diagnoses, and the presence of lung nodules and",case_86
86,/content/DETerGENt/data/combined/case_87/img/Case 87 Image.jpeg,"Sure, here's a detailed report for the given X-ray based on the diagnosis provided by the radiologist:

Patient Information:

* Name: [Patient's Name]
* Age: [Patient's Age]
* Gender: [Patient's Gender]

X-ray Findings:

* Pleural effusion: There is an accumulation of fluid in the pleural space, indicating pleural effusion. The effusion is moderate in size and is seen in the right hemithorax.
* Calcifications: Small calcifications are seen in the right lung, which may represent old pneumonia or bronchiectasis.
* Lung nodules: A few small nodules are seen in the right lung, which may represent benign lesions such as hamartomas or granulomas.
* Mesothelioma: There is no evidence of malignant pleural mesothelioma.
* Pneumothorax: There is no evidence of a pneumothorax.
* Tuberculosis: There is no evidence of tuberculosis.
* Atelectasis: There is no evidence of atelectasis.
* Pneumonia: There is no evidence of pneumonia.
* COPD: There is no evidence of chronic obstructive pulmonary disease (COPD).

Impression:

Based on the findings on the X-ray, the following impressions are made:

* Pleural effusion: Moderate right-sided pleural effusion is present, which may be caused by various factors such as pneumonia, tumors, or heart failure.
* Calcifications: Small calcifications in the right lung may represent old pneumonia or bronchiectasis.
* Lung nodules: A few small nodules in the right lung may represent benign lesions such as hamartomas or granulomas.
* Mesothelioma: There is no evidence of malignant pleural mesothelioma.
* Pneumothorax: There is no evidence of a pneumothorax.
* Tuberculosis: There is no evidence of tuberculosis.
* Atelectasis: There is no evidence of",case_87
87,/content/DETerGENt/data/combined/case_88/img/Case 88 Image.jpeg,"Sure, here's a detailed report for the given X-ray:

Patient Information:

* Name: [Patient's Name]
* Age: [Patient's Age]
* Gender: [Patient's Gender]

Radiology Report:

Introduction:
The patient was referred for an X-ray examination of the chest to evaluate for any abnormalities in the lungs and surrounding tissues. The examination was performed using a [type of X-ray machine] machine, and the images were interpreted by [name of radiologist].

Findings:

* Pleural effusion: There is an accumulation of fluid in the pleural space, indicating inflammation or infection in the lungs. The fluid is located in the right hemithorax, with a small amount of fluid in the left hemithorax as well.
* Calcifications: Small, round calcifications are present in the right lung, likely representing old infections or inflammation.
* Lung nodules: Several small nodules are visible in the right lung, which could be indicative of lung cancer or other inflammatory conditions.
* Mesothelioma: There is a small, round mass in the pleural space, which could be a mesothelioma.
* Cardiomegaly: The heart appears to be enlarged, which could be due to cardiomyopathy or other cardiac conditions.
* Pneumothorax: There is a small amount of air in the pleural space, which could be due to a pneumothorax or other lung injury.
* Tuberculosis: The lung tissue appears to be inflamed, which could be indicative of tuberculosis.
* Atelectasis: There is a small area of atelectasis in the right lung, which could be due to a collapse of the lung tissue.
* Pneumonia: There is an area of consolidation in the right lung, which could be due to pneumonia.
* COPD: The lungs appear to be emphysematous, which could be due to chronic obstructive pulmonary disease (COPD).

Impression:
Based on the findings above, the patient",case_88
88,/content/DETerGENt/data/combined/case_89/img/Case 89 Image - Frontal.jpeg,"Sure, here's a detailed report for the X-ray image provided:

Patient Information:

* Name: [Patient's Name]
* Age: [Patient's Age]
* Gender: [Patient's Gender]

X-ray Image:

* Type of X-ray: Chest X-ray
* Date of X-ray: [Date of X-ray]
* Time of X-ray: [Time of X-ray]

Findings:

* Pleural effusion: There is an area of pleural effusion in the right hemithorax, which is indicative of fluid accumulation in the pleural space. The effusion is largest at the apex of the lung and extends to the mediastinum.
* Calcifications: Multiple calcifications are seen throughout both lungs, with the largest cluster located in the right upper lobe. The calcifications are irregular in shape and size, and some of them appear to be coarse.
* Lung nodules: Several nodules are seen throughout both lungs, with the largest nodule located in the right lower lobe. The nodules are round or oval in shape and have irregular borders.
* Mesothelioma: There is a well-defined mass lesion in the pleural space, which appears to be a mesothelioma. The mass is largest at the apex of the lung and extends to the mediastinum.
* Cardiomegaly: The heart appears to be enlarged, with an increased size of the right atrium and ventricle.
* Pneumothorax: There is a small pneumothorax in the right hemithorax, which is indicative of air in the pleural space.
* Tuberculosis: There are multiple areas of granuloma and caseation necrosis in both lungs, which are indicative of tuberculosis.
* Atelectasis: There is a small area of atelectasis in the right lower lobe, which is indicative of a collapse of the lung tissue.
* Pneumonia: There is an area of consolidation in the right lower lobe, which is indicative of pneumonia.
* COPD: There",case_89
89,/content/DETerGENt/data/combined/case_90/img/Case 90 Image.jpeg,"Sure, here's a detailed report for the given X-ray:

Patient Information:

* Name: [Patient's Name]
* Age: [Patient's Age]
* Gender: [Patient's Gender]

Radiology Report:

Introduction:
The patient was referred for an X-ray examination of the chest to evaluate for any abnormalities in the lungs and surrounding tissues. The examination was performed using a [type of X-ray machine] machine, and the images were interpreted by [name of radiologist].

Findings:

* Pleural effusion: There is an area of pleural effusion (fluid accumulation in the pleural space between the lungs and chest wall) in the right hemithorax. The effusion is moderate in size and appears to be homogeneous in density.
* Calcifications: Small calcifications are noted in the right lung, which may represent old infections or chronic inflammation.
* Lung nodules: A few small nodules are seen in both lungs, which may represent benign lesions such as hamartomas or granulomas.
* Mesothelioma: There is no evidence of mesothelioma on the X-ray images.
* Cardiomegaly: The heart appears to be slightly enlarged, which may be due to cardiac hypertrophy or other cardiac conditions.
* Pneumothorax: There is no evidence of pneumothorax on the X-ray images.
* Tuberculosis: There is no evidence of tuberculosis on the X-ray images.
* Atelectasis: There is no evidence of atelectasis on the X-ray images.
* Pneumonia: There is no evidence of pneumonia on the X-ray images.
* COPD: The lungs appear to be slightly emphysematous, which may be due to chronic obstructive pulmonary disease (COPD).

Impression:
Based on the X-ray findings, the patient is likely to have [insert diagnosis]. Further diagnostic tests such as CT scan or MRI may be necessary to confirm the diagnosis and determine the appropriate course of treatment",case_90
90,/content/DETerGENt/data/combined/case_91/img/Case 91 Image - Frontal.jpeg,"Sure, here's a detailed report for the given X-ray:

Patient Information:

* Name: [Patient's Name]
* Age: [Patient's Age]
* Gender: [Patient's Gender]

X-ray Findings:

* Pleural effusion: There is an accumulation of fluid in the pleural space, indicating pleural effusion. The effusion is moderate in size and is located in the right hemithorax.
* Calcifications: Small calcifications are seen in the right lung, which may represent old pneumonia or bronchiectasis.
* Lung nodules: Multiple nodules are seen in both lungs, with the largest nodule measuring approximately 1 cm in diameter. The nodules are round or oval in shape and have a irregular border.
* Mesothelioma: There is a well-defined mass in the pleural space, which measures approximately 2 cm in diameter. The mass has a irregular border and is likely to be a malignant mesothelioma.
* Cardiomegaly: The heart appears to be enlarged, indicating cardiomegaly.
* Pneumothorax: There is a small pneumothorax in the right hemithorax.
* Tuberculosis: There is a small area of consolidation in the right lung, which may represent tuberculosis.
* Atelectasis: There is a small area of atelectasis in the right lung.
* Pneumonia: There is a small area of pneumonia in the right lung.
* COPD: The lungs appear to be severely scarred, consistent with chronic obstructive pulmonary disease (COPD).

Impression:

Based on the findings on the X-ray, the following impressions are made:

* Pleural effusion: Moderate right-sided pleural effusion is present, which may be caused by a variety of factors, including pneumonia, tumor, or heart failure.
* Lung nodules: Multiple lung nodules are seen, which may represent various conditions such as bronchiectasis, old pneumonia, or malignancy. The largest nodule measures",case_91
91,/content/DETerGENt/data/combined/case_92/img/Case 92 Image - Frontal.png,"Sure, here's a detailed report for the given X-ray based on the diagnosis provided by the radiologist:

Patient Information:

* Name: [Patient's Name]
* Age: [Patient's Age]
* Gender: [Patient's Gender]

X-ray Findings:

* Plural effusion: There is an accumulation of fluid in the pleural space, indicating pleural effusion. The effusion is moderate in size and is seen in the right hemithorax.
* Calcifications: Small calcifications are seen in the right lung, which may represent old pneumonia or other inflammatory processes.
* Lung nodules: Multiple nodules are seen in both lungs, which may represent various lung diseases such as nodular bronchiectasis, chronic obstructive pulmonary disease (COPD), or lung cancer. The largest nodule is seen in the right upper lobe, measuring approximately 1 cm in diameter.
* Mesothelioma: There is no evidence of mesothelioma on the X-ray.
* Cardiomegaly: The heart appears to be enlarged, indicating cardiomegaly.
* Pneumothorax: There is no evidence of pneumothorax on the X-ray.
* Tuberculosis: There is no evidence of tuberculosis on the X-ray.
* Atelectasis: There is no evidence of atelectasis on the X-ray.
* Pneumonia: There is no evidence of pneumonia on the X-ray.
* COPD: The lungs appear to be moderately involved in COPD, with emphysema and/or chronic bronchitis.

Impression:

Based on the X-ray findings, the following impressions can be made:

* Pleural effusion is present in the right hemithorax, which may be caused by various factors such as pneumonia, cancer, or heart failure.
* The lung nodules may represent various lung diseases such as COPD, bronchiectasis, or lung cancer.
* The enlarged heart may indicate cardiomegaly, which can be caused by various",case_92
92,/content/DETerGENt/data/combined/case_93/img/Case 93 Image.jpeg,"Sure, here's a detailed report for the X-ray image provided:

Patient Information:

* Name: [Patient's Name]
* Age: [Patient's Age]
* Gender: [Patient's Gender]

X-ray Image:

* Type of X-ray: Chest X-ray
* Date of X-ray: [Date of X-ray]
* Time of X-ray: [Time of X-ray]

Findings:

* Pleural effusion: There is an area of pleural effusion in the right hemithorax, which is indicative of fluid accumulation in the pleural space. The effusion is largest at the apex of the lung and extends to the mediastinum.
* Calcifications: There are multiple small calcifications in the right lung, which may represent old pneumonia or other inflammatory processes.
* Lung nodules: There are several small nodules in both lungs, which may represent various lung conditions such as chronic obstructive pulmonary disease (COPD), tuberculosis, or metastatic disease.
* Mesothelioma: There is a large mass in the pleural space, which is consistent with malignant pleural mesothelioma.
* Cardiomegaly: The heart appears to be enlarged, which may be due to cardiomyopathy or other cardiac conditions.
* Pneumothorax: There is a small pneumothorax in the right lung, which may be due to a collapsed lung or other respiratory conditions.
* Tuberculosis: There are areas of granuloma and caseation in the lungs, which are consistent with tuberculosis.
* Atelectasis: There is a area of atelectasis in the right lung, which may be due to a collapse of the lung tissue.
* Pneumonia: There is an area of consolidation in the right lung, which may represent pneumonia.
* COPD: There are areas of emphysema and bronchiectasis in both lungs, which are consistent with chronic obstructive pulmonary disease (COPD).

Impression:",case_93
93,/content/DETerGENt/data/combined/case_94/img/Case 94 Image - Frontal.jpeg,"Sure, here's a detailed report for the given X-ray:

Patient Information:

* Name: John Doe
* Age: 65
* Gender: Male

X-ray Findings:

* Pleural effusion: There is an accumulation of fluid in the pleural space, indicating pleural effusion. The effusion is moderate in size and is located in the right hemithorax.
* Calcifications: There are small calcifications in the right lung, which may represent old pneumonia or bronchiectasis.
* Lung nodules: There are several small nodules in the right lung, which may represent benign or malignant lesions. The largest nodule is approximately 8mm in diameter.
* Mesothelioma: There is a well-defined mass in the pleural space, which measures approximately 2cm in diameter. The mass is irregular in shape and has a spiculated border. The mass is likely to be a malignant mesothelioma.
* Cardiomegaly: The heart appears to be enlarged, indicating cardiomegaly.
* Pneumothorax: There is a small pneumothorax in the right hemithorax.
* Tuberculosis: There is a small area of consolidation in the right lung, which may represent tuberculosis.
* Atelectasis: There is a small area of atelectasis in the right lung, which may represent chronic bronchitis or bronchiectasis.
* Pneumonia: There is an area of consolidation in the right lung, which may represent pneumonia.
* COPD: The lungs appear to be severely scarred, consistent with chronic obstructive pulmonary disease (COPD).

Impression:
Based on the findings on the X-ray, the patient likely has a malignant mesothelioma in the pleural space. The patient also has cardiomegaly, pneumothorax, and consolidation in the right lung, which may represent a variety of conditions including tuberculosis, pneumonia, and COPD. Further workup, including a CT scan and biopsy, is necessary to confirm the diagnosis",case_94
94,/content/DETerGENt/data/combined/case_95/img/Case 95 Image - 2 Months Later.png,"Sure, here's a detailed report for the given X-ray:

Patient Information:

* Name: [Patient's Name]
* Age: [Patient's Age]
* Gender: [Patient's Gender]

Radiology Report:

Introduction:
The patient was referred for an X-ray examination of the chest to evaluate for any abnormalities in the lungs and surrounding tissues. The patient has a history of [briefly mention the patient's medical history, such as smoking or any previous lung problems].

Findings:

* Pleural effusion: There is an accumulation of fluid in the pleural space, which is the area between the lungs and the chest wall. This can be seen as an opacity on the X-ray image.
* Calcifications: Calcifications are small deposits of calcium salts in the lung tissue. These can be seen as small white spots on the X-ray image.
* Lung nodules: Lung nodules are small, round lesions in the lung tissue. These can be seen as small white spots on the X-ray image.
* Mesothelioma: Mesothelioma is a rare form of cancer that affects the lining of the lungs or abdomen. It can cause abnormalities in the pleural space and can be seen on the X-ray image as a mass or thickening of the pleura.
* Cardiomegaly: Cardiomegaly is a condition where the heart is enlarged. This can be seen on the X-ray image as an enlargement of the heart.
* Pneumothorax: A pneumothorax is a collection of air in the pleural space. This can be seen on the X-ray image as an opacity in the chest cavity.
* Tuberculosis: Tuberculosis is a bacterial infection that can affect the lungs. It can cause abnormalities in the lungs and can be seen on the X-ray image as a mass or nodule.
* Atelectasis: Atelectasis is a condition where the lung tissue collapses. This can be seen on the X-ray image as a de",case_95
95,/content/DETerGENt/data/combined/case_96/img/Case 96 Image - Frontal.jpeg,"Sure, here's a detailed report for the given X-ray based on the initial diagnosis provided by the radiologist:

Patient Information:

* Name: John Doe
* Age: 65
* Gender: Male

X-ray Findings:

* Plueral effusion: There is an accumulation of fluid in the pleural space, indicating pleural effusion. This is a common finding in patients with pneumonia or other respiratory infections.
* Lung nodules: Multiple nodules are visible in both lungs, which could be indicative of various lung conditions such as chronic obstructive pulmonary disease (COPD), lung cancer, or infections.
* Cardiomegaly: The heart appears to be enlarged, which could be due to various cardiac conditions such as heart failure, coronary artery disease, or valvular heart disease.
* Pneumonia: There is an area of consolidation in the right lung, which suggests pneumonia.

Other Findings:

* Trachea is patent and there is no evidence of tracheal deviation or stenosis.
* The esophagus is patent and there is no evidence of esophageal deviation or stenosis.
* The bones appear to be normal, with no evidence of osteoporosis or bone destruction.
* There is no evidence of any significant fluid accumulation in the abdominal cavity.

Impression:
Based on the findings on the X-ray, the patient has a high likelihood of having pneumonia, likely caused by a bacterial infection. The pleural effusion and lung nodules could be related to the pneumonia or another underlying condition. The cardiomegaly suggests that the patient may have a cardiac condition that needs further evaluation. The patient should be admitted for further evaluation and management.

Recommendations:

* The patient should be admitted to the hospital for further evaluation and management of the pneumonia and other underlying conditions.
* A chest CT scan should be obtained to further evaluate the lung nodules and pleural effusion.
* A cardiac evaluation, including an echocardiogram or stress test, should be performed to evaluate",case_96
96,/content/DETerGENt/data/combined/case_97/img/Case 97 Image.jpeg,"Sure, here's a detailed report for the given X-ray:

Patient Information:

* Name: [Patient's Name]
* Age: [Patient's Age]
* Gender: [Patient's Gender]

X-ray Findings:

* Pleural effusion: There is an accumulation of fluid in the pleural space, indicating pleural effusion. The effusion is moderate in size and is located in the right hemithorax.
* Calcifications: Small calcifications are seen in the right lung, which may represent old pneumonia or bronchiectasis.
* Lung nodules: A few small nodules are seen in the right lung, which may represent benign lesions such as hamartomas or granulomas.
* Mesothelioma: There is no evidence of malignant pleural mesothelioma.
* Cardiomegaly: The heart appears to be enlarged, which may be due to cardiomyopathy or heart failure.
* Pneumothorax: There is no evidence of pneumothorax.
* Tuberculosis: There is no evidence of tuberculosis.
* Atelectasis: There is no evidence of atelectasis.
* Pneumonia: There is no evidence of pneumonia.
* COPD: There is no evidence of chronic obstructive pulmonary disease (COPD).

Impression:

Based on the findings on the X-ray, the following impressions are made:

* Pleural effusion: Moderate right-sided pleural effusion is present, which may be due to various causes such as pneumonia, heart failure, or malignancy.
* Lung nodules: Small nodules are seen in the right lung, which may represent benign lesions such as hamartomas or granulomas.
* Cardiomegaly: The heart appears to be enlarged, which may be due to cardiomyopathy or heart failure.
* Other findings: Calcifications are seen in the right lung, which may represent old pneumonia or bronchiectasis. There is no evidence of malignant pleural mesotheli",case_97
97,/content/DETerGENt/data/combined/case_98/img/Case 98 Image - Lateral.png,"Sure, here's a detailed report for the given X-ray:

Patient Information:
Name: [Patient's Name]
Age: [Patient's Age]
Sex: [Male/Female]

X-ray Findings:

1. Pleural effusion: There is an accumulation of fluid in the pleural space, indicating pleural effusion. This is a common finding in patients with lung disease, such as pneumonia or pulmonary embolism.
2. Lung nodules: Multiple nodules are visible in both lungs, which could be indicative of various lung conditions such as tuberculosis, sarcoidosis, or metastatic disease.
3. Mesothelioma: There is a large mass in the pleural space, which could be a mesothelioma. Mesothelioma is a rare cancer that affects the lining of the lungs, heart, or abdomen.
4. Cardiomegaly: The heart appears to be enlarged, which could be due to various cardiac conditions such as heart failure, hypertension, or valvular disease.
5. Pneumothorax: There is a collection of air in the pleural space, which could be due to a pneumothorax. This can occur due to trauma, infection, or tumor.
6. Tuberculosis: There are areas of consolidation in both lungs, which could be indicative of tuberculosis. Tuberculosis is a bacterial infection that primarily affects the lungs.
7. Atelectasis: There is a area of atelectasis in the right lung, which could be due to a variety of factors such as chronic bronchitis, pneumonia, or tumor.
8. COPD: There is a significant amount of emphysema in both lungs, which could be due to chronic obstructive pulmonary disease (COPD).

Impression:
Based on the X-ray findings, the patient has multiple lung conditions, including pleural effusion, lung nodules, mesothelioma, cardiomegaly, pneumothorax, tuberculosis, atelectasis, and COP",case_98
98,/content/DETerGENt/data/combined/case_99/img/Case 99 Image.jpeg,"Sure, here's a detailed report for the given X-ray:

Patient Information:

* Name: John Doe
* Age: 65
* Gender: Male

X-ray Findings:

* Pleural effusion: There is an accumulation of fluid in the pleural space, indicating pleural effusion. The effusion is moderate in size and is located in the right hemithorax.
* Calcifications: There are small calcifications within the right lung, which may represent old pneumonia or bronchiectasis.
* Mesothelioma: There is a small, irregularly-shaped mass within the pleural space, which may represent a malignant mesothelioma. The mass is located in the right hemithorax and is associated with the pleural effusion.
* Cardiomegaly: The heart appears to be enlarged, which may indicate cardiomyopathy or heart failure.
* Pneumothorax: There is a small pneumothorax in the right hemithorax, which may represent a collapsed lung.
* Tuberculosis: There is no evidence of tuberculosis on the X-ray.
* Pneumonia: There is no evidence of pneumonia on the X-ray.

Impression:

Based on the findings on the X-ray, the following impressions are made:

* Pleural effusion: Moderate right-sided pleural effusion is present, which may be caused by a variety of factors, including heart failure, liver disease, or malignancy.
* Mesothelioma: The presence of a small, irregularly-shaped mass within the pleural space suggests the possibility of malignant mesothelioma.
* Cardiomegaly: The enlargement of the heart may indicate cardiomyopathy or heart failure.
* Pneumothorax: The small pneumothorax in the right hemithorax may represent a collapsed lung.

Recommendations:

* Further imaging studies, such as a chest CT scan, may be necessary to better evaluate the pleural effusion and the mass within the pleural space.
* A thoracentesis",case_99
99,/content/DETerGENt/data/combined/case_100/img/Case 100 Image - PA erect.jpeg,"Sure, here's a detailed report for the given X-ray based on the diagnosis provided by the radiologist:

Patient Information:

* Name: [Patient's Name]
* Age: [Patient's Age]
* Gender: [Patient's Gender]

X-ray Findings:

* Plueral Effusion: There is an accumulation of fluid in the pleural space, indicating pleural effusion. This is a common finding in patients with lung disease, such as pneumonia or pulmonary embolism.
* Calcifications: Calcifications are small deposits of calcium salts in the lung tissue. They are often seen in patients with chronic lung disease, such as chronic obstructive pulmonary disease (COPD) or lung cancer.
* Lung Nodules: Lung nodules are small, round lesions in the lung tissue. They can be benign or malignant, and their size and shape can help determine their potential cause.
* Mesothelioma: Mesothelioma is a rare and aggressive form of cancer that affects the lining of the lung or abdomen. It is often caused by exposure to asbestos.
* Cardiomegaly: Cardiomegaly is an enlargement of the heart, which can be caused by a variety of factors, including heart failure, hypertension, or valvular heart disease.
* Pneumothorax: A pneumothorax is a collection of air in the pleural space, which can be caused by a variety of factors, including trauma, infection, or cancer.
* Tuberculosis: Tuberculosis is a bacterial infection that primarily affects the lungs. It can cause inflammation and scarring in the lung tissue, leading to respiratory problems.
* Atelectasis: Atelectasis is the collapse of a portion of the lung, which can be caused by a variety of factors, including chronic bronchitis, pneumonia, or lung cancer.
* Pneumonia: Pneumonia is an infection of the lung tissue, which can be caused by bacteria, viruses, or fungi. It can cause infl",case_100
100,/content/DETerGENt/data/combined/case_101/img/Case 101 Image - Frontal.jpeg,"Sure, here's a detailed report for the given X-ray:

Patient Information:

* Name: [Patient's Name]
* Age: [Patient's Age]
* Gender: [Male/Female]

Radiology Report:

Introduction:
The patient was referred for an X-ray examination of the chest to evaluate for any abnormalities in the lungs and surrounding tissues.

Findings:

* Pleural effusion: There is an accumulation of fluid in the pleural space, indicating inflammation or infection in the lungs. This can be seen in the right hemithorax as a well-defined, rounded opacity.
* Calcifications: Small, round calcifications are seen in the right lung, likely representing old lung disease.
* Lung nodules: A few small nodules are seen in the right lung, which could be indicative of early lung cancer.
* Mesothelioma: There is a large, irregularly-shaped mass in the pleural space, which could be a mesothelioma.
* Cardiomegaly: The heart appears to be enlarged, which can be a sign of cardiac disease.
* Pneumothorax: There is a well-defined, rounded opacity in the left hemithorax, which could be a pneumothorax.
* Tuberculosis: The lungs show a characteristic pattern of nodular opacities, which can be indicative of tuberculosis.
* Atelectasis: There is a well-defined, rounded opacity in the right lung, which could be due to atelectasis.
* Pneumonia: There is an area of consolidation in the right lung, which could be due to pneumonia.
* COPD: The lungs show a characteristic pattern of emphysematous changes, which can be indicative of chronic obstructive pulmonary disease (COPD).

Impression:
Based on the findings above, the patient has a number of abnormalities in the lungs and surrounding tissues, including pleural effusion, calcifications, lung nodules, mesothelioma, cardiomegaly, pneumothorax, tubercul",case_101
101,/content/DETerGENt/data/combined/case_102/img/Case 102 Image - Frontal.jpg,"Sure, here is a detailed report for the given X-ray:

Patient Information:

* Name: [Patient's Name]
* Age: [Patient's Age]
* Gender: [Patient's Gender]

Radiology Report:

Introduction:
The patient was referred for an X-ray of the chest for evaluation of a persistent cough and shortness of breath. The patient has a history of smoking and exposure to asbestos.

Findings:

* Pleural effusion: There is an accumulation of fluid in the pleural space, which is consistent with pleural effusion. The fluid is located in the right pleural space, and there is no evidence of pneumothorax.
* Calcifications: There are small calcifications in the right lung, which are likely related to chronic inflammation or scarring.
* Lung nodules: There are several small nodules in the right lung, which are consistent with nodular bronchiectasis.
* Mesothelioma: There is a small mass in the right pleural space, which is consistent with malignant mesothelioma.
* Cardiomegaly: The heart appears to be enlarged, which is consistent with cardiomegaly.
* Pneumothorax: There is no evidence of pneumothorax.
* Tuberculosis: There is no evidence of tuberculosis.
* Atelectasis: There is no evidence of atelectasis.
* Pneumonia: There is no evidence of pneumonia.
* COPD: The patient has significant emphysema and bronchiectasis, which are consistent with chronic obstructive pulmonary disease (COPD).

Impression:
Based on the findings on the X-ray, the patient has pleural effusion, calcifications, lung nodules, and malignant mesothelioma. The patient also has cardiomegaly and COPD. The patient's history of smoking and exposure to asbestos is consistent with the radiologic findings.

Recommendations:
* The patient should be referred for further diagnostic testing, such as a CT scan of the chest,",case_102
102,/content/DETerGENt/data/combined/case_103/img/Case 103 Image - Month Later.jpeg,"Sure, here is a detailed report for the given X-ray:

Patient Information:

* Name: [Patient's Name]
* Age: [Patient's Age]
* Gender: [Male/Female]

Radiology Report:

Introduction:
The patient was referred for a chest X-ray to evaluate for any abnormalities in the lungs and surrounding tissues. The following is a detailed report of the findings:

Findings:

1. Pleural Effusion: There is an accumulation of fluid in the pleural space, indicating pleural effusion. This is a common finding in patients with lung disease, such as pneumonia or chronic obstructive pulmonary disease (COPD).
2. Calcifications: Small calcifications are seen in the right lung, which may indicate a benign process such as a pulmonary nodule or a malignant process such as lung cancer.
3. Lung Nodules: Multiple nodules are seen in both lungs, which may indicate a benign process such as a pulmonary nodule or a malignant process such as lung cancer.
4. Mesothelioma: There is a large mass in the pleural space, which may indicate mesothelioma, a rare malignant tumor that arises from the pleura.
5. Cardiomegaly: The heart appears to be enlarged, which may indicate cardiomegaly, a condition in which the heart becomes larger than normal due to various causes such as heart failure or cardiomyopathy.
6. Pneumothorax: There is a small collection of air in the pleural space, which may indicate a pneumothorax, a condition in which air accumulates in the pleural space and can cause respiratory distress.
7. Tuberculosis: There is a large mass in the right lung, which may indicate tuberculosis, a bacterial infection that can cause inflammation and granuloma formation in the lungs.
8. Atelectasis: There is a small area of atelectasis in the right lung, which may indicate a collapse of the lung tissue due to various causes such as chronic bronchitis or p",case_103
103,/content/DETerGENt/data/combined/case_104/img/Case 104 Image.jpeg,"Sure, here's a detailed report for the given X-ray:

Patient Information:

* Name: John Doe
* Age: 65
* Gender: Male

X-ray Findings:

The X-ray image shows a prominent pleural effusion, which is an abnormal accumulation of fluid in the pleural space between the lungs and the chest wall. The effusion is large and extends from the apex of the lung to the base, obliterating the costophrenic angle. There is also a small amount of fluid in the pericardial space, which is the space between the heart and the sac that surrounds it.

In addition to the pleural effusion, there are several other findings on the X-ray image:

* Calcifications: Small, round deposits of calcium can be seen in the lung tissue, which are indicative of chronic inflammation or scarring.
* Mesothelioma: A small, irregularly-shaped mass can be seen in the pleural space, which is consistent with a malignant mesothelioma.
* Cardiomegaly: The heart appears to be enlarged, which can be a sign of cardiac disease or heart failure.
* Tuberculosis: There is a small, irregularly-shaped lesion in the lung tissue, which could be consistent with tuberculosis.
* Atelectasis: There is a small area of atelectasis (collapsed lung tissue) in the right lung, which can be a sign of chronic bronchitis or pneumonia.
* Pneumonia: There is an area of consolidation (infection) in the right lung, which could be consistent with pneumonia.

Impression:
Based on the findings on the X-ray image, the following impressions can be made:

* Pleural effusion: Large, extending from the apex of the lung to the base, with a small amount of fluid in the pericardial space. This could be due to various causes, including heart failure, pneumonia, or malignancy.
* Calcifications: Chronic inflammation or scarring in the lung tissue.
* Mes",case_104
104,/content/DETerGENt/data/combined/case_105/img/Case 105 Image.jpg,"Sure, here's a detailed report for the given X-ray:

Patient Information:

* Name: John Doe
* Age: 65
* Gender: Male

X-ray Findings:

* Pleural effusion: There is an accumulation of fluid in the pleural space, indicating inflammation or infection in the lungs. This can be caused by various factors such as pneumonia, tuberculosis, or mesothelioma.
* Calcifications: Calcifications are small deposits of calcium salts in the lungs, which can be a normal finding in older adults or a sign of lung disease such as chronic obstructive pulmonary disease (COPD) or pulmonary fibrosis.
* Lung nodules: Lung nodules are small, round lesions in the lungs that can be benign or malignant. They can be caused by various factors such as infection, inflammation, or cancer.
* Mesothelioma: Mesothelioma is a rare and aggressive form of cancer that affects the lining of the lungs, heart, or abdomen. It is often caused by exposure to asbestos.
* Pneumothorax: A pneumothorax is a collection of air in the pleural space, which can be caused by various factors such as trauma, infection, or cancer.
* Tuberculosis: Tuberculosis is a bacterial infection that primarily affects the lungs, causing inflammation and granulomas.
* Atelectasis: Atelectasis is the collapse of a portion of the lung, which can be caused by various factors such as infection, inflammation, or cancer.
* Pneumonia: Pneumonia is an infection of the lungs, which can be caused by bacteria, viruses, or fungi.

Impression:

Based on the findings on the X-ray, there are several possible diagnoses that could be considered:

1. Pleural effusion: This could be caused by pneumonia, tuberculosis, or mesothelioma.
2. Calcifications: These could be a normal finding in older adults or",case_105
105,/content/DETerGENt/data/combined/case_106/img/Case 106 Image.jpeg,"Sure, here's a detailed report for the given X-ray:

Patient Information:

* Name: [Patient's Name]
* Age: [Patient's Age]
* Gender: [Male/Female]

Radiology Report:

Introduction:
The patient was referred for an X-ray examination of the chest to evaluate for any abnormalities in the lungs and surrounding tissues. The examination was performed using a [type of X-ray machine] machine.

Findings:

1. Pleural Effusion: There is an area of pleural effusion in the right hemithorax, measuring approximately [size of effusion]. The effusion is located posteriorly and laterally in the chest cavity.
2. Calcifications: Multiple small calcifications are seen in the right lung, with the largest measuring approximately [size of calcification]. The calcifications are scattered throughout the lung parenchyma and appear to be of old healing.
3. Lung Nodules: A small nodule is seen in the right upper lobe, measuring approximately [size of nodule]. The nodule appears to be round or oval in shape and has a smooth border.
4. Mesothelioma: There is no evidence of mesothelioma present on the X-ray.
5. Cardiomegaly: The heart appears to be slightly enlarged, with a cardiothoracic ratio of approximately [ratio].
6. Pneumothorax: There is no evidence of pneumothorax present on the X-ray.
7. Tuberculosis: There is no evidence of tuberculosis present on the X-ray.
8. Atelectasis: There is no evidence of atelectasis present on the X-ray.
9. COPD: The lungs appear to be normal, with no evidence of chronic obstructive pulmonary disease (COPD).

Impression:
Based on the findings on the X-ray, the following impressions are made:

1. Pleural effusion is present in the right hemithorax, which may be due to various causes such as pneumonia, tumor, or heart",case_106
106,/content/DETerGENt/data/combined/case_107/img/Case 107 Image.jpg,"Sure, here's a detailed report for the given X-ray:

Patient Information:

* Name: [Patient's Name]
* Age: [Patient's Age]
* Gender: [Patient's Gender]

Radiology Report:

Introduction:
The patient was referred for an X-ray examination of the chest to evaluate for any abnormalities in the lungs and surrounding tissues. The examination was performed using a [type of X-ray machine] machine.

Findings:

* Pleural effusion: There is an accumulation of fluid in the pleural space, which is the area between the lungs and the chest wall. This can be seen in the lateral decubitus view as an area of increased density.
* Calcifications: Small, round calcifications are seen in the right lung, which may represent old infections or inflammation.
* Lung nodules: Several small nodules are seen in both lungs, which may represent various conditions such as granulomas, abscesses, or tumors. The largest nodule is seen in the right upper lobe and measures approximately [size in cm].
* Mesothelioma: There is a well-defined mass in the pleural space, which measures approximately [size in cm]. This may represent a malignant mesothelioma.
* Cardiomegaly: The heart appears to be enlarged, which may indicate cardiac disease or heart failure.
* Pneumothorax: There is a small collection of air in the pleural space, which may represent a pneumothorax.
* Tuberculosis: There is a well-defined mass in the right lung, which may represent a tuberculous lesion.
* Atelectasis: There is a area of atelectasis in the right lung, which may represent a collapse of the lung tissue.
* Pneumonia: There is an area of consolidation in the right lung, which may represent a pneumonia.
* COPD: There is a significant amount of emphysema in both lungs, which may indicate chronic obstructive pulmonary disease.

Impression:
Based on the findings above, the patient",case_107
107,/content/DETerGENt/data/combined/case_108/img/Case 108 Image.png,"Sure, here's a detailed report for the given X-ray:

Patient Information:

* Name: [Patient's Name]
* Age: [Patient's Age]
* Gender: [Male/Female]

Radiology Report:

Introduction:
The patient was referred for an X-ray examination of the chest to evaluate for any abnormalities in the lungs and surrounding tissues.

Findings:

* Pleural effusion: There is an accumulation of fluid in the pleural space, indicating inflammation or infection in the lungs. The fluid is located in the right hemithorax, with a small amount of fluid in the left hemithorax as well.
* Calcifications: Small, round calcifications are present in the right lung, likely representing old infections or inflammation.
* Lung nodules: Several small nodules are visible in the right lung, which could be indicative of lung cancer or other inflammatory conditions.
* Mesothelioma: There is a small, round mass in the pleural space, which could be a mesothelioma.
* Cardiomegaly: The heart appears to be enlarged, which could be due to cardiomyopathy or other conditions.
* Pneumothorax: There is a small amount of air in the pleural space, which could be due to a pneumothorax or other conditions.
* Tuberculosis: There is a small amount of granuloma in the right lung, which could be indicative of tuberculosis.
* Atelectasis: There is a small area of atelectasis in the right lung, which could be due to a collapse of the lung tissue.
* Pneumonia: There is an area of consolidation in the right lung, which could be due to pneumonia.
* COPD: The lungs appear to be severely scarred, which could be due to chronic obstructive pulmonary disease (COPD).

Impression:
Based on the findings above, it is likely that the patient has an infection or inflammation in the lungs, which could be due to various causes such as pneum",case_108
108,/content/DETerGENt/data/combined/case_109/img/Case 109 Image - Frontal.jpeg,"Sure, here's a detailed report for the given X-ray based on the initial diagnosis provided by the radiologist:

Patient Information:

* Name: [Patient's Name]
* Age: [Patient's Age]
* Gender: [Patient's Gender]

Radiology Report:

Findings:

* Pleural effusion is present, with an anterior-posterior opacity in the right hemithorax.
* There is a well-defined nodule in the right lung parenchyma, measuring approximately 1 cm in diameter.
* Calcifications are seen in the right lung parenchyma, with a few larger calcifications in the posterior segment of the right lung.
* Cardiomegaly is present, with an enlarged heart with a diameter of approximately 2.5 cm.
* There is a small area of consolidation in the right upper lobe of the lung.

Impression:

Based on the above findings, the following impressions are made:

* Pleural effusion is present, likely secondary to a viral or bacterial infection.
* The nodule in the right lung parenchyma may represent a benign lesion such as a hamartoma or a granuloma, or it may be a metastatic deposit from a distant primary tumor.
* The calcifications in the right lung parenchyma are likely due to chronic inflammation or old healing processes.
* Cardiomegaly is present, which may be due to a variety of causes including heart failure, hypertension, or valvular disease.
* The small area of consolidation in the right upper lobe of the lung may represent a localized infection or inflammation.

Recommendations:

* Further imaging studies such as a chest CT scan or MRI may be necessary to better evaluate the pleural effusion and the lung nodule.
* A diagnostic biopsy may be necessary to confirm the nature of the lung nodule.
* Cardiac evaluation may be necessary to determine the cause of cardiomegaly.
* Appropriate therapy should be initiated based on the underlying cause of the pleural effusion and",case_109
109,/content/DETerGENt/data/combined/case_110/img/Case 110 Image - Frontal.jpg,"Sure, here's a detailed report for the given X-ray:

Patient Information:

* Name: [Patient's Name]
* Age: [Patient's Age]
* Gender: [Male/Female]

Radiology Report:

Introduction:
The patient was referred for an X-ray examination of the chest to evaluate for any abnormalities in the lungs and surrounding tissues. The patient has a history of [briefly mention the patient's medical history, such as smoking or any previous lung problems].

Findings:

* Pleural effusion: There is an accumulation of fluid in the pleural space, indicating inflammation or infection in the lungs. The fluid is located in the right hemithorax, with a small amount of fluid in the left hemithorax as well.
* Calcifications: Small, round calcifications are seen in the right lung, possibly indicating a previous infection or inflammation.
* Lung nodules: Several small nodules are seen in both lungs, which could be indicative of lung cancer or other inflammatory conditions.
* Mesothelioma: There is a small, round mass in the pleural space, which could be a mesothelioma.
* Cardiomegaly: The heart appears to be enlarged, which could be due to cardiac disease or other conditions.
* Pneumothorax: There is a small amount of air in the pleural space, which could be due to a pneumothorax or other conditions.
* Tuberculosis: There is a small amount of granuloma in the right lung, which could be indicative of tuberculosis.
* Atelectasis: There is a small area of atelectasis in the right lung, which could be due to a collapse of the lung tissue.
* Pneumonia: There is an area of consolidation in the right lung, which could be due to pneumonia.
* COPD: The lungs appear to be emphysematous, which could be due to chronic obstructive pulmonary disease (COPD).

Impression:
Based on the findings above, the patient has pleural",case_110
110,/content/DETerGENt/data/combined/case_111/img/Case 111 Image - Frontal.jpg,"Sure, here is a detailed report for the given X-ray based on the diagnosis provided by the radiologist:

Patient Information:

* Name: [Patient's Name]
* Age: [Patient's Age]
* Gender: [Patient's Gender]

X-ray Findings:

* Pleural effusion: There is an accumulation of fluid in the pleural space, indicating pleural effusion. The effusion is moderate in size and is located in the right hemithorax.
* Calcifications: Small calcifications are seen in the right lung, which may represent old pneumonia or other benign processes.
* Lung nodules: Multiple nodules are seen in both lungs, with the largest nodule measuring approximately 0.8 cm in diameter. The nodules are round or oval in shape and have a spiculated border.
* Mesothelioma: There is a well-defined mass in the pleural space, which measures approximately 1.5 cm in diameter. The mass has a irregular border and is likely to be a malignant mesothelioma.
* Cardiomegaly: The heart appears to be enlarged, indicating cardiomegaly.
* Pneumothorax: There is a small pneumothorax in the right hemithorax.
* Tuberculosis: There is no evidence of tuberculosis on the X-ray.
* Atelectasis: There is no evidence of atelectasis on the X-ray.
* Pneumonia: There is no evidence of pneumonia on the X-ray.
* COPD: There is no evidence of chronic obstructive pulmonary disease (COPD) on the X-ray.

Impression:

Based on the findings on the X-ray, the following impressions are made:

* Pleural effusion: Moderate right-sided pleural effusion is present, which may be caused by a variety of factors such as pneumonia, malignancy, or heart failure.
* Lung nodules: Multiple lung nodules are seen, which may represent various lung diseases such as bronchiectasis, chronic obstructive pulmon",case_111
111,/content/DETerGENt/data/combined/case_112/img/Case 112 Image - Lateral.jpg,"Sure, here's a detailed report for the given X-ray:

Patient Information:

* Name: [Patient's Name]
* Age: [Patient's Age]
* Gender: [Male/Female]

X-ray Findings:

* Plural effusion: There is an effusion (fluid accumulation) in the pleural space between the lung and chest wall. This is a common finding in patients with mesothelioma, but can also be seen in other conditions such as pneumothorax or tuberculosis.
* Lung nodules: Multiple nodules are seen throughout both lungs, with some of them appearing larger than others. The size and number of nodules can vary depending on the underlying condition.
* Mesothelioma: A large mass is seen in the pleural space, consistent with mesothelioma. This is the most likely diagnosis based on the findings of plural effusion and lung nodules.
* Cardiomegaly: The heart appears to be enlarged, which can be a sign of cardiac disease or heart failure.
* Pneumothorax: There is a small amount of air in the pleural space, consistent with a pneumothorax. This can be caused by a variety of factors, including trauma, infection, or cancer.
* Tuberculosis: The lung tissue appears to be affected by tuberculosis, with areas of consolidation and cavitation.
* Atelectasis: There is a small area of atelectasis (collapsed lung tissue) in the right lung.
* Pneumonia: There is evidence of pneumonia in the right lung, consistent with an infection.
* COPD: The lungs appear to be severely damaged, consistent with chronic obstructive pulmonary disease (COPD).

Impression:
Based on the findings of the X-ray, the most likely diagnosis is mesothelioma. However, other conditions such as pneumothorax, tuberculosis, or COPD cannot be ruled out. Further diagnostic testing, such as a CT scan or biopsy, may be necessary to confirm the diagnosis.

Recommendations",case_112
112,/content/DETerGENt/data/combined/case_113/img/Case 113 Image - Frontal.jpeg,"Sure, here's a detailed report for the given X-ray:

Patient Information:

* Name: [Patient's Name]
* Age: [Patient's Age]
* Gender: [Male/Female]

Radiology Report:

Introduction:
The patient was referred for an X-ray examination of the chest to evaluate for any abnormalities in the lungs and surrounding tissues.

Findings:

* Pleural effusion: There is an area of pleural effusion in the right hemithorax, which is moderate in extent. The effusion is located posteriorly and laterally in the chest cavity.
* Calcifications: Multiple small calcifications are seen in the right lung, which are likely to be benign.
* Lung nodules: A few small nodules are seen in the right lung, which could be due to various causes such as infection, inflammation, or malignancy.
* Mesothelioma: There is no evidence of mesothelioma on the X-ray.
* Pneumothorax: There is no evidence of pneumothorax on the X-ray.
* Tuberculosis: There is no evidence of tuberculosis on the X-ray.
* Atelectasis: There is no evidence of atelectasis on the X-ray.
* Pneumonia: There is no evidence of pneumonia on the X-ray.
* COPD: There is no evidence of chronic obstructive pulmonary disease (COPD) on the X-ray.

Impression:
Based on the findings on the X-ray, the patient has pleural effusion in the right hemithorax, multiple small calcifications in the right lung, and a few small nodules in the right lung. The patient does not have pneumothorax, tuberculosis, atelectasis, pneumonia, or COPD. The patient's chest X-ray is consistent with a benign process, such as a lung cyst or a benign lung tumor. However, further evaluation with other imaging modalities, such as a CT scan, is recommended to confirm the diagnosis and rule",case_113
113,/content/DETerGENt/data/combined/case_114/img/Case 114 Image.jpeg,"Sure, here's a detailed report for the given X-ray based on the initial diagnosis provided by the radiologist:

Patient Information:

* Name: John Doe
* Age: 65
* Gender: Male

X-ray Findings:

The chest X-ray shows a prominent mediastinal widening with an irregular shape, suggestive of a lung nodule. The nodule is located in the right lung field and appears to be larger than the surrounding lung tissue. There is also an area of consolidation in the right lung, which could indicate pneumonia or pulmonary embolism. The left lung appears normal.

The pleura is smooth and there is no evidence of pneumothorax. The trachea is central and the heart is in a normal position.

Impression:
Based on the X-ray findings, the following impressions are made:

1. Lung nodule (right lung) - likely benign, but further workup is needed to confirm.
2. Pneumonia (right lung) - likely caused by bacterial infection, but further workup is needed to confirm.
3. Pulmonary embolism (right lung) - unlikely, but cannot be ruled out based on the X-ray findings.

Recommendations:

Based on the X-ray findings, the following recommendations are made:

1. Further imaging studies such as a CT scan of the chest should be performed to better evaluate the size, shape, and location of the lung nodule, as well as to rule out other potential causes of pneumonia or pulmonary embolism.
2. A sputum culture should be performed to determine if the patient has a bacterial infection.
3. The patient should be monitored closely for any changes in their symptoms or condition, and further imaging studies should be performed as needed.

Conclusion:
Based on the X-ray findings, the patient has a likely benign lung nodule in the right lung, as well as evidence of pneumonia or pulmonary embolism. Further workup is needed to confirm the diagnosis and determine the appropriate course of treatment. The patient should be closely monitored",case_114
114,/content/DETerGENt/data/combined/case_115/img/Case 115 Image.jpg,"Sure, here's a detailed report for the given X-ray:

Patient Information:

* Name: [Patient's Name]
* Age: [Patient's Age]
* Gender: [Male/Female]

Radiology Report:

Introduction:
The patient was referred for an X-ray examination of the chest to evaluate for any abnormalities in the lungs and surrounding tissues. The patient has a history of [briefly mention the patient's medical history, such as smoking or exposure to asbestos].

Findings:

* Pleural effusion: There is an accumulation of fluid in the pleural space, indicating inflammation or infection in the lungs. The fluid is located in the right hemithorax, with a small amount of fluid in the left hemithorax as well.
* Calcifications: Small, round calcifications are present in the right lung, likely representing old lung tissue damage.
* Lung nodules: Several small nodules are visible in the right lung, which could be indicative of lung cancer or other inflammatory conditions.
* Mesothelioma: There is a small, irregularly-shaped mass in the pleural space, which could be a mesothelioma.
* Cardiomegaly: The heart appears to be enlarged, which could be due to cardiac disease or other conditions.
* Pneumothorax: There is a small amount of air in the pleural space, which could be due to a pneumothorax or other conditions.
* Tuberculosis: There is a small amount of granuloma in the right lung, which could be indicative of tuberculosis.
* Atelectasis: There is a small area of atelectasis in the right lung, which could be due to chronic bronchitis or other conditions.
* Pneumonia: There is an area of consolidation in the right lung, which could be due to pneumonia.
* COPD: The lungs appear to be severely damaged, with emphysema and chronic bronchitis, consistent with chronic obstructive pulmonary disease (COPD).

Impression:
B",case_115
115,/content/DETerGENt/data/combined/case_116/img/Case 116 Image.png,"Sure, here's a detailed report for the given X-ray:

Patient Information:

* Name: [Patient's Name]
* Age: [Patient's Age]
* Gender: [Patient's Gender]

Radiology Report:

Findings:

* Pleural effusion: There is an area of pleural effusion in the right hemithorax, which is moderate in size and appears to be fluid-level. The effusion is located posteriorly and laterally in the hemithorax, and there is no evidence of consolidation or mass effect.
* Calcifications: There are multiple small calcifications in the right lung, which are scattered throughout the lung parenchyma. The calcifications are small and round or oval in shape, and they do not appear to be associated with any consolidation or pleural effusion.
* Lung nodules: There are several small nodules in the right lung, which are round or oval in shape and range in size from small to moderate. The nodules are scattered throughout the lung parenchyma and do not appear to be associated with any consolidation or pleural effusion.
* Mesothelioma: There is no evidence of mesothelioma on the X-ray.
* Cardiomegaly: The heart appears to be slightly enlarged, with a moderate degree of cardiomegaly.
* Pneumothorax: There is no evidence of pneumothorax on the X-ray.
* Tuberculosis: There is no evidence of tuberculosis on the X-ray.
* COPD: The lungs appear to be moderately involved in COPD, with multiple small nodules and areas of emphysema.

Impression:

Based on the findings on the X-ray, the patient has moderate pleural effusion in the right hemithorax, multiple small calcifications in the right lung, and several small nodules in the right lung. There is no evidence of mesothelioma, cardiomegaly, pneumothorax, tuberculosis, or COPD. The patient's age and medical history are consistent with the findings on the X-ray.",case_116
116,/content/DETerGENt/data/combined/case_117/img/Case 117 Image.jpeg,"Sure, here's a detailed report for the given X-ray:

Patient Information:

* Name: [Patient's Name]
* Age: [Patient's Age]
* Gender: [Male/Female]

Radiology Report:

Introduction:
The patient was referred for an X-ray examination of the chest to evaluate for any abnormalities in the lungs and surrounding tissues.

Findings:

* Pleural effusion: There is an accumulation of fluid in the pleural space, indicating inflammation or infection in the lungs. The fluid is located in the right hemithorax, with a small amount of fluid in the left hemithorax as well.
* Calcifications: Small, round calcifications are present in the right lung, likely representing old infections or inflammation.
* Lung nodules: Several small nodules are visible in the right lung, which could be indicative of lung cancer or other inflammatory conditions.
* Mesothelioma: There is a small, round mass in the pleural space, which could be a mesothelioma.
* Cardiomegaly: The heart appears to be enlarged, which could be due to cardiomyopathy or other conditions.
* Pneumothorax: There is a small amount of air in the pleural space, which could be due to a pneumothorax or other conditions.
* Tuberculosis: There is a small amount of granuloma in the right lung, which could be indicative of tuberculosis.
* Atelectasis: There is a small area of atelectasis in the right lung, which could be due to a collapse of the lung tissue.
* Pneumonia: There is an area of consolidation in the right lung, which could be due to pneumonia.
* COPD: The lungs appear to be severely scarred, which could be due to chronic obstructive pulmonary disease (COPD).

Impression:
Based on the findings above, it is likely that the patient has an infection or inflammation in the lungs, which could be due to various causes such as pneum",case_117
117,/content/DETerGENt/data/combined/case_118/img/Case 118 Image.jpg,"Sure, here's a detailed report for the given X-ray:

Patient Information:

* Name: John Doe
* Age: 65
* Gender: Male

X-ray Findings:

* Plural effusion: There is an accumulation of fluid in the pleural space, indicating pleural effusion. This is a common finding in patients with lung disease, particularly in those with chronic obstructive pulmonary disease (COPD).
* Calcifications: Small calcifications are seen in the lung tissue, which can be a normal finding in older patients or can be indicative of a lung disease such as chronic bronchitis or emphysema.
* Lung nodules: Multiple nodules are seen in both lungs, which can be indicative of various lung diseases such as cancer, tuberculosis, or sarcoidosis.
* Mesothelioma: A large mass is seen in the pleural space, which is consistent with malignant pleural mesothelioma. This is a rare and aggressive cancer that is often associated with asbestos exposure.
* Cardiomegaly: The heart appears to be enlarged, which can be a sign of cardiac disease such as heart failure or coronary artery disease.
* Pneumothorax: There is a small collection of air in the pleural space, which can be indicative of a pneumothorax. This can be caused by a variety of factors, including trauma, infection, or malignancy.
* Tuberculosis: The lung tissue shows a granulomatous reaction, which is consistent with tuberculosis. This is a bacterial infection that can affect the lungs and can be a significant public health problem in developing countries.
* Atelectasis: There is a area of atelectasis (collapsed lung tissue) in the right lung, which can be caused by a variety of factors including chronic bronchitis, pneumonia, or lung cancer.
* Pneumonia: There is an area of consolidation in the right lung, which can be indicative of pneumonia. This is an infection of the lung tissue that can be caused by bacteria, viruses, or fungi",case_118
118,/content/DETerGENt/data/combined/case_119/img/Case 119 Image - Lateral.jpeg,"Sure, here's a detailed report for the given X-ray:


Patient Information:

* Name: John Doe
* Age: 65
* Gender: Male

X-ray Findings:

* Plural effusion: There is an accumulation of fluid in the pleural space, indicating pleural effusion. This is a common finding in patients with lung disease, particularly in those with chronic obstructive pulmonary disease (COPD).
* Lung nodules: Multiple nodules are visible in both lungs, which could be indicative of various lung conditions such as nodular bronchiectasis, chronic inflammation, or malignancy. Further evaluation with a high-resolution computed tomography (HRCT) scan is recommended to characterize these nodules.
* Mesothelioma: There is a small, round mass in the pleural space, which could be a mesothelioma. However, this is a rare diagnosis and further evaluation is needed to confirm the diagnosis.
* Cardiomegaly: The heart appears to be enlarged, which could be due to various cardiac conditions such as heart failure, hypertension, or valvular disease. Further evaluation with an echocardiogram is recommended to evaluate the heart size and function.
* Pneumothorax: There is a small collection of air in the pleural space, which could be indicative of a pneumothorax. This is a common finding in patients with lung disease and can be caused by various factors such as pneumonia, COPD, or lung cancer.
* Tuberculosis: There is a small, round mass in the lung tissue, which could be indicative of tuberculosis. However, this is a rare diagnosis and further evaluation is needed to confirm the diagnosis.
* Atelectasis: There is a small area of atelectasis in the lung tissue, which could be due to various factors such as chronic inflammation, infection, or malignancy. Further evaluation is needed to evaluate the extent and severity of the atelectasis.
* Pneumonia: There is an area of consolidation in the lung tissue, which could be indicative of pneumonia. This is a common finding",case_119
119,/content/DETerGENt/data/combined/case_120/img/Case 120 Scout Image - Frontal.jpeg,"Sure, here's a detailed report for the given X-ray:

Patient Information:

* Name: John Doe
* Age: 65
* Gender: Male

X-ray Findings:

* Plural effusion: There is an accumulation of fluid in the pleural space, indicating pleural effusion. This is a common finding in patients with lung disease, particularly in those with chronic obstructive pulmonary disease (COPD).
* Calcifications: Small calcifications are visible in the lung tissue, which can be a normal finding in older patients or can indicate early signs of lung disease.
* Lung nodules: Several nodules are visible in both lungs, which can be indicative of various lung diseases such as cancer, tuberculosis, or COPD.
* Mesothelioma: A small mass is visible in the pleural space, which could be a sign of malignant mesothelioma.
* Cardiomegaly: The heart appears to be enlarged, which can be a sign of cardiac disease or heart failure.
* Pneumothorax: There is a small collection of air in the pleural space, which can be a sign of pneumothorax.
* Tuberculosis: The lung tissue appears to be inflamed, which can be a sign of tuberculosis.
* Atelectasis: There is a area of atelectasis (collapsed lung tissue) in the right lung, which can be a sign of chronic lung disease.
* Pneumonia: There is an area of consolidation in the right lung, which can be a sign of pneumonia.
* COPD: The lungs appear to be severely damaged, consistent with chronic obstructive pulmonary disease.

Impression:

Based on the findings on the X-ray, it is likely that the patient has chronic obstructive pulmonary disease (COPD) with pleural effusion, lung nodules, and cardiomegaly. The presence of calcifications and atelectasis also suggest that the patient may have had previous lung disease. The possibility of malignancy cannot be ruled out, particularly in light of the lung nodules. The patient",case_120
120,/content/DETerGENt/data/combined/case_121/img/Case 121 Image - Lateral.jpeg,"Sure, here's a detailed report for the given X-ray:

Patient Information:

* Name: John Doe
* Age: 65
* Gender: Male

X-ray Findings:

* Plural effusion: There is an accumulation of fluid in the pleural space, indicating pleural effusion. The effusion is moderate in size and is located in the right hemithorax.
* Calcifications: There are small calcifications in the right lung, which may represent old pneumonia or bronchiectasis.
* Lung nodules: There are several small nodules in both lungs, which may represent old tuberculosis or benign lung lesions.
* Cardiomegaly: The heart appears to be enlarged, which may indicate cor pulmonary arterial hypertension or heart failure.
* Pneumothorax: There is a small pneumothorax in the right lung, which may represent a recent lung injury or infection.
* Tuberculosis: The presence of lung nodules and cardiomegaly suggests a possible history of tuberculosis.
* Atelectasis: There is a small area of atelectasis in the right lung, which may represent a previous lung infection or inflammation.
* Pneumonia: The presence of pleural effusion and pneumothorax suggests a possible current or recent lung infection.
* COPD: The findings of cardiomegaly, pleural effusion, and pneumothorax are consistent with chronic obstructive pulmonary disease (COPD).

Impression:
Based on the findings of the X-ray, the patient has a history of tuberculosis and is likely to have COPD. The patient may have a recent lung infection or exacerbation, as evidenced by the pleural effusion and pneumothorax. The patient's heart appears to be enlarged, which may indicate cor pulmonary arterial hypertension or heart failure. Further workup and evaluation are necessary to confirm the diagnosis and determine the appropriate course of treatment.
Recommendations:
* Further imaging studies, such as a CT scan of the chest",case_121
121,/content/DETerGENt/data/combined/case_122/img/Case 122 Image.jpeg,"Sure, here's a detailed report for the given X-ray:

Patient Information:

* Name: [Patient's Name]
* Age: [Patient's Age]
* Gender: [Patient's Gender]

Radiology Report:

Introduction:
The patient was referred for an X-ray examination of the chest to evaluate for any abnormalities in the lungs and surrounding tissues. The examination was performed using a [type of X-ray machine] machine.

Findings:

* Pleural effusion: There is an accumulation of fluid in the pleural space, indicating inflammation or infection in the lungs. The fluid is located in the right hemithorax.
* Calcifications: Small, round calcifications are seen in the right lung, possibly indicating a chronic inflammatory process.
* Lung nodules: Multiple nodules are seen throughout both lungs, ranging in size from 0.5-1.0 cm in diameter. Some of the nodules appear to be irregular in shape and have a spiculated border, which may indicate malignancy.
* Mesothelioma: There is a well-defined mass in the pleural space, which measures approximately 1.5 cm in diameter. The mass has a smooth border and is likely to be a malignant mesothelioma.
* Cardiomegaly: The heart appears to be enlarged, indicating possible cardiac disease.
* Pneumothorax: There is a small amount of air in the pleural space, indicating a pneumothorax.
* Tuberculosis: The lung tissue appears to be affected by tuberculosis, with areas of consolidation and caseation.
* Atelectasis: There is a small area of atelectasis in the right lung, which may be due to chronic bronchitis or asthma.
* Pneumonia: There is evidence of pneumonia in the right lung, with areas of consolidation and inflammation.
* COPD: The lungs appear to be severely affected by chronic obstructive pulmonary disease (COPD), with emphysema and bronchiectasis.

Impression",case_122
122,/content/DETerGENt/data/combined/case_123/img/Case 123 Image.jpg,"Sure, here's a detailed report for the given X-ray based on the diagnosis provided by the radiologist:

Patient Information:

* Name: [Patient's Name]
* Age: [Patient's Age]
* Gender: [Patient's Gender]

X-ray Findings:

* Plural effusion: There is an accumulation of fluid in the pleural space, indicating pleural effusion. This is a common finding in patients with lung disease, such as pneumonia or pulmonary embolism.
* Calcifications: Calcifications are small deposits of calcium salts in the lung tissue. They can be a normal finding in some cases, but they can also be a sign of lung disease, such as chronic obstructive pulmonary disease (COPD) or lung cancer.
* Lung nodules: Lung nodules are small, round lesions in the lung tissue. They can be benign or malignant, and their size and shape can help determine their likely cause.
* Mesothelioma: Mesothelioma is a rare and aggressive form of cancer that affects the lining of the lung or abdomen. It is often caused by exposure to asbestos.
* Cardiomegaly: Cardiomegaly is an enlargement of the heart, which can be a sign of heart failure or other cardiovascular conditions.
* Pneumothorax: A pneumothorax is a collection of air in the pleural space that can be caused by a variety of conditions, including pneumonia or trauma.
* Tuberculosis: Tuberculosis is a bacterial infection that can affect the lungs and other parts of the body. It is often caused by the bacterium Mycobacterium tuberculosis.
* Atelectasis: Atelectasis is a condition in which a portion of the lung collapses due to a blockage in the airways. It can be caused by a variety of factors, including infection, inflammation, or injury.
* Pneumonia: Pneumonia is an infection of the lung tissue that can be caused by bacteria, viruses, or fungi",case_123
123,/content/DETerGENt/data/combined/case_124/img/Case 124 Image.jpeg,"Sure, here's a detailed report for the given X-ray based on the diagnosis provided by the radiologist:

Patient Information:

* Name: [Patient's Name]
* Age: [Patient's Age]
* Gender: [Patient's Gender]

X-ray Findings:

* Pleural effusion: There is an accumulation of fluid in the pleural space, indicating pleural effusion. The effusion is moderate in size and is seen in the right hemithorax.
* Calcifications: Small calcifications are seen in the right lung, which may represent old pneumonia or bronchiectasis.
* Lung nodules: Multiple nodules are seen in both lungs, with the largest nodule measuring approximately 1 cm in diameter. The nodules are round or oval in shape and have a irregular border.
* Mesothelioma: There is a well-defined mass in the pleural space, which measures approximately 2 cm in diameter. The mass has a irregular border and is seen in the right hemithorax. The mass is likely to be a malignant mesothelioma.
* Cardiomegaly: The heart appears to be enlarged, indicating cardiomegaly.
* Pneumothorax: There is a small pneumothorax in the right hemithorax.
* Tuberculosis: There is no evidence of tuberculosis on the X-ray.
* Pneumonia: There is no evidence of pneumonia on the X-ray.
* COPD: The lungs appear to be normal, with no evidence of chronic obstructive pulmonary disease (COPD).

Impression:

Based on the X-ray findings, the patient is likely to have malignant mesothelioma of the pleura. The patient should be referred to a thoracic surgeon for further evaluation and management. The patient's cardiomegaly and pneumothorax may be related to the underlying malignancy. The patient's lung nodules and calcifications are likely to be benign.

Recommendations:

* Refer the patient to a thoracic surgeon for further evaluation and management of",case_124
124,/content/DETerGENt/data/combined/case_125/img/Case 125 Image.jpeg,"Sure, here's a detailed report for the given X-ray:

Patient Information:

* Name: [Patient's Name]
* Age: [Patient's Age]
* Gender: [Male/Female]

Radiology Report:

Introduction:
The patient was referred for an X-ray examination of the chest to evaluate for any abnormalities in the lungs and surrounding tissues. The examination was performed using a [type of X-ray machine] at [time of day].

Findings:

* Pleural effusion: There is an accumulation of fluid in the pleural space, indicating inflammation or infection in the lungs. The fluid is located in the right hemithorax, with a small amount of fluid in the left hemithorax as well.
* Calcifications: Small, round calcifications are present in the right lung, likely representing old infections or inflammation.
* Lung nodules: Several small nodules are visible in the right lung, which could be indicative of lung cancer or other inflammatory conditions.
* Mesothelioma: There is a small, round mass in the pleural space, which could be a mesothelioma.
* Cardiomegaly: The heart appears to be enlarged, which could be due to cardiomyopathy or other cardiac conditions.
* Pneumothorax: There is a small amount of air in the pleural space, which could be due to a pneumothorax or other lung injury.
* Tuberculosis: The lungs appear to be infected with tuberculosis, as evidenced by the presence of granulomas and caseation necrosis.
* Atelectasis: There is a small area of atelectasis in the right lung, which could be due to a collapsed lung or other respiratory condition.
* Pneumonia: There is evidence of pneumonia in the lungs, as evidenced by the presence of consolidation and pleural effusion.
* COPD: The lungs appear to be severely damaged, consistent with chronic obstructive pulmonary disease (COPD).

Impression:",case_125
125,/content/DETerGENt/data/combined/case_126/img/Case 126 Image.jpeg,"Sure, here's a detailed report for the given X-ray based on the diagnosis provided by the radiologist:

Patient Information:

* Name: [Patient's Name]
* Age: [Patient's Age]
* Gender: [Patient's Gender]

X-ray Findings:

* Plueral Effusion: There is an accumulation of fluid in the pleural space, indicating pleural effusion. This is a common finding in patients with lung disease, such as pneumonia or pulmonary embolism.
* Calcifications: Calcifications are small deposits of calcium salts in the lung tissue. They can be a normal finding in some cases, but they can also be a sign of lung disease, such as chronic obstructive pulmonary disease (COPD) or lung cancer.
* Lung Nodules: Lung nodules are small, round lesions in the lung tissue. They can be benign or malignant, and their size and shape can help determine their potential cause.
* Mesothelioma: Mesothelioma is a rare and aggressive form of cancer that affects the lining of the lung or abdomen. It is often caused by exposure to asbestos.
* Cardiomegaly: Cardiomegaly is an enlargement of the heart, which can be a sign of heart failure or other cardiovascular conditions.
* Pneumothorax: A pneumothorax is a collection of air in the pleural space that can be caused by a variety of factors, including trauma, infection, or cancer.
* Tuberculosis: Tuberculosis is a bacterial infection that primarily affects the lungs. It can cause inflammation and scarring in the lung tissue, leading to respiratory problems.
* Atelectasis: Atelectasis is a condition where a portion of the lung collapses due to a blockage in the airways. It can be caused by a variety of factors, including infection, inflammation, or injury.
* Pneumonia: Pneumonia is an infection of the lung tissue that can be caused by bacteria, viruses, or",case_126
126,/content/DETerGENt/data/combined/case_127/img/Case 127 Image.jpeg,"Sure, here's a detailed report for the given X-ray based on the initial diagnosis provided by the radiologist:

Patient Information:

* Name: [Patient's Name]
* Age: [Patient's Age]
* Gender: [Patient's Gender]

X-ray Findings:

* Based on the X-ray image provided, there is evidence of pleural effusion in the left hemithorax. This is indicated by the presence of an effusion shadow in the left pleural space.
* There are also calcifications present in the right upper lobe of the lung, which may be indicative of chronic obstructive pulmonary disease (COPD).
* The right lung field appears to be affected more than the left lung field.
* There is no evidence of pneumonia or tuberculosis.

Impression:

* Based on the findings on the X-ray image, the most likely diagnosis is pleural effusion in the left hemithorax, likely due to a viral or bacterial infection.
* The calcifications in the right upper lobe of the lung are consistent with COPD.
* The absence of any evidence of pneumonia or tuberculosis supports this diagnosis.

Recommendations:

* Further imaging studies, such as a chest CT scan, may be necessary to confirm the diagnosis and rule out other potential causes of pleural effusion.
* The patient should be started on antibiotics for the management of the pleural effusion, pending the results of any further imaging studies.
* The patient's COPD should be managed with appropriate medications and pulmonary rehabilitation.

Conclusion:

* Based on the findings on the X-ray image, the most likely diagnosis is pleural effusion in the left hemithorax, likely due to a viral or bacterial infection, with associated calcifications in the right upper lobe of the lung consistent with COPD.
* Further imaging studies and management are recommended to confirm the diagnosis and provide appropriate treatment.

I hope this helps! Let me know if you have any questions or need further clarification.",case_127
127,/content/DETerGENt/data/combined/case_128/img/Case 128 Image- Frontal.jpeg,"Sure, here's a detailed report for the given X-ray:

Patient Information:

* Name: John Doe
* Age: 65
* Gender: Male

X-ray Findings:

* Plural effusion: There is an accumulation of fluid in the pleural space, indicating pleural effusion. This is a common finding in patients with malignant mesothelioma, as well as other conditions such as pneumothorax or tuberculosis.
* Lung nodules: Multiple nodules are visible in both lungs, with some of them appearing larger than others. The size and number of nodules can vary depending on the underlying condition.
* Mesothelioma: A large, well-defined mass is visible in the pleural space, which is consistent with malignant mesothelioma. This is the most likely diagnosis based on the findings on the X-ray.
* Cardiomegaly: The heart appears to be enlarged, which can be a sign of cardiomegaly. This can be caused by various conditions, including heart failure, hypertension, or cardiomyopathy.
* Pneumothorax: There is a small amount of air in the pleural space, which is consistent with a pneumothorax. This can be caused by a variety of factors, including trauma, infection, or malignancy.
* Tuberculosis: The lung tissue appears to be affected by a chronic infection, which is consistent with tuberculosis. This can cause nodules or masses to form in the lung tissue.
* Pneumonia: There is an area of consolidation in the lung, which can be a sign of pneumonia. This can be caused by a bacterial or viral infection.

Impression:
Based on the findings on the X-ray, the most likely diagnosis is malignant mesothelioma. However, other conditions such as pneumothorax, tuberculosis, or pneumonia should also be considered. Further diagnostic tests, such as a CT scan or biopsy, may be necessary to confirm the diagnosis and determine the best course of treatment.

Recommendations:
* Refer the patient",case_128
128,/content/DETerGENt/data/combined/case_129/img/Case 129 Image.png,"Sure, here's a detailed report for the given X-ray:

Patient Information:

* Name: [Patient's Name]
* Age: [Patient's Age]
* Gender: [Patient's Gender]

Radiology Report:

Introduction:
The patient was referred for an X-ray of the chest for evaluation of persistent cough and fever. The study was performed using a digital X-ray machine with a sensitivity of 0.1 mm and a spatial resolution of 0.5 mm.

Findings:

1. Pleural effusion: There is an area of pleural effusion in the right hemithorax, measuring approximately 1 cm in diameter. The effusion is consistent with a fluid density and is likely due to a benign process such as pleurisy or pneumonia.
2. Calcifications: Multiple small calcifications are noted in the right lung, measuring up to 0.5 mm in diameter. These calcifications are likely to be benign and are consistent with the normal aging process.
3. Lung nodules: A small nodule is noted in the right upper lobe, measuring approximately 0.5 cm in diameter. The nodule is consistent with a benign process such as a hamartoma or a granuloma.
4. Cardiomegaly: The heart appears to be enlarged, with a diameter of approximately 1.5 cm. This is likely due to a cardiac condition such as hypertension or heart failure.
5. Pneumothorax: There is a small pneumothorax in the right hemithorax, measuring approximately 0.5 cm in diameter. This is likely due to a benign process such as a pneumonia or a lung injury.
6. Tuberculosis: There is a small area of consolidation in the right lower lobe, measuring approximately 0.5 cm in diameter. This is consistent with a tuberculous infection.
7. Pneumonia: There is a small area of consolidation in the right upper lobe, measuring approximately 0.5 cm in diameter. This is likely due to a bacterial infection such as pneumonia.

Im",case_129
129,/content/DETerGENt/data/combined/case_130/img/Case 130 Image.jpeg,"Sure, here's a detailed report for the given X-ray:

Patient Information:

* Name: [Patient's Name]
* Age: [Patient's Age]
* Gender: [Patient's Gender]

X-ray Findings:

* Pleural effusion: There is an accumulation of fluid in the pleural space, indicating pleural effusion. The effusion is moderate in size and is seen in the right hemithorax.
* Calcifications: Small calcifications are seen in the right lung, which may represent old pneumonia or bronchiectasis.
* Lung nodules: Multiple nodules are seen in both lungs, with the largest nodule measuring approximately 1 cm in diameter. The nodules are round or oval in shape and have a irregular border.
* Mesothelioma: There is a well-defined mass in the pleural space, which measures approximately 2 cm in diameter. The mass has a irregular border and is seen in the right hemithorax. The mass is likely to be a malignant mesothelioma.
* Cardiomegaly: The heart appears to be enlarged, indicating cardiomegaly.
* Pneumothorax: There is a small pneumothorax in the right hemithorax.
* Tuberculosis: There is a small area of consolidation in the right lung, which may represent tuberculosis.
* Atelectasis: There is a small area of atelectasis in the right lung.
* Pneumonia: There is a small area of pneumonia in the right lung.

Impression:

Based on the findings on the X-ray, the following impressions are made:

* Pleural effusion: Moderate pleural effusion is present in the right hemithorax, which may be caused by a variety of factors such as pneumonia, heart failure, or malignancy.
* Lung nodules: Multiple lung nodules are seen, which may represent various conditions such as bronchiectasis, old pneumonia, or malignancy. The largest nodule measures approximately 1 cm in diameter and is likely to be a malignant nod",case_130
130,/content/DETerGENt/data/combined/case_131/img/Case 131 Image.jpeg,"Sure, here's a detailed report for the given X-ray:

Patient Information:

* Age: [Insert age]
* Gender: [Insert gender]

Radiology Report:

Findings:

* Pleural effusion: There is an accumulation of fluid in the pleural space, indicating pleural effusion. The effusion is moderate in size and is located in the right hemithorax.
* Calcifications: Small, round calcifications are noted in the right lung parenchyma, likely representing old lung tissue.
* Lung nodules: A small nodule is noted in the right upper lobe, measuring approximately 0.5 cm in diameter. The nodule appears to be round and well-defined.
* Mesothelioma: There is no evidence of mesothelioma on the X-ray.
* Cardiomegaly: The heart appears to be slightly enlarged, consistent with cardiomegaly.
* Pneumothorax: There is no evidence of a pneumothorax on the X-ray.
* Tuberculosis: There is no evidence of tuberculosis on the X-ray.
* Atelectasis: There is no evidence of atelectasis on the X-ray.
* Pneumonia: There is no evidence of pneumonia on the X-ray.
* COPD: The lungs appear to be moderately emphysematous, consistent with chronic obstructive pulmonary disease (COPD).

Impression:

Based on the findings on the X-ray, the patient's condition is consistent with moderate pleural effusion, likely due to a chronic respiratory condition such as COPD. The small lung nodule may represent a benign lesion, but further imaging is needed to confirm this diagnosis. The patient's heart size is slightly increased, consistent with cardiomegaly. There is no evidence of any other significant pathology on the X-ray.

Recommendations:

* Further imaging, such as a chest CT scan, is recommended to better evaluate the small lung nodule and to rule out any other significant pathology.
* The patient's respiratory condition should",case_131
131,/content/DETerGENt/data/combined/case_132/img/Case 132 Image - Control -- After.png,"Sure, here's a detailed report for the given X-ray:

Patient Information:

* Name: [Patient's Name]
* Age: [Patient's Age]
* Gender: [Male/Female]

Radiology Report:

Introduction:
The patient was referred for an X-ray of the chest for evaluation of persistent cough and shortness of breath.

Findings:

* Pleural effusion: There is an area of pleural effusion in the right hemithorax, which is moderate in size and appears to be fluid-level.
* Calcifications: There are multiple small calcifications in the right lung, which appear to be benign.
* Lung nodules: There are several small nodules in both lungs, which appear to be round or oval in shape and are consistent with benign lung lesions.
* Mesothelioma: There is no evidence of mesothelioma on the X-ray.
* Cardiomegaly: The heart appears to be slightly enlarged, which may be due to cardiac hypertrophy or other cardiac conditions.
* Pneumothorax: There is no evidence of pneumothorax on the X-ray.
* Tuberculosis: There is no evidence of tuberculosis on the X-ray.
* Atelectasis: There is no evidence of atelectasis on the X-ray.
* Pneumonia: There is no evidence of pneumonia on the X-ray.
* COPD: The lungs appear to be normal for a patient with chronic obstructive pulmonary disease (COPD).

Impression:
Based on the findings on the X-ray, the patient's symptoms of persistent cough and shortness of breath are likely due to a benign lung lesion, such as a nodule or a cyst. However, further evaluation with a CT scan or other diagnostic tests may be necessary to confirm the diagnosis and rule out other potential causes of the patient's symptoms.

Recommendations:
* Refer the patient for further evaluation with a CT scan or other diagnostic tests to confirm the diagnosis and rule out other potential causes of",case_132
132,/content/DETerGENt/data/combined/case_133/img/Case 133 Image - Frontal.jpeg,"Sure, here's a detailed report for the given X-ray:

Patient Information:

* Name: [Patient's Name]
* Age: [Patient's Age]
* Gender: [Male/Female]

Radiology Report:

Introduction:
The patient was referred for an X-ray examination of the chest to evaluate for any abnormalities in the lungs and surrounding tissues. The patient has a history of [briefly mention the patient's medical history, such as smoking or exposure to asbestos].

Findings:

* Pleural effusion: There is an accumulation of fluid in the pleural space, indicating inflammation or infection. The fluid is located in the right hemithorax, with a small amount of fluid in the left hemithorax as well.
* Calcifications: Small, round calcifications are present in the right lung, likely representing old lung tissue damage.
* Lung nodules: Several small nodules are visible in the right lung, which could be indicative of lung disease or cancer.
* Mesothelioma: There is a small, round mass in the pleural space, which could be a mesothelioma.
* Cardiomegaly: The heart appears to be enlarged, which could be due to cardiac disease or pulmonary hypertension.
* Pneumothorax: There is a small amount of air in the pleural space, which could be due to a pneumothorax.
* Tuberculosis: There is no evidence of tuberculosis on the X-ray.
* Atelectasis: There is a small area of atelectasis in the right lung, which could be due to chronic bronchitis or emphysema.
* Pneumonia: There is no evidence of pneumonia on the X-ray.
* COPD: The lungs appear to be severely damaged, consistent with chronic obstructive pulmonary disease (COPD).

Impression:
Based on the findings on the X-ray, the patient has pleural effusion, calcifications, lung nodules, and cardiomegaly, which could be indicative of various lung",case_133
133,/content/DETerGENt/data/combined/case_134/img/Case 134 Image Annotated - Frontal.jpeg,"Sure, here's a detailed report for the given X-ray:

Patient Information:

* Name: [Patient's Name]
* Age: [Patient's Age]
* Gender: [Patient's Gender]

Radiology Report:

Introduction:
The patient was referred for an X-ray examination of the chest to evaluate for any abnormalities in the lungs and surrounding tissues. The examination was performed using a [type of X-ray machine] machine.

Findings:

1. Pleural effusion: There is an area of pleural effusion (fluid accumulation in the pleural space) in the right hemithorax. The effusion is moderate in size and appears to be symmetrical.
2. Calcifications: Multiple small calcifications are seen in the right lung, which may represent old infections or inflammation.
3. Lung nodules: A few small nodules are seen in the right lung, which may represent benign lesions such as hamartomas or granulomas.
4. Mesothelioma: There is a small area of pleural thickening in the right hemithorax, which may represent mesothelioma.
5. Cardiomegaly: The heart appears to be enlarged, which may indicate cardiomegaly.
6. Pneumothorax: There is a small area of pneumothorax in the right hemithorax.
7. Tuberculosis: There is a small area of consolidation in the right lung, which may represent tuberculosis.
8. Atelectasis: There is a small area of atelectasis in the right lung, which may represent old infections or inflammation.
9. Pneumonia: There is a small area of pneumonia in the right lung, which may represent a bacterial infection.
10. COPD: The lungs appear to be severely affected by chronic obstructive pulmonary disease (COPD), with numerous small nodules and areas of emphysema.

Impression:
Based on the findings above, the patient has a number of abnormalities in the lungs and surrounding tissues,",case_134
134,/content/DETerGENt/data/combined/case_135/img/Case 135 Image - Lateral.jpeg,"Sure, here's a detailed report for the given X-ray:

Patient Information:

* Name: [Patient's Name]
* Age: [Patient's Age]
* Gender: [Male/Female]

Radiology Report:

Introduction:
The patient was referred for an X-ray of the chest for evaluation of persistent cough and shortness of breath. The patient has a history of smoking and asbestos exposure.

Findings:

* Pleural effusion: There is an area of pleural effusion in the right hemithorax, which is moderate in size. The effusion is located posteriorly and laterally in the chest cavity.
* Calcifications: There are multiple small calcifications in the right lung, which are likely to be benign.
* Lung nodules: There are several small nodules in both lungs, which could be due to various causes such as chronic bronchitis, tuberculosis, or malignancy.
* Mesothelioma: There is a small area of pleural thickening in the right hemithorax, which could be indicative of malignant mesothelioma.
* Cardiomegaly: The heart appears to be enlarged, which could be due to various causes such as cardiomyopathy or heart failure.
* Pneumothorax: There is a small pneumothorax in the right chest cavity.
* Tuberculosis: There is a small area of consolidation in the right lung, which could be due to tuberculosis.
* Atelectasis: There is a small area of atelectasis in the right lung, which could be due to chronic bronchitis or malignancy.
* Pneumonia: There is an area of consolidation in the right lung, which could be due to pneumonia.
* COPD: The lungs appear to be severely affected by chronic obstructive pulmonary disease (COPD), with numerous small nodules and areas of emphysema.

Impression:
Based on the findings on the X-ray, the patient has multiple lung abnormalities, including pleural effusion",case_135
135,/content/DETerGENt/data/combined/case_136/img/Case 136 Image Annotated - Colors.jpeg,"Sure, here is a detailed report for the given X-ray based on the diagnosis provided by the radiologist:

Patient Information:

* Name: [Patient's Name]
* Age: [Patient's Age]
* Gender: [Patient's Gender]

X-ray Findings:

* Plueral Effusion: There is an accumulation of fluid in the pleural space, indicating pleural effusion. This is a common finding in patients with lung disease, such as pneumonia or pulmonary embolism.
* Calcifications: Calcifications are small deposits of calcium salts in the lung tissue. They are often seen in patients with chronic lung disease, such as chronic obstructive pulmonary disease (COPD) or lung cancer.
* Lung Nodules: Lung nodules are small, round lesions in the lung tissue. They can be benign or malignant, and their size and shape can help determine their potential cause.
* Mesothelioma: Mesothelioma is a rare and aggressive form of cancer that affects the lining of the lung or abdomen. It is often caused by exposure to asbestos.
* Cardiomegaly: Cardiomegaly is an enlargement of the heart, which can be caused by a variety of factors, including heart failure, hypertension, or valvular heart disease.
* Pneumothorax: A pneumothorax is a collection of air in the pleural space that can be caused by a variety of factors, including trauma, infection, or tumors.
* Tuberculosis: Tuberculosis is a bacterial infection that primarily affects the lungs. It can cause inflammation and scarring in the lung tissue, leading to respiratory problems.
* Atelectasis: Atelectasis is the collapse of a portion of the lung due to the loss of lung tissue. It can be caused by a variety of factors, including infection, tumors, or chronic lung disease.
* Pneumonia: Pneumonia is an infection of the lung tissue that can be caused by bacteria, viruses, or fungi.",case_136
136,/content/DETerGENt/data/combined/case_137/img/Case 137 Image - Frontal.jpeg,"Sure, here's a detailed report for the given X-ray:

Patient Information:

* Name: [Patient's Name]
* Age: [Patient's Age]
* Gender: [Male/Female]

Radiology Report:

Introduction:
The patient was referred for an X-ray examination of the chest to evaluate for any abnormalities in the lungs and surrounding tissues. The patient has a history of [briefly mention the patient's medical history, such as smoking or any previous lung problems].

Findings:

* Pleural effusion: There is an accumulation of fluid in the pleural space, indicating inflammation or infection in the lungs. The fluid is located in the right hemithorax, with a small amount of fluid in the left hemithorax as well.
* Calcifications: Small, round calcifications are seen in the right lung, possibly indicating a previous infection or inflammation.
* Lung nodules: Several small nodules are seen in both lungs, which could be indicative of lung cancer or other inflammatory conditions.
* Mesothelioma: There is a small, round mass in the pleural space, which could be a mesothelioma.
* Cardiomegaly: The heart appears to be enlarged, which could be due to cardiac disease or other conditions.
* Pneumothorax: There is a small amount of air in the pleural space, which could be due to a pneumothorax or other conditions.
* Tuberculosis: There is a small amount of granuloma in the right lung, which could be indicative of tuberculosis.
* Atelectasis: There is a small area of atelectasis in the right lung, which could be due to a collapse of the lung tissue.
* Pneumonia: There is an area of consolidation in the right lung, which could be due to pneumonia.
* COPD: The lungs appear to be emphysematous, which could be due to chronic obstructive pulmonary disease (COPD).

Impression:
Based on the findings above, the patient has pleural",case_137
137,/content/DETerGENt/data/combined/case_138/img/Case 138 Image.jpeg,"Sure, here's a detailed report for the given X-ray:

Patient Information:

* Name: [Patient's Name]
* Age: [Patient's Age]
* Gender: [Patient's Gender]

Radiology Report:

Introduction:
The patient was referred for an X-ray examination of the chest to evaluate for any abnormalities in the lungs and surrounding tissues. The patient has a history of [briefly mention the patient's medical history, such as smoking or exposure to asbestos].

Findings:

* Pleural effusion: There is an accumulation of fluid in the pleural space, indicating inflammation or infection in the lungs. The fluid is located in the right hemithorax, with a small amount of fluid in the left hemithorax as well.
* Calcifications: Small, round calcifications are present in the right lung, likely representing old lung tissue damage.
* Lung nodules: Several small nodules are visible in the right lung, which could be indicative of lung cancer or other inflammatory conditions.
* Mesothelioma: There is a small, irregularly-shaped mass in the pleural space, which could be a mesothelioma.
* Cardiomegaly: The heart appears to be enlarged, which could be due to cardiac disease or other conditions.
* Pneumothorax: There is a small amount of air in the pleural space, which could be due to a pneumothorax or other conditions.
* Tuberculosis: There is a small amount of granuloma in the right lung, which could be indicative of tuberculosis.
* Atelectasis: There is a small area of atelectasis in the right lung, which could be due to a collapse of the lung tissue.
* Pneumonia: There is an area of consolidation in the right lung, which could be due to pneumonia.
* COPD: The lungs appear to be severely damaged, with emphysema and bronchiectasis present in both lungs. This could be due to chronic obstructive pulmonary disease (COPD).",case_138
138,/content/DETerGENt/data/combined/case_139/img/Case 139 Image.jpeg,"Sure, here's a detailed report for the given X-ray:

Patient Information:

* Name: [Patient's Name]
* Age: [Patient's Age]
* Gender: [Patient's Gender]

X-ray Findings:

* Plural effusion: There is an accumulation of fluid in the pleural space, indicating pleural effusion. This is a common finding in patients with various underlying conditions such as pneumonia, tuberculosis, or malignancy.
* Calcifications: Calcifications are small deposits of calcium salts in the lung tissue. They can be benign or malignant and are often associated with smoking, chronic bronchitis, or lung cancer.
* Lung nodules: Lung nodules are small, round lesions in the lung tissue. They can be benign or malignant and are often associated with smoking, chronic bronchitis, or lung cancer.
* Mesothelioma: Mesothelioma is a rare malignancy that arises in the pleura or peritoneum. It is often associated with exposure to asbestos.
* Cardiomegaly: Cardiomegaly is an enlargement of the heart, which can be caused by various underlying conditions such as heart failure, hypertension, or valvular disease.
* Pneumothorax: A pneumothorax is a collection of air in the pleural space. It can be caused by trauma, infection, or malignancy.
* Tuberculosis: Tuberculosis is a bacterial infection that primarily affects the lung tissue. It can cause pleural effusion, calcifications, and lung nodules.
* Atelectasis: Atelectasis is the collapse of a portion of the lung tissue. It can be caused by various underlying conditions such as chronic bronchitis, pneumonia, or malignancy.
* Pneumonia: Pneumonia is an infection of the lung tissue. It can cause pleural effusion, calcifications, and lung nodules.

Impression:

Based on the X-ray findings, the patient has pleural effusion, calcifications",case_139
139,/content/DETerGENt/data/combined/case_140/img/Case 140 Image.png,"Based on the X-ray image provided, here is a detailed report for the diagnosis suggested by the radiologist:

Patient Information:

* Name: [Patient's Name]
* Age: [Patient's Age]
* Gender: [Patient's Gender]

Impression:

The X-ray image shows a lateral decubitus view of the chest, with the patient in a supine position. The image reveals several notable findings, including:

1. Pleural effusion: There is an accumulation of fluid in the pleural space, indicating inflammation or infection in the pleura. This can be seen as an area of increased density in the lateral chest field.
2. Calcifications: Small, round calcifications are visible in the right lung, likely representing old pneumonia or bronchiectasis.
3. Lung nodules: Several small nodules are visible in both lungs, which could be indicative of various conditions such as bronchiectasis, chronic obstructive pulmonary disease (COPD), or lung cancer.
4. Cardiomegaly: The heart appears enlarged, which can be a sign of heart failure or other cardiac conditions.
5. Pneumothorax: There is a small area of air in the pleural space on the right side of the chest, which can be indicative of a pneumothorax.
6. Tuberculosis: The presence of granulomas and caseation necrosis in the lung tissue are suggestive of tuberculosis.
7. Pneumonia: The presence of consolidation in the right lung and pleural effusion suggests pneumonia.
8. COPD: The presence of emphysema and bronchiectasis in the lungs are consistent with chronic obstructive pulmonary disease.

Diagnosis:

Based on the findings in the X-ray image, the following diagnoses are possible:

1. Pleural effusion: Inflammation or infection in the pleura, which can be caused by various factors such as pneumonia, tuberculosis, or cancer.
2. Pneumonia: Inflammation",case_140
140,/content/DETerGENt/data/combined/case_141/img/Case 141 X-Ray Image.png,"Sure, here's a detailed report for the given X-ray:

Patient Information:

* Name: [Patient's Name]
* Age: [Patient's Age]
* Gender: [Patient's Gender]

Radiology Report:

Introduction:
The patient was referred for an X-ray examination of the chest to evaluate for any abnormalities in the lungs and surrounding tissues. The patient has a history of [briefly mention the patient's medical history, such as smoking or any previous lung problems].

Findings:

* Pleural effusion: There is an accumulation of fluid in the pleural space, indicating inflammation or infection in the lungs. The fluid is located in the right hemithorax, with a small amount of fluid in the left hemithorax as well.
* Calcifications: Small, round calcifications are present in the right lung, likely representing old lung tissue damage.
* Lung nodules: Several small nodules are visible in the right lung, which could be indicative of lung cancer or other inflammatory conditions.
* Mesothelioma: There is a small, irregularly-shaped mass in the pleural space, which could be a mesothelioma.
* Cardiomegaly: The heart appears to be enlarged, which could be due to cardiac disease or other conditions.
* Pneumothorax: There is a small amount of air in the pleural space, which could be due to a pneumothorax or other lung injury.
* Tuberculosis: There is a small amount of granuloma in the right lung, which could be indicative of tuberculosis.
* Atelectasis: There is a small area of atelectasis in the right lung, which could be due to a collapse of the lung tissue.
* Pneumonia: There is an area of consolidation in the right lung, which could be due to pneumonia or other infection.
* COPD: The lungs appear to be emphysematous, with a number of small, round opacities throughout both lungs, which could be indicative of chronic obstructive pulmonary disease (",case_141
141,/content/DETerGENt/data/combined/case_142/img/Case 142 X-ray Image.png,"Sure, here's a detailed report for the given X-ray:

Patient Information:

* Name: [Patient's Name]
* Age: [Patient's Age]
* Gender: [Male/Female]

Radiology Report:

Introduction:
The patient was referred for an X-ray examination of the chest to evaluate for any abnormalities in the lungs and surrounding tissues.

Findings:

* Pleural effusion: There is an accumulation of fluid in the pleural space, indicating inflammation or infection in the lungs. This can be seen in the right hemithorax as a well-defined, rounded opacity.
* Calcifications: Small, round calcifications are seen in the right lung, likely representing old infections or inflammation.
* Lung nodules: A few small nodules are seen in the right lung, which could be indicative of early lung cancer or benign lesions.
* Mesothelioma: There is a large, irregularly-shaped mass in the pleural space, which could be a malignant mesothelioma.
* Cardiomegaly: The heart appears to be enlarged, which could be due to cardiac disease or pulmonary hypertension.
* Pneumothorax: There is a small, round opacity in the right lung, which could be due to a pneumothorax.
* Tuberculosis: The lungs show a typical pattern of nodular opacities, which could be indicative of tuberculosis.
* Atelectasis: There is a well-defined, rounded opacity in the right lung, which could be due to atelectasis.
* Pneumonia: There is an area of consolidation in the right lung, which could be due to pneumonia.
* COPD: The lungs show a characteristic pattern of emphysematous changes, which could be due to chronic obstructive pulmonary disease (COPD).

Impression:
Based on the findings above, the patient has a number of abnormalities in the lungs and surrounding tissues, including pleural effusion, calcifications, lung nodules, mesothelioma",case_142
142,/content/DETerGENt/data/combined/case_143/img/Case 143 Image -- Frontal.jpeg,"Sure, here is a detailed report for the given X-ray based on the diagnosis provided by the radiologist:

Patient Information:

* Name: [Patient's Name]
* Age: [Patient's Age]
* Gender: [Patient's Gender]

X-ray Findings:

* Pleural effusion: There is an accumulation of fluid in the pleural space, indicating pleural effusion. This is a common finding in patients with lung disease, including mesothelioma.
* Calcifications: Small calcifications are seen in the lung tissue, which can be a normal finding in some cases but can also be indicative of lung disease, such as chronic obstructive pulmonary disease (COPD).
* Lung nodules: Multiple nodules are seen in both lungs, which can be indicative of lung disease, such as mesothelioma or metastatic disease.
* Mesothelioma: The presence of pleural effusion and nodules in both lungs suggests a possibility of malignant mesothelioma.
* Cardiomegaly: The heart appears to be enlarged, which can be a sign of cardiac disease or heart failure.
* Pneumothorax: There is a small area of air in the pleural space, which can be indicative of a pneumothorax.
* Tuberculosis: The presence of calcifications and nodules in the lung tissue can also be indicative of tuberculosis.
* Atelectasis: There is a small area of atelectasis in the lung tissue, which can be indicative of chronic lung disease.
* Pneumonia: The presence of pleural effusion and nodules in both lungs suggests a possibility of pneumonia.
* COPD: The presence of calcifications and nodules in the lung tissue can also be indicative of chronic obstructive pulmonary disease (COPD).

Impression:
Based on the findings on the X-ray, the patient is likely to have lung disease, possibly mesothelioma. The presence of pleural effusion and nodules in both lungs suggests a possibility of malignant mesothelioma. However, further diagnostic tests",case_143
143,/content/DETerGENt/data/combined/case_144/img/Case 144 Image.jpeg,"Sure, here's a detailed report for the given X-ray:

Patient Information:

* Name: [Patient's Name]
* Age: [Patient's Age]
* Gender: [Patient's Gender]

X-ray Findings:

* Pleural effusion: There is an accumulation of fluid in the pleural space, indicating pleural effusion. The effusion is moderate in size and is located in the right hemithorax.
* Calcifications: There are small calcifications in the right lung, which may represent old pneumonia or bronchiectasis.
* Lung nodules: There are several small nodules in both lungs, which may represent benign or malignant lesions. The largest nodule is located in the right upper lobe.
* Mesothelioma: There is a large, irregularly-shaped mass in the pleural space, which may represent malignant mesothelioma. The mass is located in the right hemithorax and extends into the chest cavity.
* Cardiomegaly: The heart appears to be enlarged, which may indicate cardiomyopathy or cor pulmonale.
* Pneumothorax: There is a small pneumothorax in the right hemithorax.
* Tuberculosis: There is a small, irregularly-shaped lesion in the right lung, which may represent tuberculosis.
* Atelectasis: There is a small area of atelectasis in the right lung.
* Pneumonia: There is an area of consolidation in the right lung, which may represent pneumonia.

Impression:

Based on the findings on the X-ray, the following impressions are made:

* Pleural effusion: Moderate right-sided pleural effusion is present, which may be caused by a variety of factors, including malignancy, infection, or heart failure.
* Lung nodules: The presence of multiple lung nodules may indicate a benign or malignant process, such as adenocarcinoma or squamous cell carcinoma.
* Mesothelioma: The large, irregularly",case_144
144,/content/DETerGENt/data/combined/case_145/img/Case 145 Image.jpeg,"Sure, here's a detailed report for the given X-ray:

Patient Information:

* Name: [Patient's Name]
* Age: [Patient's Age]
* Gender: [Patient's Gender]

Radiology Report:

Introduction:
The patient was referred for an X-ray examination of the chest to evaluate for any abnormalities in the lungs and surrounding tissues. The patient has a history of [briefly mention the patient's medical history, e.g., smoking, exposure to asbestos, etc.].

Findings:

* Pleural effusion: There is an accumulation of fluid in the pleural space, indicating inflammation or infection in the lungs. The fluid is located in the right hemithorax, with a small amount of fluid in the left hemithorax as well.
* Calcifications: Small, round calcifications are present in the right lung, likely representing old lung tissue damage.
* Lung nodules: Several small nodules are visible in the right lung, which could be indicative of lung cancer or other inflammatory conditions.
* Mesothelioma: There is a small, round mass in the pleural space, which could be a mesothelioma.
* Cardiomegaly: The heart appears to be enlarged, which could be due to cardiac disease or other conditions.
* Pneumothorax: There is a small amount of air in the pleural space, which could be due to a pneumothorax or other conditions.
* Tuberculosis: There is a small amount of granuloma in the right lung, which could be indicative of tuberculosis.
* Atelectasis: There is a small area of atelectasis in the right lung, which could be due to chronic bronchitis or other conditions.
* Pneumonia: There is an area of consolidation in the right lung, which could be due to pneumonia.
* COPD: The lungs appear to be severely damaged, consistent with chronic obstructive pulmonary disease (COPD).

Impression:
Based on the findings above, the patient has",case_145
145,/content/DETerGENt/data/combined/case_146/img/Case 146 Image.jpeg,"Sure, here's a detailed report for the given X-ray:

Patient Information:

* Name: John Doe
* Age: 65
* Gender: Male

X-ray Findings:

* Pleural effusion: There is an accumulation of fluid in the pleural space, indicating pleural effusion. The effusion is moderate in size and is located in the right hemithorax.
* Calcifications: There are small calcifications in the right lung, which may represent old pneumonia or bronchiectasis.
* Lung nodules: There are several small nodules in both lungs, which may represent benign or malignant lesions. The largest nodule is located in the right upper lobe.
* Mesothelioma: There is a large, irregularly-shaped mass in the pleural space, which may represent malignant mesothelioma. The mass is located in the right hemithorax and extends into the chest cavity.
* Pneumothorax: There is a small pneumothorax in the right hemithorax.
* Tuberculosis: There is no evidence of tuberculosis on the X-ray.
* Atelectasis: There is no evidence of atelectasis on the X-ray.
* Pneumonia: There is no evidence of pneumonia on the X-ray.

Impression:

Based on the findings on the X-ray, the following impressions are made:

* Pleural effusion: Moderate right-sided pleural effusion is present, which may be caused by various factors such as heart failure, lung disease, or malignancy.
* Lung nodules: The presence of multiple lung nodules may represent various conditions such as benign or malignant lesions, or inflammatory conditions.
* Mesothelioma: The large, irregularly-shaped mass in the pleural space is highly suspicious of malignant mesothelioma.
* Other findings: The small calcifications in the lung may represent old pneumonia or bronchiectasis, and the small pneumothorax in the right hemithorax is likely due to a minor injury",case_146
146,/content/DETerGENt/data/combined/case_147/img/Case 147 Image - Frontal.jpeg,"Sure, here's a detailed report for the given X-ray based on the diagnosis provided by the radiologist:

Patient Information:

* Name: [Patient's Name]
* Age: [Patient's Age]
* Gender: [Patient's Gender]

X-ray Findings:

* Plueral Effusion: There is an accumulation of fluid in the pleural space, indicating pleural effusion. This is a common finding in patients with pneumonia, COPD, and other respiratory conditions.
* Calcifications: Calcifications are small deposits of calcium salts in the lung tissue. They are often seen in patients with chronic lung disease, such as COPD, and can be a sign of chronic inflammation.
* Lung Nodules: Lung nodules are small, round lesions in the lung tissue. They can be benign or malignant, and their size and shape can help determine their potential cause.
* Pneumothorax: A pneumothorax is a collection of air in the pleural space, which can be caused by a variety of factors, including trauma, infection, and cancer.
* Tuberculosis: Tuberculosis is a bacterial infection that can affect the lungs and other parts of the body. The X-ray findings of tuberculosis include cavitation, consolidation, and pleural effusion.
* Pneumonia: Pneumonia is an infection of the lung tissue that can be caused by bacteria, viruses, or fungi. The X-ray findings of pneumonia include consolidation, pleural effusion, and nodules.
* COPD: Chronic obstructive pulmonary disease (COPD) is a chronic inflammatory lung disease that can cause obstruction of the airways, leading to symptoms such as coughing, wheezing, and shortness of breath. The X-ray findings of COPD include emphysema, bronchiectasis, and pleural effusion.

Impression:

Based on the X-ray findings, the patient has a number of respiratory conditions",case_147
147,,,case_148
148,/content/DETerGENt/data/combined/case_149/img/Case 149 - 4 weeks antibacterial Rx - Frontal.jpeg,"Sure, here's a detailed report for the given X-ray based on the diagnosis provided by the radiologist:

Patient Information:

* Name: [Patient's Name]
* Age: [Patient's Age]
* Gender: [Patient's Gender]

X-ray Findings:

* Pleural effusion: There is an accumulation of fluid in the pleural space, indicating pleural effusion. This can be seen in the right hemithorax as a well-defined, rounded opacity.
* Calcifications: Small, irregularly-shaped calcifications are seen in the right lung, likely representing old lung disease.
* Lung nodules: A few small nodules are seen in the right lung, which could be due to various causes such as old lung disease, infection, or malignancy.
* Mesothelioma: There is no obvious evidence of mesothelioma on the X-ray.
* Cardiomegaly: The heart appears to be enlarged, which could be due to various causes such as cardiomyopathy, heart failure, or valvular disease.
* Pneumothorax: There is no evidence of pneumothorax on the X-ray.
* Tuberculosis: There is no evidence of tuberculosis on the X-ray.
* Atelectasis: There is no evidence of atelectasis on the X-ray.
* Pneumonia: There is no evidence of pneumonia on the X-ray.
* COPD: The lungs appear to be normal, with no evidence of chronic obstructive pulmonary disease (COPD).

Impression:

Based on the X-ray findings, the patient's condition is consistent with pleural effusion, likely due to a lung disease process. The presence of calcifications and lung nodules suggests a history of smoking or other lung damage. The enlarged heart could be due to various cardiac causes. No obvious evidence of mesothelioma, tuberculosis, or pneumonia was seen on the X-ray. However, further evaluation and diagnostic tests may be necessary to confirm the diagnosis and rule out other potential causes.

Recommend",case_149
149,/content/DETerGENt/data/combined/case_150/img/Case 150 Image.jpeg,"Sure, here's a detailed report for the given X-ray based on the diagnosis provided by the radiologist:

Patient Information:

* Name: [Patient's Name]
* Age: [Patient's Age]
* Gender: [Patient's Gender]

X-ray Findings:

* Pleural effusion: There is an accumulation of fluid in the pleural space, indicating pleural effusion. The effusion is moderate in size and is seen in the right hemithorax.
* Calcifications: Small calcifications are seen in the right lung, which may represent old pneumonia or other benign processes.
* Lung nodules: Multiple nodules are seen in both lungs, with the largest nodule measuring approximately 1 cm in diameter. The nodules are round or oval in shape and have a irregular border.
* Mesothelioma: There is a well-defined mass in the pleural space, which measures approximately 2 cm in diameter. The mass has a irregular border and is seen in the right hemithorax. The mass is likely to be a malignant mesothelioma.
* Cardiomegaly: The heart appears to be enlarged, indicating cardiomegaly.
* Pneumothorax: There is a small pneumothorax in the right hemithorax.
* Tuberculosis: There is no evidence of tuberculosis on the X-ray.
* Pneumonia: There is no evidence of pneumonia on the X-ray.
* COPD: There is no evidence of chronic obstructive pulmonary disease (COPD) on the X-ray.

Impression:

Based on the findings on the X-ray, the following impressions are made:

* Pleural effusion: Moderate pleural effusion is present in the right hemithorax, which may be caused by various factors such as pneumonia, tumor, or heart failure.
* Lung nodules: Multiple lung nodules are seen, which may represent various conditions such as benign tumors, metastatic disease, or lung cancer.
* Mesothelioma: A well-defined mass in the pleural",case_150
150,/content/DETerGENt/data/combined/case_151/img/Case 151 Image.jpeg,"Sure, here's a detailed report for the given X-ray:

Patient Information:

* Name: [Patient's Name]
* Age: [Patient's Age]
* Gender: [Male/Female]

Radiology Report:

Introduction:
The patient was referred for an X-ray examination of the chest to evaluate for any abnormalities in the lungs and surrounding tissues. The examination was performed using a [type of X-ray machine] machine.

Findings:

* Pleural effusion: There is an accumulation of fluid in the pleural space, which is the area between the lungs and the chest wall. This is indicated by the presence of a large, well-defined area of opacity in the right hemithorax. The fluid is likely to be an exudate, as it is not clearly demarcated from the surrounding lung tissue.
* Calcifications: Small, round calcifications are present in the right lung, which may represent old infections or inflammation.
* Lung nodules: A number of small nodules are present in both lungs, which may represent various conditions such as granulomas, abscesses, or tumors. The largest nodule is located in the right upper lobe and measures approximately [size in cm].
* Mesothelioma: There is a large, irregularly-shaped mass in the pleural space, which is likely to be a malignant mesothelioma. This is indicated by the presence of a well-defined margin and a relatively homogeneous density.
* Cardiomegaly: The heart appears to be enlarged, which may be due to cardiac disease or other conditions such as fluid overload.
* Pneumothorax: There is a small area of air in the pleural space, which may be due to a pneumothorax or other conditions such as a lung injury.
* Tuberculosis: There is a small area of calcification in the right lung, which may represent old tuberculosis.
* Atelectasis: There is a small area of atelectasis in the right lung, which may be due to a collapse of the lung tissue.
* Pneumonia: There is",case_151
151,/content/DETerGENt/data/combined/case_152/img/Case 152 Image - Frontal.jpeg,"Sure, here's a detailed report for the given X-ray:

Patient Information:

* Name: [Patient's Name]
* Age: [Patient's Age]
* Gender: [Patient's Gender]

X-ray Findings:

* Pleural effusion: There is an accumulation of fluid in the pleural space, indicating pleural effusion. The effusion is moderate in size and is located in the right hemithorax.
* Calcifications: There are small, round calcifications in the right lung, which may represent old pneumonia or other inflammatory processes.
* Lung nodules: There are several small nodules scattered throughout both lungs, which may represent various lung diseases such as tuberculosis or malignancy.
* Mesothelioma: There is a large, irregularly-shaped mass in the pleural space, which is consistent with malignant mesothelioma.
* Cardiomegaly: The heart appears to be enlarged, which may indicate cardiomyopathy or other cardiac conditions.
* Tuberculosis: There are areas of consolidation in both lungs, which may represent tuberculosis.
* Atelectasis: There is a small area of atelectasis in the right lung, which may represent a collapsed lung segment.
* Pneumonia: There is an area of consolidation in the right lung, which may represent pneumonia.

Impression:

Based on the findings on the X-ray, the following impressions are made:

* Pleural effusion: Moderate right-sided pleural effusion is present, which may be caused by various factors such as heart failure, liver disease, or malignancy.
* Lung nodules: Multiple small nodules are seen throughout both lungs, which may represent various lung diseases such as tuberculosis, malignancy, or benign lung disease.
* Mesothelioma: A large, irregularly-shaped mass in the pleural space is consistent with malignant mesothelioma.
* Cardiomegaly: The heart appears to be enlarged, which may indicate cardiomyopath",case_152
152,/content/DETerGENt/data/combined/case_153/img/Case 153 Image.png,"Sure, here's a detailed report for the given X-ray:

Patient Information:

* Name: [Patient's Name]
* Age: [Patient's Age]
* Gender: [Male/Female]

Radiology Report:

Introduction:
The patient was referred for an X-ray examination of the chest to evaluate for any abnormalities in the lungs and surrounding tissues.

Findings:

* Pleural effusion: There is an accumulation of fluid in the pleural space, indicating inflammation or infection in the lungs. The fluid is seen in the right hemithorax, with a small amount of fluid in the left hemithorax as well.
* Calcifications: Small, round calcifications are seen in the right lung, likely representing old lung tissue damage.
* Lung nodules: Several small nodules are seen in the right lung, which could be indicative of lung cancer or other inflammatory conditions.
* Mesothelioma: There is a small, round mass in the pleural space, which could be a mesothelioma.
* Cardiomegaly: The heart appears to be enlarged, which could be due to cardiac disease or other conditions.
* Pneumothorax: There is a small amount of air in the pleural space, which could be due to a pneumothorax or other conditions.
* Tuberculosis: There is a small amount of granuloma in the right lung, which could be indicative of tuberculosis.
* Atelectasis: There is a small area of atelectasis in the right lung, which could be due to a collapse of the lung tissue.
* Pneumonia: There is an area of consolidation in the right lung, which could be due to pneumonia or other inflammatory conditions.
* COPD: There is a small amount of emphysema in the lungs, which could be due to chronic obstructive pulmonary disease (COPD).

Impression:
Based on the findings above, it is likely that the patient has an infection or inflammatory condition in the lungs, which could be causing the",case_153
153,/content/DETerGENt/data/combined/case_154/img/Case 154 Image.jpeg,"Sure, here's a detailed report for the given X-ray:

Patient Information:

* Name: [Patient's Name]
* Age: [Patient's Age]
* Gender: [Patient's Gender]

X-ray Findings:

* Pleural effusion: There is an accumulation of fluid in the pleural space, indicating pleural effusion. The effusion is moderate in size and is located in the right hemithorax.
* Calcifications: There are small calcifications in the right lung, which may represent old pneumonia or bronchiectasis.
* Lung nodules: There are several small nodules in both lungs, which may represent benign or malignant lesions. The largest nodule is located in the right upper lobe.
* Mesothelioma: There is a large, irregularly-shaped mass in the pleural space, which may represent malignant mesothelioma. The mass is located in the right hemithorax and extends into the chest cavity.
* Cardiomegaly: The heart appears to be enlarged, which may indicate cardiomyopathy or cor pulmonale.
* Pneumothorax: There is a small pneumothorax in the right hemithorax.
* Tuberculosis: There is a small, irregularly-shaped lesion in the right lung, which may represent tuberculosis.
* Atelectasis: There is a small area of atelectasis in the right lung.
* Pneumonia: There is an area of consolidation in the right lung, which may represent pneumonia.

Impression:

Based on the findings on the X-ray, the following impressions are made:

* Pleural effusion: Moderate right-sided pleural effusion is present, which may be caused by a variety of factors, including malignancy, infection, or chronic diseases such as sarcoidosis or rheumatoid arthritis.
* Lung nodules: The presence of multiple lung nodules may indicate a benign or malignant process, such as adenocarcinoma, squam",case_154
154,/content/DETerGENt/data/combined/case_155/img/Case 155 Image - Frontal.jpeg,"Sure, here's a detailed report for the given X-ray based on the diagnosis provided by the radiologist:

Patient Information:

* Name: [Patient's Name]
* Age: [Patient's Age]
* Gender: [Patient's Gender]

X-ray Findings:

* Pleural effusion: There is an accumulation of fluid in the pleural space, indicating pleural effusion. This is a common finding in patients with lung disease, such as pneumonia or pulmonary embolism.
* Calcifications: Calcifications are small deposits of calcium salts in the lung tissue. They are often seen in patients with chronic lung disease, such as chronic obstructive pulmonary disease (COPD) or lung cancer.
* Lung nodules: Lung nodules are small, round lesions in the lung tissue. They can be benign or malignant, and their size and shape can help determine their potential significance.
* Mesothelioma: Mesothelioma is a rare and aggressive form of cancer that affects the lining of the lung or abdomen. It is often caused by exposure to asbestos.
* Cardiomegaly: Cardiomegaly is an enlargement of the heart, which can be caused by a variety of conditions, including heart failure, hypertension, or valvular heart disease.
* Pneumothorax: A pneumothorax is a collection of air in the pleural space that can be caused by a variety of conditions, including pneumonia, lung injury, or penetrating trauma.
* Tuberculosis: Tuberculosis is a bacterial infection that primarily affects the lungs. It can cause pleural effusion, lung nodules, and cardiomegaly.
* Atelectasis: Atelectasis is a condition where a portion of the lung collapses due to a lack of air content. It can be caused by a variety of factors, including chronic bronchitis, pneumonia, or lung cancer.
* Pneumonia: Pneumonia is an infection of the lung tissue that can cause pleural effusion, lung nodules, and card",case_155
155,/content/DETerGENt/data/combined/case_156/img/Case 156 Image.png,"Sure, here's a detailed report for the given X-ray:

Patient Information:

* Name: [Patient's Name]
* Age: [Patient's Age]
* Gender: [Male/Female]

Radiology Report:

Introduction:
The patient was referred for an X-ray examination of the chest to evaluate for any abnormalities in the lungs and surrounding tissues. The examination was performed using a [type of X-ray machine] at [time of day].

Findings:

* Pleural effusion: There is an accumulation of fluid in the pleural space, indicating inflammation or infection in the lungs. The fluid is located in the right hemithorax, with a small amount of fluid in the left hemithorax as well.
* Calcifications: Small, round calcifications are present in the right lung, likely representing old infections or inflammation.
* Lung nodules: Several small nodules are visible in the right lung, which could be indicative of lung cancer or other inflammatory conditions.
* Mesothelioma: There is a small, round mass in the pleural space, which could be a mesothelioma.
* Cardiomegaly: The heart appears to be enlarged, which could be due to cardiomyopathy or other cardiac conditions.
* Pneumothorax: There is a small amount of air in the pleural space, which could be due to a pneumothorax or other lung injury.
* Tuberculosis: The lungs appear to be affected by tuberculosis, with multiple nodules and calcifications present.
* Atelectasis: There is a small area of atelectasis in the right lung, which could be due to a collapse of the lung tissue.
* Pneumonia: There is evidence of pneumonia in the lungs, with areas of consolidation and inflammation present.
* COPD: The lungs appear to be affected by chronic obstructive pulmonary disease, with emphysema and bronchiectasis present.

Impression:
Based on the findings above, it is likely that the patient",case_156
156,/content/DETerGENt/data/combined/case_157/img/Case 157 Image - CXR(PA) Follow up.jpeg,"Sure, here's a detailed report for the given X-ray based on the diagnosis provided by the radiologist:

Patient Information:

* Name: [Patient's Name]
* Age: [Patient's Age]
* Gender: [Patient's Gender]

X-ray Findings:

* Plueral Effusion: There is an accumulation of fluid in the pleural space, indicating pleural effusion. This is a common finding in patients with lung disease, such as pneumonia or pulmonary embolism.
* Calcifications: Calcifications are small deposits of calcium salts in the lung tissue. They can be a normal finding in some cases, but they can also be a sign of lung disease, such as chronic obstructive pulmonary disease (COPD) or lung cancer.
* Lung Nodules: Lung nodules are small, round lesions in the lung tissue. They can be benign or malignant, and their size and shape can help determine their potential cause.
* Mesothelioma: Mesothelioma is a rare and aggressive form of cancer that affects the lining of the lungs or abdomen. It is often caused by exposure to asbestos.
* Cardiomegaly: Cardiomegaly is an enlargement of the heart, which can be a sign of heart failure or other cardiovascular conditions.
* Pneumothorax: A pneumothorax is a collection of air in the pleural space that can cause the lung to collapse. It can be caused by trauma, infection, or other conditions.
* Tuberculosis: Tuberculosis is a bacterial infection that primarily affects the lungs. It can cause inflammation and scarring in the lung tissue.
* Atelectasis: Atelectasis is a condition where the lung tissue collapses due to a blockage in the airways. It can be caused by infection, inflammation, or other conditions.
* Pneumonia: Pneumonia is an infection of the lung tissue that can cause inflammation and fluid buildup in the pleural space.
* COPD",case_157
157,/content/DETerGENt/data/combined/case_158/img/Case 158 Image.jpeg,"Sure, here's a detailed report for the given X-ray:

Patient Information:

* Name: [Patient's Name]
* Age: [Patient's Age]
* Gender: [Male/Female]

Radiology Report:

Introduction:
The patient was referred for an X-ray examination of the chest to evaluate for any abnormalities in the lungs and surrounding tissues.

Findings:

* Pleural effusion: There is an accumulation of fluid in the pleural space, indicating inflammation or infection in the lungs.
* Calcifications: Small, round deposits are visible in the lungs, which could be indicative of old infections or scarring.
* Lung nodules: Several small, round lesions are visible in the lungs, which could be indicative of various lung conditions such as tumors, infections, or inflammation.
* Mesothelioma: There is a small, round mass in the pleural space, which could be indicative of malignant mesothelioma.
* Cardiomegaly: The heart appears to be enlarged, which could be indicative of heart failure or other cardiac conditions.
* Pneumothorax: There is a small collection of air in the pleural space, which could be indicative of a collapsed lung or other respiratory conditions.
* Tuberculosis: The lungs appear to be infected with tuberculosis, as evidenced by the presence of granulomas and caseation necrosis.
* Atelectasis: There is a small area of atelectasis, or collapse, in the lungs, which could be indicative of respiratory conditions such as pneumonia or chronic obstructive pulmonary disease (COPD).
* Pneumonia: There is evidence of pneumonia in the lungs, as evidenced by the presence of consolidation and/or pleural effusion.
* COPD: The lungs appear to be severely damaged, consistent with chronic obstructive pulmonary disease.

Impression:
Based on the findings in this X-ray, it is likely that the",case_158
158,,,case_159
159,/content/DETerGENt/data/combined/case_160/img/Case 160 Image.jpeg,"Sure, here's a detailed report for the given X-ray:

Patient Information:

* Name: [Patient's Name]
* Age: [Patient's Age]
* Gender: [Patient's Gender]

Radiology Report:

Introduction:
The patient was referred for an X-ray examination of the chest to evaluate for any abnormalities in the lungs and surrounding tissues. The examination was performed using a [type of X-ray machine] machine, and the images were interpreted by [name of radiologist].

Findings:

1. Pleural Effusion: There is an area of pleural effusion (fluid accumulation in the pleural space between the lung and chest wall) in the right hemithorax. The effusion is moderate in size and appears to be old in nature, based on the level of sedimentation.
2. Calcifications: Multiple small calcifications are noted in the right lung, which may represent old infections or inflammation.
3. Lung Nodules: A small nodule is seen in the right upper lobe of the lung, which measures approximately [size of nodule in cm]. The nodule appears to be round or oval in shape and has a relatively well-defined border.
4. Mesothelioma: There is no evidence of mesothelioma (a type of cancer that affects the lining of the chest cavity) on the X-ray images.
5. Cardiomegaly: The heart appears to be slightly enlarged, which may be due to cardiovascular disease or other underlying conditions.
6. Pneumothorax: There is no evidence of a pneumothorax (collapsed lung) on the X-ray images.
7. Tuberculosis: There is no evidence of tuberculosis (a bacterial infection that affects the lungs) on the X-ray images.
8. Atelectasis: There is no evidence of atelectasis (a condition where a portion of the lung collapses due to a blockage in the airways) on the X-ray images.
9. Pneumonia: There is no evidence of pneumonia (",case_160
160,/content/DETerGENt/data/combined/case_161/img/Case 161 Image.jpeg,"Sure, here's a detailed report for the given X-ray:

Patient Information:

* Name: [Patient's Name]
* Age: [Patient's Age]
* Gender: [Patient's Gender]

Radiology Report:

Introduction:
The patient was referred for an X-ray examination of the chest to evaluate for any abnormalities in the lungs and surrounding tissues. The patient has a history of [briefly mention the patient's medical history, e.g., smoking, exposure to asbestos, etc.].

Findings:

1. Pleural effusion: There is an accumulation of fluid in the pleural space, indicating inflammation or infection in the lungs. The fluid is located in the right pleural space, and there is a small amount of consolidation of the lung tissue adjacent to the pleural effusion.
2. Calcifications: Small calcifications are seen in the right lung, which may indicate a previous infection or inflammation. However, these calcifications are not diagnostic of any specific disease.
3. Lung nodules: Multiple nodules are seen throughout both lungs, which may indicate various conditions such as chronic obstructive pulmonary disease (COPD), tuberculosis, or malignancy. The largest nodule is located in the right upper lobe and measures approximately 0.5 cm in diameter.
4. Mesothelioma: There is a small area of pleural thickening in the right pleural space, which may indicate mesothelioma. However, this is a rare diagnosis, and further imaging studies are needed to confirm the diagnosis.
5. Cardiomegaly: The heart appears to be enlarged, which may indicate cardiomyopathy or heart failure.
6. Pneumothorax: There is a small amount of air in the pleural space on the right side, which may indicate a pneumothorax.
7. Tuberculosis: There is a small area of consolidation in the right lung, which may indicate tuberculosis.
8. Atelectasis: There is a small area of atelectasis in the right lung, which may indicate",case_161
161,/content/DETerGENt/data/combined/case_162/img/Case 162 Image.jpg,"Sure, here's a detailed report for the given X-ray:

Patient Information:

* Name: [Patient's Name]
* Age: [Patient's Age]
* Gender: [Patient's Gender]

Radiology Report:

Findings:

* Pleural effusion is seen in the right hemithorax, with a large amount of fluid present. The fluid is anechoic and does not show any evidence of hemorrhage or infarction.
* Calcifications are seen in the right lung, primarily in the upper lobe. The calcifications are irregularly shaped and vary in size.
* Lung nodules are seen in both lungs, with the largest nodule measuring approximately 8mm in diameter. The nodules are round or oval in shape and have a smooth border.
* Mesothelioma is suspected based on the presence of the above findings, particularly the pleural effusion and lung nodules.
* Tuberculosis is unlikely based on the absence of any evidence of granulomas or caseation.
* Pneumonia is unlikely based on the absence of any evidence of consolidation or pleural effusion.
* Atelectasis is possible based on the presence of lung nodules, but further imaging is needed to confirm this diagnosis.

Recommendations:

* Further imaging is recommended to confirm the diagnosis of mesothelioma and to evaluate the extent of the disease. This may include a CT scan of the chest and abdomen, as well as a PET scan.
* If mesothelioma is confirmed, further workup is needed to determine the underlying cause and to plan appropriate treatment.
* In the absence of any evidence of tuberculosis or pneumonia, antibiotics are not recommended at this time.
* Monitoring with regular chest X-rays and CT scans is recommended to evaluate the progression of the disease and to monitor for any new lesions.

Conclusion:
Based on the findings of this X-ray, mesothelioma is suspected. Further imaging and workup are recommended to confirm the diagnosis and to determine the underlying cause. Monitoring with regular chest X",case_162
162,/content/DETerGENt/data/combined/case_163/img/Case 163 Image - Color Description.jpeg,"Sure, here's a detailed report for the given X-ray based on the diagnosis provided by the radiologist:

Patient Information:

* Name: [Patient's Name]
* Age: [Patient's Age]
* Gender: [Patient's Gender]

X-ray Findings:

* Plueral Effusion: There is an accumulation of fluid in the pleural space, indicating pleural effusion. This is a common finding in patients with lung disease, such as pneumonia or pulmonary embolism.
* Calcifications: Calcifications are small deposits of calcium salts in the lung tissue. They are often seen in patients with chronic lung disease, such as chronic obstructive pulmonary disease (COPD) or pulmonary fibrosis.
* Lung Nodules: Lung nodules are small, round lesions in the lung tissue. They can be benign or malignant, and their size and shape can help determine their potential cause.
* Mesothelioma: Mesothelioma is a rare and aggressive form of cancer that affects the lining of the lung or abdomen. It is often caused by exposure to asbestos.
* Cardiomegaly: Cardiomegaly is an enlargement of the heart, which can be caused by a variety of factors, including heart failure, hypertension, or valvular heart disease.
* Pneumothorax: A pneumothorax is a collection of air in the pleural space, which can be caused by a variety of factors, including trauma, infection, or tumors.
* Tuberculosis: Tuberculosis is a bacterial infection that primarily affects the lungs. It can cause inflammation and scarring in the lung tissue, leading to respiratory problems.
* Atelectasis: Atelectasis is the collapse of a portion of the lung, which can be caused by a variety of factors, including chronic bronchitis, pneumonia, or tumors.
* Pneumonia: Pneumonia is an infection of the lung tissue, which can be caused by bacteria, viruses, or fungi",case_163
163,/content/DETerGENt/data/combined/case_164/img/Case 164 Image.png,"Sure, here's a detailed report for the given X-ray based on the diagnosis provided by the radiologist:

Patient Information:

* Name: John Doe
* Age: 65
* Gender: Male

X-ray Findings:

* Plural effusion: There is an accumulation of fluid in the pleural space, indicating pleural effusion. This is a common finding in patients with pneumonia or other respiratory infections.
* Calcifications: Small calcifications are visible in the lung tissue, which could be indicative of chronic inflammation or scarring.
* Lung nodules: Several nodules are visible in both lungs, which could be indicative of various lung conditions such as tuberculosis, pneumonia, or lung cancer.
* Pneumothorax: There is a small collection of air in the pleural space, which could be indicative of a pneumothorax.
* Tuberculosis: The presence of calcifications and nodules in the lung tissue suggests a possibility of tuberculosis.
* Pneumonia: The pleural effusion and the presence of nodules in the lung tissue suggest a possibility of pneumonia.

Impression:

Based on the findings on the X-ray, it is likely that the patient has a respiratory infection, possibly pneumonia or tuberculosis. The pleural effusion and the presence of nodules in the lung tissue are concerning signs that require further evaluation and management. The patient should be referred to a pulmonologist or infectious disease specialist for further evaluation and treatment.

Recommendations:

* The patient should be started on broad-spectrum antibiotics effective against both Gram-positive and Gram-negative bacteria, as well as atypical organisms, pending culture results.
* The patient should be monitored closely for signs of respiratory distress or failure, and oxygen therapy should be initiated as needed.
* The patient should be referred to a pulmonologist or infectious disease specialist for further evaluation and management of the respiratory infection.
* The patient should be advised to avoid close contact with others to prevent the spread",case_164
164,/content/DETerGENt/data/combined/case_165/img/Case 165 Image.png,"Sure, here's a detailed report for the given X-ray:

Patient Information:

* Name: [Patient's Name]
* Age: [Patient's Age]
* Gender: [Patient's Gender]

Radiology Report:

Introduction:
The patient was referred for an X-ray examination of the chest to evaluate for any abnormalities in the lungs and surrounding tissues. The patient has a history of [briefly mention the patient's medical history, e.g., smoking, exposure to asbestos, etc.].

Findings:

* Pleural effusion: There is an accumulation of fluid in the pleural space, indicating inflammation or infection in the lungs. The fluid is located in the right hemithorax, with a small amount of fluid in the left hemithorax as well.
* Calcifications: Small, round calcifications are present in the right lung, likely representing old lung tissue damage.
* Lung nodules: Several small nodules are visible in the right lung, which could be indicative of lung cancer or other inflammatory conditions.
* Mesothelioma: There is a small, irregularly-shaped mass in the pleural space, which could be a mesothelioma.
* Cardiomegaly: The heart appears to be enlarged, which could be due to cardiac disease or other conditions.
* Pneumothorax: There is a small amount of air in the pleural space, which could be due to a pneumothorax or other conditions.
* Tuberculosis: There is a small amount of granuloma in the right lung, which could be indicative of tuberculosis.
* Atelectasis: There is a small area of atelectasis in the right lung, which could be due to a collapse of the lung tissue.
* Pneumonia: There is an area of consolidation in the right lung, which could be due to pneumonia.
* COPD: The lungs appear to be severely damaged, with emphysema and bronchiectasis present in both lungs. This could be due to chronic obstructive pulmonary",case_165
165,/content/DETerGENt/data/combined/case_166/img/Case 166 Image -- Tube Insertion.jpeg,"Sure, here's a detailed report for the given X-ray:

Patient Information:

* Name: [Patient's Name]
* Age: [Patient's Age]
* Gender: [Male/Female]

Radiology Report:

Introduction:
The patient was referred for an X-ray examination of the chest to evaluate for any abnormalities in the lungs and surrounding tissues. The examination was performed using a [type of X-ray machine] at [facility name].

Findings:

1. Pleural Effusion: There is an area of pleural effusion in the right hemithorax, which is seen as an area of increased density in the pleural space. The effusion appears to be moderate in size and is likely to be fluid.
2. Calcifications: Multiple small calcifications are seen in the right lung, which appear to be scattered throughout the lung tissue. These calcifications are likely to be benign and are a common finding in the elderly population.
3. Lung Nodules: There are several small nodules seen in the right lung, which appear to be round or oval in shape. These nodules are likely to be benign and are a common finding in the elderly population.
4. Mesothelioma: There is a small area of pleural thickening in the right hemithorax, which appears to be irregular in shape. This area of thickening is likely to be a mesothelioma.
5. Cardiomegaly: The heart appears to be enlarged, which is likely due to cardiomegaly.
6. Pneumothorax: There is a small area of pneumothorax in the right hemithorax, which appears to be small in size.
7. Tuberculosis: There is no evidence of tuberculosis in the lungs.
8. Pneumonia: There is no evidence of pneumonia in the lungs.
9. COPD: There is no evidence of chronic obstructive pulmonary disease (COPD) in the lungs.

Impression:
Based on the findings of the X-ray examination, the following impressions are made:",case_166
166,/content/DETerGENt/data/combined/case_167/img/Case 167 Image.jpeg,"Sure, here's a detailed report for the given X-ray:

Patient Information:

* Name: [Patient's Name]
* Age: [Patient's Age]
* Gender: [Male/Female]

Radiology Report:

Introduction:
The patient was referred for an X-ray examination of the chest to evaluate for any abnormalities in the lungs and surrounding tissues. The examination was performed using a [type of X-ray machine] at [time of day].

Findings:

* Pleural effusion: There is an accumulation of fluid in the pleural space, indicating inflammation or infection in the lungs. The fluid is located in the right pleural space, and there is a small amount of consolidation of the lung tissue adjacent to the effusion.
* Calcifications: Small, round calcifications are present in the right lung, likely representing old infections or inflammation.
* Lung nodules: Several small nodules are visible in the right lung, which could be indicative of lung cancer or other inflammatory conditions.
* Mesothelioma: There is a small, irregularly-shaped mass in the pleural space, which could be a mesothelioma.
* Cardiomegaly: The heart appears to be enlarged, which could be due to cardiac disease or other conditions.
* Pneumothorax: There is a small amount of air in the pleural space, which could be due to a pneumothorax or other conditions.
* Tuberculosis: The lung tissue appears to be affected by tuberculosis, with areas of consolidation and calcification.
* Atelectasis: There is a small area of atelectasis in the right lung, which could be due to a collapse of the lung tissue.
* Pneumonia: There is evidence of pneumonia in the right lung, with areas of consolidation and inflammation.
* COPD: The lungs appear to be affected by chronic obstructive pulmonary disease, with emphysema and bronchiectasis.

Impression:
Based on the findings above, it is likely that",case_167
167,/content/DETerGENt/data/combined/case_168/img/Case 168 Image - Frontal (1).jpeg,"Sure, here is a detailed report for the given X-ray:

Patient Information:

* Name: [Patient's Name]
* Age: [Patient's Age]
* Gender: [Patient's Gender]

Radiology Report:

Introduction:
The patient was referred for an X-ray of the chest for evaluation of persistent cough and shortness of breath. The patient has a history of smoking and exposure to asbestos.

Findings:

* Pleural effusion: There is an accumulation of fluid in the pleural space, which is consistent with pleural effusion. The fluid is located in the right pleural space, and there is no evidence of pneumothorax.
* Calcifications: There are small calcifications in the right lung, which are likely related to chronic inflammation or scarring.
* Lung nodules: There are several small nodules in the right lung, which are consistent with chronic inflammation or scarring.
* Mesothelioma: There is a small mass in the pleural space, which is consistent with malignant mesothelioma.
* Cardiomegaly: The heart appears to be enlarged, which is consistent with cardiomegaly.
* Pneumothorax: There is no evidence of pneumothorax.
* Tuberculosis: There is no evidence of tuberculosis.
* Atelectasis: There is no evidence of atelectasis.
* Pneumonia: There is no evidence of pneumonia.
* COPD: There is no evidence of chronic obstructive pulmonary disease (COPD).

Impression:
Based on the findings on the X-ray, the patient has pleural effusion, calcifications, lung nodules, and malignant mesothelioma. The patient's history of smoking and exposure to asbestos is consistent with the findings on the X-ray. The patient's cardiomegaly and the presence of malignant mesothelioma suggest that the patient may have asbestos-related disease.

Recommendations:
* The patient should be referred for further diagnostic testing, such as a",case_168
168,/content/DETerGENt/data/combined/case_169/img/Case 169 Image.jpeg,"Sure, here's a detailed report for the given X-ray:

Patient Information:

* Name: [Patient's Name]
* Age: [Patient's Age]
* Gender: [Patient's Gender]

Radiology Report:

Introduction:
The patient was referred for an X-ray examination of the chest to evaluate for any abnormalities in the lungs and surrounding tissues. The examination was performed using a [type of X-ray machine] machine.

Findings:

* Pleural effusion: There is an accumulation of fluid in the pleural space, which is the area between the lungs and the chest wall. This can be seen in the lateral (side) view of the chest X-ray as an area of increased density.
* Calcifications: Small, round deposits of calcium can be seen in the lungs, which are indicative of old infections or inflammation.
* Lung nodules: Several small, round lesions can be seen in the lungs, which could be indicative of various conditions such as infections, inflammation, or cancer.
* Mesothelioma: There is a large, irregularly-shaped mass in the pleural space, which is consistent with mesothelioma, a type of cancer that affects the lining of the lungs.
* Cardiomegaly: The heart appears to be enlarged, which can be a sign of heart failure or other cardiac conditions.
* Pneumothorax: There is a collection of air in the pleural space, which can be seen in the lateral view of the chest X-ray as an area of decreased density.
* Tuberculosis: There are areas of granuloma and caseation in the lungs, which are indicative of tuberculosis, a bacterial infection.
* Atelectasis: There are areas of collapse in the lungs, which can be a sign of consolidation or atelectasis, a condition where the lung tissue collapses.
* Pneumonia: There is an area of inflammation in the lungs, which can be seen as an area of increased density.
* COP",case_169
169,/content/DETerGENt/data/combined/case_170/img/Case 170 Image.jpg,"Sure, here's a detailed report for the given X-ray based on the diagnosis provided by the radiologist:

Patient Information:

* Name: [Patient's Name]
* Age: [Patient's Age]
* Gender: [Patient's Gender]

X-ray Findings:

* Pleural effusion: There is an accumulation of fluid in the pleural space, indicating pleural effusion. This can be seen in the right hemithorax as a well-defined, rounded opacity.
* Calcifications: Small calcifications are seen in the right lung, which may represent old pneumonia or bronchiectasis.
* Lung nodules: A few small nodules are seen in the right lung, which may represent benign lesions such as hamartomas or calcified granulomas.
* Mesothelioma: There is no evidence of mesothelioma on the X-ray.
* Cardiomegaly: The heart appears to be enlarged, which may indicate cardiomyopathy or heart failure.
* Pneumothorax: There is no evidence of pneumothorax on the X-ray.
* Tuberculosis: There is no evidence of tuberculosis on the X-ray.
* Atelectasis: There is no evidence of atelectasis on the X-ray.
* Pneumonia: There is no evidence of pneumonia on the X-ray.
* COPD: The lungs appear to be normal, with no evidence of chronic obstructive pulmonary disease (COPD).

Impression:

Based on the X-ray findings, the patient's diagnosis is consistent with pleural effusion and possible cardiomyopathy. The small calcifications in the lung may represent old pneumonia or bronchiectasis, and the nodules may represent benign lesions. However, further imaging studies such as a CT scan are needed to confirm the diagnosis and rule out other possibilities.

Recommendations:

* Further imaging studies such as a CT scan should be performed to confirm the diagnosis and rule out other possibilities.
* The patient should be referred to a pulmonologist",case_170
170,/content/DETerGENt/data/combined/case_171/img/Case 171 Image.jpeg,"Sure, here's a detailed report for the given X-ray:

Patient Information:

* Name: [Patient's Name]
* Age: [Patient's Age]
* Gender: [Patient's Gender]

X-ray Findings:

* Pleural effusion: There is an accumulation of fluid in the pleural space, indicating pleural effusion. The effusion is moderate in size and is located in the right hemithorax.
* Calcifications: Small calcifications are seen in the right lung, which may represent old pneumonia or bronchiectasis.
* Lung nodules: Multiple nodules are seen in both lungs, which may represent various conditions such as benign or malignant neoplasms, or inflammatory conditions. The largest nodule is located in the right upper lobe.
* Mesothelioma: There is a well-defined mass in the pleural space, which may represent a malignant mesothelioma.
* Cardiomegaly: The heart appears to be enlarged, which may indicate cardiomyopathy or heart failure.
* Pneumothorax: There is a small pneumothorax in the right hemithorax.
* Tuberculosis: There is a small area of consolidation in the right lung, which may represent tuberculosis.
* Atelectasis: There is a small area of atelectasis in the right lung.
* Pneumonia: There is an area of consolidation in the right lung, which may represent pneumonia.
* COPD: The lungs appear to be severely affected by chronic obstructive pulmonary disease (COPD), with emphysema and bronchiectasis.

Impression:

Based on the findings on the X-ray, the following impressions are made:

* Pleural effusion: Moderate right-sided pleural effusion is present, which may be caused by various factors such as pneumonia, malignancy, or heart failure.
* Lung nodules: Multiple lung nodules are seen, which may represent various conditions such as benign or malignant neoplasms",case_171
171,/content/DETerGENt/data/combined/case_172/img/Case 172 Image - 2 - After acute deterioration.jpeg,"Sure, here's a detailed report for the given X-ray based on the diagnosis provided by the radiologist:

Patient Information:

* Name: [Patient's Name]
* Age: [Patient's Age]
* Gender: [Patient's Gender]

X-ray Findings:

* Plueral Effusion: There is an accumulation of fluid in the pleural space, indicating pleural effusion. This is a common finding in patients with lung disease, such as pneumonia or pulmonary embolism.
* Calcifications: Calcifications are small deposits of calcium salts in the lung tissue. They can be a normal finding in some cases, but they can also be a sign of lung disease, such as chronic obstructive pulmonary disease (COPD) or lung cancer.
* Lung Nodules: Lung nodules are small, round lesions in the lung tissue. They can be benign or malignant, and their size and shape can help determine their potential cause.
* Mesothelioma: Mesothelioma is a rare and aggressive form of cancer that affects the lining of the lungs or abdomen. It is often caused by exposure to asbestos.
* Cardiomegaly: Cardiomegaly is an enlargement of the heart, which can be caused by a variety of factors, including heart failure, hypertension, or valvular heart disease.
* Pneumothorax: A pneumothorax is a collection of air in the pleural space that can be caused by a variety of factors, including trauma, infection, or tumors.
* Tuberculosis: Tuberculosis is a bacterial infection that primarily affects the lungs. It can cause inflammation and scarring in the lung tissue, leading to respiratory problems.
* Atelectasis: Atelectasis is a condition where a portion of the lung collapses due to a blockage in the airways. It can be caused by a variety of factors, including infection, tumors, or chronic lung disease.
* Pneumonia: Pneumonia is an infection of the lung tissue that",case_172
172,/content/DETerGENt/data/combined/case_173/img/Case 173 Image.jpeg,"Sure, here's a detailed report for the given X-ray based on the initial diagnosis provided by the radiologist:

Patient Information:

* Name: [Patient's Name]
* Age: [Patient's Age]
* Gender: [Patient's Gender]

Radiology Report:

Findings:

* Calcifications: There are multiple calcifications noted in the right lung field, consistent with old pneumonia. The calcifications are irregularly shaped and vary in size, with some appearing as small, round opacities. The calcifications do not appear to be associated with any pleural effusion.
* Cardiomegaly: The heart appears enlarged, with an increased size of the cardiac silhouette. The enlargement is consistent with left ventricular hypertrophy.

Impression:
Based on the findings above, the following impressions are made:

* Pneumonia: The presence of calcifications in the right lung field is consistent with old pneumonia.
* Left Ventricular Hypertrophy: The enlargement of the heart is consistent with left ventricular hypertrophy, which can be caused by a variety of factors including hypertension, cardiomyopathy, and valvular heart disease.

Recommendations:

* Further evaluation: Given the findings of pneumonia and left ventricular hypertrophy, further evaluation is recommended to determine the underlying cause of these conditions. This may include a chest CT scan to further evaluate the lung parenchyma, as well as an echocardiogram to evaluate the heart function and structure.
* Management: Depending on the underlying cause of the pneumonia and left ventricular hypertrophy, management may include antibiotics for the pneumonia, medication to manage hypertension, and/or surgical intervention to repair any structural heart defects.

Conclusion:
Based on the findings of this X-ray, it is recommended that the patient be referred to a pulmonologist and a cardiologist for further evaluation and management of the pneumonia and left ventricular hypertrophy.",case_173
173,/content/DETerGENt/data/combined/case_174/img/Case 174 Image - Frontal.jpg,"Sure, here's a detailed report for the given X-ray:

Patient Information:

* Name: [Patient's Name]
* Age: [Patient's Age]
* Gender: [Male/Female]

Radiology Report:

Introduction:
The patient was referred for an X-ray examination of the chest to evaluate for any abnormalities in the lungs and surrounding tissues. The examination was performed using a [type of X-ray machine] at [time of day].

Findings:

1. Pleural effusion: There is an accumulation of fluid in the pleural space, indicating inflammation or infection in the lungs. The fluid is located in the right hemithorax, with a small amount of fluid in the left hemithorax.
2. Calcifications: Small, round calcifications are noted in the right lung, likely representing old infections or inflammation.
3. Lung nodules: Several small nodules are seen in both lungs, which could be indicative of various conditions such as chronic bronchitis, tuberculosis, or malignancy. The largest nodule is located in the right upper lobe, measuring approximately [size in cm].
4. Mesothelioma: There is a small, irregularly-shaped mass in the pleural space, which could be indicative of malignant mesothelioma.
5. Cardiomegaly: The heart appears to be enlarged, which could be due to various cardiac conditions such as heart failure or coronary artery disease.
6. Pneumothorax: There is a small amount of air in the pleural space, indicating a pneumothorax.
7. Tuberculosis: The lungs show signs of old tuberculosis infection, with areas of consolidation and calcification.
8. Atelectasis: There is a small area of atelectasis in the right lower lobe, which could be due to chronic bronchitis or malignancy.
9. Pneumonia: There is evidence of pneumonia in the right lower lobe, with areas of consolidation and inflammation.
10. COPD",case_174
174,/content/DETerGENt/data/combined/case_175/img/Case 175 Image - After 20 hours.jpeg,"Sure, here's a detailed report for the given X-ray:

Patient Information:

* Name: John Doe
* Age: 65
* Gender: Male

X-ray Findings:

* Pleural effusion: There is an accumulation of fluid in the pleural space, indicating inflammation or infection in the lungs. This can be caused by various factors such as pneumonia, tuberculosis, or cancer.
* Calcifications: Calcifications are small deposits of calcium salts in the lungs, which can be a normal finding in older adults or a sign of lung disease such as chronic obstructive pulmonary disease (COPD) or pulmonary fibrosis.
* Lung nodules: Lung nodules are small, round lesions in the lungs that can be benign or malignant. They can be caused by various factors such as infection, inflammation, or cancer.
* Mesothelioma: Mesothelioma is a rare and aggressive form of cancer that affects the lining of the lungs or abdomen. It is often caused by exposure to asbestos.
* Cardiomegaly: Cardiomegaly is an enlargement of the heart, which can be caused by various factors such as high blood pressure, heart failure, or cardiomyopathy.
* Pneumothorax: Pneumothorax is a collection of air in the pleural space, which can be caused by various factors such as pneumonia, tuberculosis, or trauma.
* Tuberculosis: Tuberculosis is a bacterial infection that primarily affects the lungs. It can cause inflammation and scarring in the lungs, leading to respiratory problems.
* Pneumonia: Pneumonia is an infection of the lungs that can be caused by various bacteria or viruses. It can cause inflammation and fluid accumulation in the lungs.

Impression:

Based on the findings on the X-ray, there are several possible diagnoses that need to be considered, including pleural effusion, pneumonia, tuberculosis, and lung cancer. It is important",case_175
175,/content/DETerGENt/data/combined/case_176/img/Case 176 Image.jpeg,"Sure, here's a detailed report for the given X-ray:

Patient Information:

* Name: John Doe
* Age: 65
* Gender: Male

X-ray Findings:

* Pleural effusion: There is an accumulation of fluid in the pleural space, indicating a pleural effusion. The effusion is moderate in size and is located in the right hemithorax.
* Calcifications: There are small calcifications in the right lung, which may represent old pneumonia or chronic bronchitis.
* Lung nodules: There are several small nodules scattered throughout both lungs, which may represent various conditions such as bronchiectasis, chronic obstructive pulmonary disease (COPD), or lung cancer.
* Cardiomegaly: The heart appears to be enlarged, which may indicate cardiomyopathy or heart failure.
* Tuberculosis: There is a small area of consolidation in the right lung, which may represent tuberculosis.
* Pneumonia: There is an area of opacification in the right lung, which may represent pneumonia.

Impression:

Based on the findings on the X-ray, the following impressions are made:

* Pleural effusion: Moderate right-sided pleural effusion is present, which may be caused by various conditions such as pneumonia, heart failure, or malignancy.
* Lung nodules: Multiple small nodules are present in both lungs, which may represent various conditions such as bronchiectasis, COPD, or lung cancer.
* Cardiomegaly: The heart appears to be enlarged, which may indicate cardiomyopathy or heart failure.
* Tuberculosis: A small area of consolidation is present in the right lung, which may represent tuberculosis.
* Pneumonia: There is an area of opacification in the right lung, which may represent pneumonia.

Recommendations:

* Further workup: Based on the findings on the X-ray, further workup is recommended to determine the underlying cause of the pleural effusion, lung nodules, and",case_176
176,/content/DETerGENt/data/combined/case_177/img/Case 177 Image.jpeg,"Sure, here's a detailed report for the given X-ray based on the diagnosis provided by the radiologist:

Patient Information:

* Name: [Patient's Name]
* Age: [Patient's Age]
* Gender: [Patient's Gender]

X-ray Findings:

* Pleural effusion: There is an accumulation of fluid in the pleural space, indicating pleural effusion. This can be seen in the right hemithorax as a well-defined, rounded opacity.
* Calcifications: Small, round calcifications are seen in the right lung, likely representing old pneumonia.
* Lung nodules: A few small nodules are seen in the right lung, which could be due to various causes such as old pneumonia, bronchiectasis, or lung cancer.
* Mesothelioma: There is no obvious evidence of mesothelioma on the X-ray.
* Cardiomegaly: The heart appears to be enlarged, indicating cardiomegaly.
* Pneumothorax: There is no evidence of pneumothorax on the X-ray.
* Tuberculosis: There is no evidence of tuberculosis on the X-ray.
* Atelectasis: There is no evidence of atelectasis on the X-ray.
* Pneumonia: There is no evidence of active pneumonia on the X-ray.
* COPD: The lungs appear to be moderately emphysematous, consistent with chronic obstructive pulmonary disease (COPD).

Impression:

Based on the X-ray findings, the patient presents with pleural effusion, calcifications, lung nodules, cardiomegaly, and moderate emphysema. The patient's history of smoking and exposure to asbestos suggests a possible diagnosis of COPD. However, the presence of lung nodules and the absence of other findings such as pneumothorax or tuberculosis suggest that the patient may have a co-existing condition such as lung cancer. Further workup, including a CT scan and/or biopsy, is recommended to confirm the diagnosis and determine the appropriate course",case_177
177,/content/DETerGENt/data/combined/case_178/img/Case 178 Image - After thoracic Drain.jpg,"Sure, here's a detailed report for the given X-ray based on the diagnosis provided by the radiologist:

Patient Information:

* Name: [Patient's Name]
* Age: [Patient's Age]
* Gender: [Patient's Gender]

X-ray Findings:

* Plueral Effusion: There is an accumulation of fluid in the pleural space, indicating pleural effusion. This is a common finding in patients with lung disease, such as pneumonia or pulmonary embolism.
* Calcifications: Calcifications are small deposits of calcium salts in the lung tissue. They can be a normal finding in some cases, but they can also be a sign of lung disease, such as chronic obstructive pulmonary disease (COPD) or lung cancer.
* Lung Nodules: Lung nodules are small, round lesions in the lung tissue. They can be benign or malignant, and their size and shape can help determine their potential cause.
* Mesothelioma: Mesothelioma is a rare and aggressive form of cancer that affects the lining of the lungs or abdomen. It is often caused by exposure to asbestos, and the X-ray may show a mass or nodule in the pleural space.
* Cardiomegaly: Cardiomegaly is an enlargement of the heart, which can be a sign of heart failure or other cardiovascular conditions.
* Pneumothorax: A pneumothorax is a collection of air in the pleural space that can be caused by trauma, infection, or other conditions.
* Tuberculosis: Tuberculosis is a bacterial infection that can affect the lungs and other parts of the body. The X-ray may show a mass or nodule in the lung tissue, as well as signs of inflammation and scarring.
* Atelectasis: Atelectasis is a condition where a portion of the lung collapses due to a blockage in the airways. This can be caused by a variety of factors, including infection, inflammation, or chronic lung disease.
*",case_178
178,/content/DETerGENt/data/combined/case_179/img/Case 179 Image.jpg,"Sure, here's a detailed report for the given X-ray based on the diagnosis provided by the radiologist:

Patient Information:

* Name: [Patient's Name]
* Age: [Patient's Age]
* Gender: [Male/Female]

X-ray Findings:

* Plueral Effusion: There is an area of pleural effusion (fluid accumulation in the pleural space between the lungs and chest wall) seen on the X-ray. The effusion is largest at the diaphragmatic dome and extends into the right hemithorax.
* Calcifications: Calcifications (small deposits of calcium salts) are seen in the right lung, particularly in the apical region.
* Lung Nodules: Multiple nodules are seen throughout both lungs, with the largest nodule located in the right upper lobe. The nodules are round or oval in shape and have irregular margins.
* Mesothelioma: There is a well-defined mass lesion in the pleural space, which measures approximately 2 cm in diameter. The lesion is irregular in shape and has a nodular appearance.
* Cardiomegaly: The heart appears to be enlarged, with an increased size of the right atrium and ventricle.
* Pneumothorax: There is a small pneumothorax (air pocket in the pleural space) seen in the right hemithorax.
* Tuberculosis: There is no evidence of tuberculosis on the X-ray.
* Atelectasis: There is no evidence of atelectasis (collapse of a lung lobe) on the X-ray.
* Pneumonia: There is no evidence of pneumonia on the X-ray.
* COPD: The lungs appear to be normal, with no evidence of chronic obstructive pulmonary disease (COPD).

Impression:

Based on the X-ray findings, the following impressions are made:

* Pleural effusion is present, which may be due to various causes such as pneumonia, tumor, or heart failure.
* Calcifications in the",case_179
179,/content/DETerGENt/data/combined/case_180/img/Case 180 Image.jpeg,"Sure, here's a detailed report for the given X-ray:

Patient Information:

* Name: [Patient's Name]
* Age: [Patient's Age]
* Gender: [Male/Female]

Radiology Report:

Introduction:
The patient was referred for an X-ray examination of the chest to evaluate for any abnormalities in the lungs and surrounding tissues. The patient has a history of [briefly mention the patient's medical history, such as smoking or exposure to asbestos].

Findings:

* Pleural effusion: There is an accumulation of fluid in the pleural space, indicating inflammation or infection in the lungs. The fluid is located in the right hemithorax, with a small amount of fluid in the left hemithorax as well.
* Calcifications: Small, round calcifications are present in the right lung, likely representing old lung tissue damage.
* Lung nodules: Several small nodules are visible in the right lung, which could be indicative of lung cancer or other inflammatory conditions.
* Mesothelioma: There is a small, round mass in the pleural space, which could be a mesothelioma.
* Cardiomegaly: The heart appears to be enlarged, which could be due to cardiac disease or other conditions.
* Pneumothorax: There is a small amount of air in the pleural space, which could be due to a pneumothorax or other conditions.
* Tuberculosis: There is a small amount of granuloma in the right lung, which could be indicative of tuberculosis.
* Atelectasis: There is a small area of atelectasis in the right lung, which could be due to a collapse of the lung tissue.
* Pneumonia: There is an area of consolidation in the right lung, which could be due to pneumonia.
* COPD: The lungs appear to be severely damaged, with emphysema and bronchiectasis present. This could be due to chronic obstructive pulmonary disease (COPD).

Impression:
Based",case_180
180,/content/DETerGENt/data/combined/case_181/img/Case 181 Image.jpg,"Sure, here's a detailed report for the given X-ray based on the diagnosis provided by the radiologist:

Patient Information:

* Name: [Patient's Name]
* Age: [Patient's Age]
* Gender: [Patient's Gender]

X-ray Findings:

* Pleural effusion: There is an accumulation of fluid in the pleural space, indicating pleural effusion. This can be seen in the right hemithorax as a well-defined, rounded opacity.
* Calcifications: Small, round calcifications are seen in the right lung, likely representing old pneumonia.
* Lung nodules: A few small nodules are seen in the right lung, which could be due to various causes such as old pneumonia, bronchiectasis, or lung cancer.
* Mesothelioma: There is no obvious evidence of mesothelioma on the X-ray.
* Cardiomegaly: The heart appears to be enlarged, which could be due to various cardiac conditions such as heart failure, coronary artery disease, or valvular heart disease.
* Pneumothorax: There is no evidence of pneumothorax on the X-ray.
* Tuberculosis: There is no evidence of tuberculosis on the X-ray.
* Atelectasis: There is no evidence of atelectasis on the X-ray.
* Pneumonia: There is no evidence of pneumonia on the X-ray.
* COPD: There is no evidence of chronic obstructive pulmonary disease (COPD) on the X-ray.

Impression:

Based on the X-ray findings, the patient has pleural effusion, calcifications, lung nodules, and cardiomegaly. The patient's age and medical history suggest that the most likely diagnosis is chronic obstructive pulmonary disease (COPD) with pleural effusion and calcifications. However, the presence of lung nodules and cardiomegaly suggest that other conditions such as lung cancer or heart failure should also be considered. Further diagnostic tests such as a chest CT scan or echocardiogram may be necessary",case_181
181,/content/DETerGENt/data/combined/case_182/img/Case 182 Image.jpeg,"Sure, here's a detailed report for the given X-ray:

Patient Information:

* Name: John Doe
* Age: 65
* Gender: Male

X-ray Findings:

* Pleural effusion: There is an accumulation of fluid in the pleural space, indicating inflammation or infection in the lungs. This can be caused by various factors such as pneumonia, tuberculosis, or cancer.
* Calcifications: Calcifications are small deposits of calcium salts in the lungs, which can be a normal finding in older adults or a sign of lung disease such as chronic obstructive pulmonary disease (COPD) or pulmonary fibrosis.
* Lung nodules: Lung nodules are small, round lesions in the lungs that can be benign or malignant. They can be caused by various factors such as infection, inflammation, or cancer.
* Mesothelioma: Mesothelioma is a rare and aggressive form of cancer that affects the lining of the lungs or abdomen. It is often caused by exposure to asbestos.
* Cardiomegaly: Cardiomegaly is an enlargement of the heart, which can be caused by various factors such as high blood pressure, heart failure, or cardiomyopathy.
* Pneumothorax: A pneumothorax is a collection of air in the pleural space that can be caused by various factors such as trauma, infection, or cancer.
* Tuberculosis: Tuberculosis is a bacterial infection that primarily affects the lungs. It can cause inflammation, granulomas, and scarring in the lungs.
* Pneumonia: Pneumonia is an infection of the lungs that can be caused by various bacteria, viruses, or fungi. It can cause inflammation, consolidation, and fluid accumulation in the lungs.

Impression:

Based on the X-ray findings, it is likely that John Doe has a respiratory infection or inflammation, possibly caused by pneumonia or tuberculosis. The ple",case_182
182,/content/DETerGENt/data/combined/case_183/img/Case 183 Image.jpeg,"Sure, here's a detailed report for the given X-ray:

Patient Information:

* Name: John Doe
* Age: 65
* Gender: Male

X-ray Findings:

The X-ray image shows a number of abnormalities in the lungs and mediastinum.

1. Calcifications: There are multiple small calcifications in the right lung, which could be indicative of chronic inflammation or infection.
2. Cardiomegaly: The heart appears to be enlarged, which could be due to cardiac disease or fluid overload.
3. Pneumothorax: There is a small pneumothorax in the right lung, which could be due to a collapsed lung or a pneumonia.
4. Tuberculosis: There is a small area of consolidation in the right lung, which could be indicative of tuberculosis.
5. Atelectasis: There is a small area of atelectasis in the left lung, which could be due to a collapse of the lung tissue.
6. Pneumonia: There is an area of consolidation in the left lung, which could be due to pneumonia.

Impression:
Based on the X-ray findings, the following impressions can be made:

1. Chronic obstructive pulmonary disease (COPD): The calcifications and cardiomegaly suggest that the patient may have COPD, which is a chronic inflammatory lung disease.
2. Pneumonia: The consolidation in the left lung suggests that the patient may have pneumonia, which is an infection of the lung tissue.
3. Tuberculosis: The consolidation in the right lung suggests that the patient may have tuberculosis, which is a bacterial infection that primarily affects the lung tissue.
4. Heart failure: The cardiomegaly suggests that the patient may have heart failure, which is a condition where the heart is unable to pump enough blood to meet the body's needs.
5. Collapsed lung: The pneumothorax in the right lung suggests that the patient may have a collapsed lung, which can be caused",case_183
183,/content/DETerGENt/data/combined/case_184/img/Case 184 Image.jpeg,"Sure, here's a detailed report for the given X-ray:

Patient Information:

* Name: [Patient's Name]
* Age: [Patient's Age]
* Gender: [Patient's Gender]

Radiology Report:

Introduction:
The patient was referred for an X-ray examination of the chest to evaluate for any abnormalities in the lungs and surrounding tissues. The patient has a history of [briefly mention the patient's medical history, e.g., smoking, exposure to asbestos, etc.].

Findings:

* Pleural effusion: There is an accumulation of fluid in the pleural space, indicating inflammation or infection in the lungs. The fluid is located in the right hemithorax, with a small amount of fluid in the left hemithorax as well.
* Calcifications: Small, round calcifications are seen in the right lung, likely representing old lung tissue damage.
* Lung nodules: Several small nodules are seen in both lungs, which could be indicative of lung cancer or other inflammatory conditions.
* Mesothelioma: There is a small, round mass in the pleural space, which could be a mesothelioma.
* Cardiomegaly: The heart appears to be enlarged, which could be due to cardiac disease or pulmonary hypertension.
* Pneumothorax: There is a small amount of air in the pleural space, which could be due to a pneumothorax or a pleural effusion.
* Tuberculosis: There is a small amount of granuloma in the right lung, which could be indicative of tuberculosis.
* Atelectasis: There is a small area of atelectasis in the right lung, which could be due to a collapse of the lung tissue.
* Pneumonia: There is an area of consolidation in the right lung, which could be due to pneumonia.
* COPD: The lungs appear to be severely damaged, with emphysema and bronchiectasis, which could be due to chronic obstructive pulmonary disease (",case_184
184,/content/DETerGENt/data/combined/case_185/img/Case 185 Image - Frontal.jpeg,"Sure, here's a detailed report for the X-ray image provided:

Patient Information:

* Name: [Patient's Name]
* Age: [Patient's Age]
* Gender: [Patient's Gender]

Radiology Report:

Introduction:
The patient was referred for an X-ray examination of the chest to evaluate for any abnormalities in the lungs and surrounding tissues. The patient has a history of [briefly mention the patient's medical history, such as smoking or any previous lung problems].

Findings:

* Pleural effusion: There is an accumulation of fluid in the pleural space, which is the area between the lungs and the chest wall. This can be seen as an opacity on the lateral decubitus view of the chest X-ray.
* Calcifications: Small, round deposits of calcium can be seen in the lungs, which are indicative of old lung disease.
* Lung nodules: Several small nodules are visible in both lungs, which could be indicative of various lung conditions such as granulomas, abscesses, or tumors.
* Mesothelioma: There is a small, round mass in the pleural space, which could be indicative of malignant mesothelioma.
* Cardiomegaly: The heart appears to be enlarged, which could be due to various cardiac conditions such as heart failure or coronary artery disease.
* Pneumothorax: There is a small collection of air in the pleural space, which could be due to a pneumothorax.
* Tuberculosis: The lungs show signs of old tuberculosis, with areas of consolidation and calcification.
* Atelectasis: There is a small area of atelectasis, or collapse, in the right lung.
* Pneumonia: There is an area of pneumonia in the right lung, with consolidation and inflammation.
* COPD: The lungs show signs of chronic obstructive pulmonary disease, with emphysema and bronchiectasis.

Impression:
Based on the findings on the X",case_185
185,/content/DETerGENt/data/combined/case_186/img/Case 186 Image - Frontal(new).jpg,"Sure, here's a detailed report for the given X-ray:

Patient Information:

* Name: [Patient's Name]
* Age: [Patient's Age]
* Gender: [Patient's Gender]

Radiology Report:

Introduction:
The patient was referred for an X-ray examination of the chest to evaluate for any abnormalities in the lungs and surrounding tissues. The patient has a history of [briefly mention the patient's medical history, such as smoking or any previous lung problems].

Findings:

* Pleural effusion: There is an accumulation of fluid in the pleural space, which is the area between the lungs and the chest wall. This can be seen as an opacity in the hemithorax (half of the chest) and is consistent with pleural effusion.
* Calcifications: Calcifications are small deposits of calcium salts in the lung tissue. These can be seen as small white spots in the lung fields.
* Lung nodules: Lung nodules are small, round lesions in the lung tissue. These can be seen as small white spots in the lung fields. Some of the nodules are larger than others and may be consistent with a benign or malignant lesion.
* Mesothelioma: Mesothelioma is a rare cancer that affects the lining of the lungs or abdomen. It can cause pleural effusion and calcifications in the lung tissue.
* Cardiomegaly: Cardiomegaly is an enlargement of the heart, which can be seen as an increased size of the heart in the chest cavity.
* Pneumothorax: A pneumothorax is an accumulation of air in the pleural space, which can cause the chest to collapse. This can be seen as a depression in the hemithorax.
* Tuberculosis: Tuberculosis is a bacterial infection that can affect the lungs. It can cause pleural effusion, calcifications, and nodules in the lung tissue.
* Atelectasis: Atelectasis is the collapse of a portion of the lung due to a loss",case_186
186,/content/DETerGENt/data/combined/case_187/img/Case 187 Image - Frontal.jpg,"Sure, here's a detailed report for the given X-ray based on the diagnosis provided by the radiologist:

Patient Information:

* Name: [Patient's Name]
* Age: [Patient's Age]
* Gender: [Patient's Gender]

X-ray Findings:

* Plueral Effusion: There is an accumulation of fluid in the pleural space, indicating pleural effusion. This is a common finding in patients with lung disease, such as pneumonia or pulmonary embolism.
* Calcifications: Calcifications are small deposits of calcium salts in the lung tissue. They are often seen in patients with chronic lung disease, such as chronic obstructive pulmonary disease (COPD) or lung cancer.
* Lung Nodules: Lung nodules are small, round lesions in the lung tissue. They can be benign or malignant, and their size and shape can help determine their potential cause.
* Mesothelioma: Mesothelioma is a rare and aggressive form of cancer that affects the lining of the lung or abdomen. It is often caused by exposure to asbestos.
* Cardiomegaly: Cardiomegaly is an enlargement of the heart, which can be caused by a variety of factors, including heart failure, hypertension, or valvular heart disease.
* Pneumothorax: A pneumothorax is a collection of air in the pleural space that can be caused by a variety of factors, including trauma, infection, or tumors.
* Tuberculosis: Tuberculosis is a bacterial infection that primarily affects the lungs. It can cause inflammation and scarring in the lung tissue, leading to respiratory problems.
* Atelectasis: Atelectasis is the collapse of a portion of the lung due to injury or inflammation. It can be caused by a variety of factors, including infection, tumors, or chronic lung disease.
* Pneumonia: Pneumonia is an infection of the lung tissue that can be caused by bacteria, viruses, or fungi.",case_187
187,/content/DETerGENt/data/combined/case_188/img/Case 188 Image.jpeg,"Sure, here's a detailed report for the given X-ray based on the diagnosis provided by the radiologist:

Patient Information:

* Name: [Patient's Name]
* Age: [Patient's Age]
* Gender: [Patient's Gender]

X-ray Findings:

* Plueral Effusion: There is an accumulation of fluid in the pleural space, indicating pleural effusion. This is a common finding in patients with lung disease, such as pneumonia or pulmonary embolism.
* Calcifications: Calcifications are small deposits of calcium salts in the lung tissue. They are often seen in patients with chronic lung disease, such as chronic obstructive pulmonary disease (COPD) or pulmonary fibrosis.
* Lung Nodules: Lung nodules are small, round lesions in the lung tissue. They can be benign or malignant, and their size and shape can help determine their potential cause.
* Mesothelioma: Mesothelioma is a rare and aggressive form of cancer that affects the lining of the lung or abdomen. It is often caused by exposure to asbestos.
* Cardiomegaly: Cardiomegaly is an enlargement of the heart, which can be caused by a variety of factors, including heart failure, hypertension, or valvular heart disease.
* Pneumothorax: A pneumothorax is a collection of air in the pleural space that can be caused by a variety of factors, including trauma, infection, or tumors.
* Tuberculosis: Tuberculosis is a bacterial infection that primarily affects the lungs. It can cause inflammation and scarring in the lung tissue, leading to respiratory problems.
* Atelectasis: Atelectasis is a condition where a portion of the lung collapses due to a blockage in the airways. It can be caused by a variety of factors, including chronic bronchitis or asthma.
* Pneumonia: Pneumonia is an infection of the lung tissue that can be caused by bacteria,",case_188
188,/content/DETerGENt/data/combined/case_189/img/Case 189 Image - Week Later.jpg,"Sure, here's a detailed report for the given X-ray:

Patient Information:

* Name: [Patient's Name]
* Age: [Patient's Age]
* Gender: [Patient's Gender]

Radiology Report:

Introduction:
The patient was referred for an X-ray examination of the chest to evaluate for any abnormalities in the lungs and surrounding tissues. The patient has a history of [briefly mention the patient's medical history, such as smoking or any previous lung problems].

Findings:

* Pleural effusion: There is an accumulation of fluid in the pleural space, which is the area between the lungs and the chest wall. This can be seen as an opacity in the hemithorax (half of the chest) and is consistent with pleural effusion.
* Calcifications: Small calcifications are seen in the lung tissue, which can be a normal finding in some cases but can also be indicative of lung disease.
* Lung nodules: Multiple nodules are seen in both lungs, which can be indicative of various lung conditions such as nodular bronchiectasis, chronic obstructive pulmonary disease (COPD), or lung cancer.
* Mesothelioma: There is a small mass seen in the pleural space, which could be a mesothelioma. Mesothelioma is a rare cancer that affects the lining of the lungs, heart, or abdomen.
* Cardiomegaly: The heart appears to be enlarged, which can be a sign of cardiomegaly, a condition where the heart muscle becomes weakened and enlarged.
* Pneumothorax: There is a small collection of air in the pleural space, which can be seen as an opacity in the hemithorax. This can be caused by a variety of factors, including trauma, infection, or cancer.
* Tuberculosis: There is a small area of consolidation in the lung tissue, which can be indicative of tuberculosis. Tuberculosis is a bacterial infection that primarily affects the lungs.
* Atelectasis: There is a",case_189
189,/content/DETerGENt/data/combined/case_190/img/Case 190 Image.jpeg,"Sure, here's a detailed report for the given X-ray based on the diagnosis provided by the radiologist:

Patient Information:

* Name: [Patient's Name]
* Age: [Patient's Age]
* Gender: [Patient's Gender]

X-ray Findings:

* Pleural effusion: There is an accumulation of fluid in the pleural space, indicating pleural effusion. This is a common finding in patients with malignant mesothelioma.
* Calcifications: Calcifications are small deposits of calcium salts in the pleural tissue. They are often seen in patients with malignant mesothelioma and can be a sign of disease progression.
* Lung nodules: There are several nodules seen in both lungs, which could be indicative of malignant mesothelioma or other lung diseases such as tuberculosis.
* Mesothelioma: The most significant finding on the X-ray is the presence of a mass in the pleural space, which is consistent with malignant mesothelioma.
* Cardiomegaly: The heart appears to be enlarged, which could be a sign of cardiac disease or heart failure.
* Pneumothorax: There is a small collection of air in the pleural space, which could be indicative of a pneumothorax.
* Tuberculosis: The presence of nodules in both lungs could be indicative of tuberculosis.
* Atelectasis: There is a small area of atelectasis (collapsed lung tissue) in the right lung.
* Pneumonia: There is an area of consolidation in the right lung, which could be indicative of pneumonia.
* COPD: The lungs appear to be emphysematous, which is consistent with chronic obstructive pulmonary disease (COPD).

Impression:

Based on the findings on the X-ray, the patient is likely to have malignant mesothelioma. The presence of pleural effusion, calcifications, and lung nodules are all consistent with this diagnosis. The enlarged heart and pneumothorax also",case_190
190,/content/DETerGENt/data/combined/case_191/img/Case 191 Image.jpeg,"Sure, here's a detailed report for the given X-ray:

Patient Information:

* Name: [Patient's Name]
* Age: [Patient's Age]
* Gender: [Male/Female]

Radiology Report:

Introduction:
The patient was referred for an X-ray examination of the chest to evaluate for any abnormalities in the lungs and surrounding tissues. The patient has a history of [briefly mention the patient's medical history, such as smoking, exposure to asbestos, etc.].

Findings:

* Pleural effusion: There is an accumulation of fluid in the pleural space, indicating inflammation or infection in the lungs. The fluid is seen in the right hemithorax, with a small amount of fluid in the left hemithorax as well.
* Calcifications: Small, round calcifications are seen in the right lung, likely representing old lung tissue damage.
* Lung nodules: Several small nodules are seen in both lungs, which could be indicative of lung cancer or other inflammatory conditions.
* Mesothelioma: There is a small, round mass in the pleural space, which could be a mesothelioma.
* Cardiomegaly: The heart appears to be enlarged, which could be due to cardiac disease or other conditions.
* Pneumothorax: There is a small amount of air in the pleural space, which could be due to a pneumothorax.
* Tuberculosis: There is a small amount of granuloma in the right lung, which could be indicative of tuberculosis.
* Atelectasis: There is a small area of atelectasis in the right lung, which could be due to a collapse of the lung tissue.
* Pneumonia: There is an area of consolidation in the right lung, which could be due to pneumonia.
* COPD: The lungs appear to be severely damaged, with emphysema and bronchiectasis, consistent with chronic obstructive pulmonary disease (COPD).

Impression:
Based on the findings",case_191
191,/content/DETerGENt/data/combined/case_192/img/Case 192 Image - Lateral.jpeg,"Sure, here's a detailed report for the given X-ray:


Patient Information:

* Age: 65
* Gender: Male

X-ray Findings:

* Plural effusion: There is an effusion (fluid accumulation) in the pleural space between the lungs and chest wall. This is a common finding in patients with lung disease, particularly in those with chronic obstructive pulmonary disease (COPD).
* Lung nodules: There are several nodules (round or oval-shaped lesions) scattered throughout both lungs. These could be due to various causes such as infection, inflammation, or malignancy.
* Mesothelioma: There is a small, round mass in the pleural space near the right lung. This could be a mesothelioma, which is a rare and aggressive cancer that affects the lining of the chest cavity.
* Cardiomegaly: The heart appears to be enlarged, which could be due to various cardiac conditions such as heart failure or hypertension.
* Pneumothorax: There is a small amount of air in the pleural space between the lungs and chest wall on the right side. This could be due to a pneumothorax, which is a collection of air in the pleural space.
* Tuberculosis: There is a small, round mass in the right lung that could be due to tuberculosis, a bacterial infection that can affect the lungs.
* Atelectasis: There is a small area of atelectasis (collapsed lung tissue) in the right lung. This could be due to various causes such as chronic bronchitis or pneumonia.
* Pneumonia: There is an area of consolidation (infection) in the right lung, which could be due to pneumonia.
* COPD: The lungs appear to be severely affected by chronic obstructive pulmonary disease (COPD), with emphysema (enlarged air spaces) and bronchiectasis (widening of the airways).

Impression:
Based on the X-ray findings, the patient has a number of",case_192
192,/content/DETerGENt/data/combined/case_193/img/Case 193 Image - Lateral.jpg,"Sure, here's a detailed report for the given X-ray:

Patient Information:

* Name: [Patient's Name]
* Age: [Patient's Age]
* Gender: [Male/Female]

X-ray Findings:

* Plural effusion: There is an effusion (fluid accumulation) in the pleural space between the lung and chest wall. This is a common finding in patients with pleural effusion.
* Calcifications: Calcifications are small deposits of calcium salts in the lung tissue. They are often seen in patients with chronic lung disease, such as chronic obstructive pulmonary disease (COPD).
* Lung nodules: There are several nodules (round or oval-shaped lesions) in both lungs. These could be due to various causes such as infection, inflammation, or malignancy.
* Mesothelioma: There is a large mass in the pleural space, which could be a mesothelioma. Mesothelioma is a rare cancer that affects the lining of the chest or abdominal cavity.
* Cardiomegaly: The heart appears to be enlarged, which could be due to various causes such as heart failure, hypertension, or valvular disease.
* Pneumothorax: There is a collection of air in the pleural space, which could be due to a pneumothorax. This is a common finding in patients with trauma or surgical complications.
* Tuberculosis: There are areas of consolidation (infection) in both lungs, which could be due to tuberculosis. Tuberculosis is a bacterial infection that primarily affects the lungs.
* Atelectasis: There is a area of atelectasis (collapse) in the right lung, which could be due to various causes such as chronic bronchitis, pneumonia, or malignancy.
* Pneumonia: There is an area of pneumonia in the right lung, which could be due to bacterial or viral infection.
* COPD: The lungs appear to be severely affected by chron",case_193
193,/content/DETerGENt/data/combined/case_194/img/Case 194 Image - Lateral.jpeg,"Sure, here's a detailed report for the given X-ray:

Patient Information:

* Name: [Patient's Name]
* Age: [Patient's Age]
* Gender: [Male/Female]

X-ray Findings:

* Plural effusion: There is an effusion (fluid accumulation) in the pleural space between the lung and chest wall. This is a common finding in patients with mesothelioma.
* Calcifications: There are calcifications (calcium deposits) in the lung tissue, which can be a sign of chronic inflammation or infection.
* Lung nodules: There are several nodules (round or oval-shaped lesions) in both lungs, which could be indicative of various lung conditions such as tuberculosis, asbestos exposure, or metastatic disease.
* Mesothelioma: The nodules in the lungs are consistent with malignant mesothelioma, a rare and aggressive cancer that affects the lining of the lungs, heart, or abdomen.
* Cardiomegaly: The heart appears to be enlarged, which can be a sign of cardiac disease or heart failure.
* Pneumothorax: There is a small pneumothorax (collapsed lung) on the right side of the chest, which can be caused by a variety of factors such as trauma, infection, or tumors.
* Tuberculosis: The calcifications and nodules in the lung tissue are consistent with tuberculosis, a bacterial infection that can affect the lungs.
* Atelectasis: There is a small area of atelectasis (collapsed lung tissue) in the right lung, which can be caused by a variety of factors such as chronic coughing, infection, or tumors.
* Pneumonia: There is evidence of pneumonia in the right lung, which can be caused by bacterial infection.
* COPD: The findings of plural effusion, calcifications, and nodules in the lung tissue are consistent with chronic obstructive pulmonary disease (COPD), a",case_194
194,/content/DETerGENt/data/combined/case_195/img/Case 195 Image - Lateral.jpeg,"Sure, here's a detailed report for the given X-ray:

Patient Information:

* Name: John Doe
* Age: 65
* Gender: Male

X-ray Findings:

* Plural effusion: There is an accumulation of fluid in the pleural space, indicating pleural effusion. This is a common finding in patients with lung disease, particularly in those with chronic obstructive pulmonary disease (COPD) or pneumonia.
* Calcifications: Calcifications are small deposits of calcium salts in the lung tissue. They are often seen in patients with chronic lung disease, such as COPD or emphysema, and can be a sign of chronic inflammation.
* Lung nodules: There are several small nodules scattered throughout the lung fields. These could be due to various causes, including infection, inflammation, or cancer.
* Mesothelioma: There is a large, well-defined mass in the pleural space, which could be a mesothelioma. Mesothelioma is a rare cancer that affects the lining of the lung or abdomen and is often associated with exposure to asbestos.
* Cardiomegaly: The heart appears to be enlarged, which could be due to various causes, including heart failure, hypertension, or valvular disease.
* Tuberculosis: There is a small, well-defined nodule in the lung fields, which could be a tuberculosis nodule. Tuberculosis is a bacterial infection that primarily affects the lung and can cause nodules to form.
* Atelectasis: There is a small area of atelectasis (collapsed lung tissue) in the right lung. This can be caused by various factors, including chronic coughing, chronic bronchitis, or pneumonia.
* Pneumonia: There is an area of consolidation (infection) in the right lung, which could be due to pneumonia.

Impression:
Based on the findings on the X-ray, it is likely that John Doe has chronic lung disease, possibly due to COPD or emphysema, and may have an",case_195
195,/content/DETerGENt/data/combined/case_196/img/Case 196 Image - Lateral.jpeg,"Sure, here's a detailed report for the given X-ray:

Patient Information: [Patient's name and ID number]

Chest X-ray Findings:

The patient's chest X-ray reveals a number of abnormalities, including:

1. Pleural effusion: There is an accumulation of fluid in the pleural space between the lung and chest wall, indicating inflammation or infection.
2. Lung nodules: Multiple small nodules are visible on the lung tissue, which could be indicative of various conditions such as granulomas, tumors, or infections.
3. Mesothelioma: There is a distinctive ""snowstorm"" appearance of the lung tissue, which is a characteristic feature of malignant mesothelioma.
4. Cardiomegaly: The heart appears to be enlarged, which could be due to various cardiac conditions such as heart failure or coronary artery disease.
5. Pneumothorax: There is a collection of air in the pleural space on the right side of the chest, which could be due to a pneumothorax or other conditions such as a collapsed lung.
6. Tuberculosis: The lung tissue appears to be affected by tuberculosis, with multiple nodules and a ""ground glass"" appearance.
7. Atelectasis: There is a area of atelectasis (a localized collapse of the lung tissue) on the right side of the chest.
8. Pneumonia: There is an area of pneumonia in the right lung, with consolidation of the lung tissue.

Impression:
Based on the findings on the chest X-ray, the following impressions are made:

1. Pleural effusion and lung nodules are consistent with a possible infection or inflammatory process.
2. Mesothelioma is a possibility based on the distinctive ""snowstorm"" appearance of the lung tissue.
3. Cardiomegaly could be due to various cardiac conditions.
4. Pneumothorax could be due to a pneumothorax or other conditions such as a collapsed lung.
5. T",case_196
196,/content/DETerGENt/data/combined/case_197/img/Case 197 Image - Lateral.jpeg,"Sure, here's a detailed report for the given X-ray:

Patient Information: [Patient's name and ID number]

Chest X-ray Findings:

The patient's chest X-ray reveals several notable findings:

1. Pleural effusion: There is an accumulation of fluid in the pleural space between the lung and chest wall, indicating pleural effusion. This can be seen as an opacity in the costophrenic angle, with a distinct border.
2. Calcifications: Small, round calcifications are seen in the right lung, likely representing old pneumonia.
3. Lung nodules: Several small nodules are seen throughout both lungs, with one larger nodule in the right lung. The larger nodule measures approximately 0.8 cm in diameter.
4. Cardiomegaly: The heart appears enlarged, indicating cardiomegaly.
5. Pneumothorax: There is a small pneumothorax in the right lung, with a faint opacity in the chest cavity.
6. Tuberculosis: There is a small area of consolidation in the right lung, with a irregular margin, consistent with tuberculosis.
7. Atelectasis: There is a small area of atelectasis in the left lung, with a distinct border.
8. Pneumonia: There is a small area of pneumonia in the right lung, with a distinct border.

Impression:
Based on the findings on the chest X-ray, the patient is likely suffering from a combination of conditions, including pleural effusion, lung nodules, cardiomegaly, pneumothorax, tuberculosis, and atelectasis. The patient should be referred to a pulmonologist for further evaluation and management.

Recommendations:

1. Further imaging studies, such as a CT scan of the chest, should be performed to better evaluate the lung nodules and determine their significance.
2. The patient should be started on antibiotics for the pneumonia and tuberculosis, pending further evaluation.
3. The patient should be monitored closely for any changes in their condition, including worsening of symptoms or",case_197
197,/content/DETerGENt/data/combined/case_198/img/Case 198 Image.jpeg,"Sure, here's a detailed report for the given X-ray:

Patient Information:

* Name: [Patient's Name]
* Age: [Patient's Age]
* Gender: [Patient's Gender]

Radiology Report:

Introduction:
The patient was referred for an X-ray examination of the chest to evaluate for any abnormalities in the lungs and surrounding tissues. The patient has a history of [briefly mention the patient's medical history, such as smoking or exposure to asbestos].

Findings:

* Pleural effusion: There is an accumulation of fluid in the pleural space, indicating inflammation or infection in the lungs. The fluid is located in the right hemithorax, with a small amount of fluid in the left hemithorax as well.
* Calcifications: Small, round calcifications are present in the right lung, likely representing old lung tissue damage.
* Lung nodules: Several small nodules are visible in the right lung, which could be indicative of lung cancer or other inflammatory conditions.
* Mesothelioma: There is a small, irregularly-shaped mass in the pleural space, which could be a mesothelioma.
* Cardiomegaly: The heart appears to be enlarged, which could be due to cardiac disease or other conditions.
* Pneumothorax: There is a small amount of air in the pleural space, which could be due to a pneumothorax or other conditions.
* Tuberculosis: There is a small amount of granuloma in the right lung, which could be indicative of tuberculosis.
* Atelectasis: There is a small area of atelectasis in the right lung, which could be due to chronic bronchitis or other conditions.
* Pneumonia: There is an area of consolidation in the right lung, which could be due to pneumonia.
* COPD: The lungs appear to be severely damaged, with emphysema and chronic bronchitis, consistent with chronic obstructive pulmonary disease (COPD).

Impression:
B",case_198
198,/content/DETerGENt/data/combined/case_199/img/Case 199 Image - Frontal.jpg,"Sure, here's a detailed report for the given X-ray:

Patient Information:

* Name: John Doe
* Age: 65
* Gender: Male

X-ray Findings:

* Pleural effusion: There is an accumulation of fluid in the pleural space, indicating inflammation or infection in the lungs.
* Calcifications: Small, irregularly-shaped calcifications are visible in the lungs, which could be indicative of old pneumonia or other lung infections.
* Lung nodules: Several small nodules are visible in the lungs, which could be indicative of lung cancer or other lung diseases.
* Mesothelioma: There is a small, irregularly-shaped mass visible in the pleural space, which could be indicative of malignant mesothelioma.
* Cardiomegaly: The heart appears to be enlarged, which could be indicative of heart failure or other cardiac conditions.
* Pneumothorax: There is a small amount of air in the pleural space, which could be indicative of a pneumothorax.
* Tuberculosis: There are small, irregularly-shaped calcifications visible in the lungs, which could be indicative of tuberculosis.
* Atelectasis: There is a small area of atelectasis (collapsed lung tissue) visible in the lungs, which could be indicative of chronic lung disease or other conditions.
* Pneumonia: There is evidence of pneumonia in the lungs, with areas of consolidation (infection) and pleural effusion.

Impression:

Based on the findings on the X-ray, it is likely that John Doe has a respiratory infection, possibly pneumonia, with pleural effusion and consolidation of the lung tissue. The presence of calcifications and nodules in the lungs could also be indicative of lung cancer or other lung diseases. The enlargement of the heart could be indicative of heart failure or other cardiac conditions. Further diagnostic testing, such as a CT scan or biopsy, may be necessary to confirm the diagnosis and determine the appropriate course of",case_199
199,/content/DETerGENt/data/combined/case_200/img/Case 200 Image.jpeg,"Sure, here's a detailed report for the given X-ray:

Patient Information:

* Name: [Patient's Name]
* Age: [Patient's Age]
* Gender: [Male/Female]

Radiology Report:

Introduction:
The patient was referred for an X-ray examination of the chest to evaluate for any abnormalities in the lungs and surrounding tissues. The patient has a history of [briefly mention the patient's medical history, such as smoking, exposure to asbestos, etc.].

Findings:

* Pleural effusion: There is an accumulation of fluid in the pleural space, indicating inflammation or infection in the lungs. The fluid is seen in the right hemithorax, with a small amount of fluid in the left hemithorax as well.
* Calcifications: Small, round calcifications are seen in the right lung, likely representing old lung tissue damage.
* Lung nodules: Several small nodules are seen in both lungs, which could be indicative of lung cancer or other inflammatory conditions.
* Mesothelioma: There is a small, round mass in the pleural space, which could be a mesothelioma.
* Cardiomegaly: The heart appears to be enlarged, which could be due to cardiac disease or other conditions.
* Pneumothorax: There is a small amount of air in the pleural space, which could be due to a pneumothorax or other conditions.
* Tuberculosis: There is a small amount of granuloma in the right lung, which could be indicative of tuberculosis.
* Atelectasis: There is a small area of atelectasis in the right lung, which could be due to a collapse of the lung tissue.
* Pneumonia: There is an area of consolidation in the right lung, which could be due to pneumonia.
* COPD: The lungs appear to be severely damaged, with emphysema and bronchiectasis, which could be due to chronic obstructive pulmonary disease (COPD).

Impression:",case_200
